timestamp,traffic
2025-01-01 00:00:00,20.761792778538613
2025-01-01 00:15:00,17.400734526069453
2025-01-01 00:30:00,21.877517904713383
2025-01-01 00:45:00,22.353498066714426
2025-01-01 01:00:00,15.12519823892567
2025-01-01 01:15:00,16.748047291458743
2025-01-01 01:30:00,20.323833299869644
2025-01-01 01:45:00,19.21442942373231
2025-01-01 02:00:00,19.964001665029123
2025-01-01 02:15:00,17.87475103478077
2025-01-01 02:30:00,22.208084820047688
2025-01-01 02:45:00,21.95818142036579
2025-01-01 03:00:00,20.186779569721953
2025-01-01 03:15:00,22.85549860177742
2025-01-01 03:30:00,21.236410327326624
2025-01-01 03:45:00,17.975948537177477
2025-01-01 04:00:00,21.147998608602823
2025-01-01 04:15:00,18.005587643480247
2025-01-01 04:30:00,22.89271649913933
2025-01-01 04:45:00,21.03999759055247
2025-01-01 05:00:00,21.417030308385616
2025-01-01 05:15:00,21.219176340654954
2025-01-01 05:30:00,27.43038165929597
2025-01-01 05:45:00,25.917991980435172
2025-01-01 06:00:00,27.67466280642803
2025-01-01 06:15:00,30.79489742425517
2025-01-01 06:30:00,36.32938426747005
2025-01-01 06:45:00,39.454085994431615
2025-01-01 07:00:00,43.08458838258733
2025-01-01 07:15:00,46.31590602909839
2025-01-01 07:30:00,53.147192729265804
2025-01-01 07:45:00,48.432334953357945
2025-01-01 08:00:00,48.7416180091003
2025-01-01 08:15:00,47.41532981356936
2025-01-01 08:30:00,49.335800657562714
2025-01-01 08:45:00,48.06545213625926
2025-01-01 09:00:00,41.77344629523698
2025-01-01 09:15:00,36.447034610912944
2025-01-01 09:30:00,32.94575407176088
2025-01-01 09:45:00,33.31146395784579
2025-01-01 10:00:00,30.614793476525186
2025-01-01 10:15:00,27.674845575613958
2025-01-01 10:30:00,22.724458404353236
2025-01-01 10:45:00,23.517855445191337
2025-01-01 11:00:00,22.188973070802096
2025-01-01 11:15:00,21.732447338691813
2025-01-01 11:30:00,22.90027131411522
2025-01-01 11:45:00,20.99355781151116
2025-01-01 12:00:00,21.9662261431989
2025-01-01 12:15:00,20.354529843641277
2025-01-01 12:30:00,20.883004257042895
2025-01-01 12:45:00,21.759735510489392
2025-01-01 13:00:00,16.606493638220343
2025-01-01 13:15:00,19.574465739349012
2025-01-01 13:30:00,19.397589300186855
2025-01-01 13:45:00,19.28025161098808
2025-01-01 14:00:00,20.634950462507376
2025-01-01 14:15:00,25.69241271696413
2025-01-01 14:30:00,20.661071850634844
2025-01-01 14:45:00,26.408923458304884
2025-01-01 15:00:00,21.285749661201873
2025-01-01 15:15:00,26.54155469115761
2025-01-01 15:30:00,30.071690090319706
2025-01-01 15:45:00,33.806577477499154
2025-01-01 16:00:00,37.13857350506936
2025-01-01 16:15:00,40.6180721276577
2025-01-01 16:30:00,41.16148019447506
2025-01-01 16:45:00,44.23403193555646
2025-01-01 17:00:00,50.658910324193734
2025-01-01 17:15:00,50.72946921375977
2025-01-01 17:30:00,50.09744643996284
2025-01-01 17:45:00,51.76703604581069
2025-01-01 18:00:00,52.75137507270406
2025-01-01 18:15:00,55.84454499060715
2025-01-01 18:30:00,53.64550468777717
2025-01-01 18:45:00,52.938110560006905
2025-01-01 19:00:00,47.45139520342698
2025-01-01 19:15:00,45.79320589156333
2025-01-01 19:30:00,43.60560315176236
2025-01-01 19:45:00,37.87106101537671
2025-01-01 20:00:00,36.51355746759642
2025-01-01 20:15:00,30.698707976519632
2025-01-01 20:30:00,28.77106244219105
2025-01-01 20:45:00,26.4396993761214
2025-01-01 21:00:00,22.519985460927877
2025-01-01 21:15:00,25.223692984882735
2025-01-01 21:30:00,21.67152534160464
2025-01-01 21:45:00,22.006956249788814
2025-01-01 22:00:00,22.546449172219518
2025-01-01 22:15:00,22.016277885614873
2025-01-01 22:30:00,22.25934196760628
2025-01-01 22:45:00,20.147760203809153
2025-01-01 23:00:00,19.20554987305187
2025-01-01 23:15:00,19.983022699879154
2025-01-01 23:30:00,15.914515143823586
2025-01-01 23:45:00,16.48598730906078
2025-01-02 00:00:00,16.759925431875743
2025-01-02 00:15:00,17.5742521062762
2025-01-02 00:30:00,21.067499865615048
2025-01-02 00:45:00,17.805063020945454
2025-01-02 01:00:00,19.124054209070998
2025-01-02 01:15:00,23.318241186688915
2025-01-02 01:30:00,19.18024674790708
2025-01-02 01:45:00,21.915499209368193
2025-01-02 02:00:00,17.738634742374366
2025-01-02 02:15:00,19.56044134265486
2025-01-02 02:30:00,17.70120912922338
2025-01-02 02:45:00,19.23279327565123
2025-01-02 03:00:00,22.189147553071617
2025-01-02 03:15:00,15.78576890998568
2025-01-02 03:30:00,21.220370464170365
2025-01-02 03:45:00,20.78519308382548
2025-01-02 04:00:00,18.807421142763804
2025-01-02 04:15:00,16.85432389319082
2025-01-02 04:30:00,20.943588898765036
2025-01-02 04:45:00,19.907754978967812
2025-01-02 05:00:00,22.52755112924474
2025-01-02 05:15:00,23.042804949082626
2025-01-02 05:30:00,28.4451499245224
2025-01-02 05:45:00,25.77260100053383
2025-01-02 06:00:00,26.253413013890352
2025-01-02 06:15:00,32.19009477147575
2025-01-02 06:30:00,35.615277397125304
2025-01-02 06:45:00,42.005119155231725
2025-01-02 07:00:00,44.20720935199302
2025-01-02 07:15:00,46.197705553061674
2025-01-02 07:30:00,51.51800533874777
2025-01-02 07:45:00,46.54313924212157
2025-01-02 08:00:00,48.489520383513984
2025-01-02 08:15:00,47.19999616428445
2025-01-02 08:30:00,46.888001976843775
2025-01-02 08:45:00,41.86798041917548
2025-01-02 09:00:00,43.712866690019396
2025-01-02 09:15:00,38.05854344418154
2025-01-02 09:30:00,31.396615758341543
2025-01-02 09:45:00,29.2127086688744
2025-01-02 10:00:00,29.607117050751285
2025-01-02 10:15:00,28.478950708196137
2025-01-02 10:30:00,29.446734285413655
2025-01-02 10:45:00,30.288782686152075
2025-01-02 11:00:00,22.99995651474948
2025-01-02 11:15:00,18.778554930398837
2025-01-02 11:30:00,15.458258051025688
2025-01-02 11:45:00,21.170521979043258
2025-01-02 12:00:00,18.303263880852562
2025-01-02 12:15:00,19.21386340307905
2025-01-02 12:30:00,18.696638146277632
2025-01-02 12:45:00,19.896212113461292
2025-01-02 13:00:00,22.98100814843783
2025-01-02 13:15:00,20.832939582464842
2025-01-02 13:30:00,20.243608226931336
2025-01-02 13:45:00,18.354986233141123
2025-01-02 14:00:00,17.20277311242241
2025-01-02 14:15:00,20.805964049804025
2025-01-02 14:30:00,22.757867646431365
2025-01-02 14:45:00,28.4747267393851
2025-01-02 15:00:00,25.88528477753281
2025-01-02 15:15:00,29.902290427288904
2025-01-02 15:30:00,28.483242814818528
2025-01-02 15:45:00,29.44533661666761
2025-01-02 16:00:00,33.0143895336155
2025-01-02 16:15:00,36.88831326192772
2025-01-02 16:30:00,47.42114158979329
2025-01-02 16:45:00,43.40311910276613
2025-01-02 17:00:00,50.676868014000924
2025-01-02 17:15:00,49.01708646435545
2025-01-02 17:30:00,55.682269164102465
2025-01-02 17:45:00,55.62930587969326
2025-01-02 18:00:00,54.72508542717208
2025-01-02 18:15:00,54.566411198743374
2025-01-02 18:30:00,51.71914549263649
2025-01-02 18:45:00,52.3937520621519
2025-01-02 19:00:00,47.44874250202558
2025-01-02 19:15:00,42.399516638062636
2025-01-02 19:30:00,38.913457614654185
2025-01-02 19:45:00,39.142571542591824
2025-01-02 20:00:00,39.38602189833819
2025-01-02 20:15:00,32.82017624672907
2025-01-02 20:30:00,29.448775626938236
2025-01-02 20:45:00,28.175283843732792
2025-01-02 21:00:00,28.841263312776753
2025-01-02 21:15:00,24.621392419937635
2025-01-02 21:30:00,21.884387498636322
2025-01-02 21:45:00,24.80811711172853
2025-01-02 22:00:00,22.483148004717993
2025-01-02 22:15:00,24.806014309139208
2025-01-02 22:30:00,21.12063967183829
2025-01-02 22:45:00,17.399475719390676
2025-01-02 23:00:00,16.910072038657304
2025-01-02 23:15:00,24.37631244133249
2025-01-02 23:30:00,24.508689914286116
2025-01-02 23:45:00,19.72164484052121
2025-01-03 00:00:00,19.175380543530995
2025-01-03 00:15:00,23.787654289494625
2025-01-03 00:30:00,17.367124477306948
2025-01-03 00:45:00,17.898617495565254
2025-01-03 01:00:00,21.744451964501295
2025-01-03 01:15:00,19.150332018683994
2025-01-03 01:30:00,20.124776392369682
2025-01-03 01:45:00,19.72977742549841
2025-01-03 02:00:00,20.983289698005606
2025-01-03 02:15:00,23.65941427421744
2025-01-03 02:30:00,20.369400917363404
2025-01-03 02:45:00,21.756897332203994
2025-01-03 03:00:00,15.029621340459785
2025-01-03 03:15:00,20.04894834675047
2025-01-03 03:30:00,18.09291006318276
2025-01-03 03:45:00,17.21049581054493
2025-01-03 04:00:00,18.164089498293126
2025-01-03 04:15:00,19.700834311019143
2025-01-03 04:30:00,23.119695868979612
2025-01-03 04:45:00,17.982179340887622
2025-01-03 05:00:00,22.08911371595324
2025-01-03 05:15:00,21.84442538554929
2025-01-03 05:30:00,23.688194343924422
2025-01-03 05:45:00,28.944559016087116
2025-01-03 06:00:00,30.224119721564044
2025-01-03 06:15:00,35.15207533630103
2025-01-03 06:30:00,34.74569587268036
2025-01-03 06:45:00,36.933968071563086
2025-01-03 07:00:00,41.62645857861454
2025-01-03 07:15:00,45.97844426697517
2025-01-03 07:30:00,48.36785589044236
2025-01-03 07:45:00,46.8707510809545
2025-01-03 08:00:00,50.38179805306726
2025-01-03 08:15:00,50.15368122675474
2025-01-03 08:30:00,54.22288596217721
2025-01-03 08:45:00,50.068481699879634
2025-01-03 09:00:00,40.05855533019555
2025-01-03 09:15:00,37.962316166664756
2025-01-03 09:30:00,31.481700873614898
2025-01-03 09:45:00,30.34156322059375
2025-01-03 10:00:00,29.67901932471086
2025-01-03 10:15:00,29.46494272428998
2025-01-03 10:30:00,22.69887184543438
2025-01-03 10:45:00,21.435434804573475
2025-01-03 11:00:00,16.662384740822063
2025-01-03 11:15:00,20.912409812725443
2025-01-03 11:30:00,18.199012106814266
2025-01-03 11:45:00,19.244319138377694
2025-01-03 12:00:00,18.21013905731862
2025-01-03 12:15:00,20.083274551506083
2025-01-03 12:30:00,15.899233549144787
2025-01-03 12:45:00,16.647250599633995
2025-01-03 13:00:00,25.705849735148682
2025-01-03 13:15:00,17.288436094275617
2025-01-03 13:30:00,17.964905757000672
2025-01-03 13:45:00,25.60307881961815
2025-01-03 14:00:00,28.718822780893532
2025-01-03 14:15:00,19.159491634033213
2025-01-03 14:30:00,22.038376015116302
2025-01-03 14:45:00,24.975465216395882
2025-01-03 15:00:00,29.94801696847379
2025-01-03 15:15:00,25.044973337269884
2025-01-03 15:30:00,29.184961579920348
2025-01-03 15:45:00,34.41771435647375
2025-01-03 16:00:00,36.58077100897219
2025-01-03 16:15:00,37.827662628801065
2025-01-03 16:30:00,41.83208423102448
2025-01-03 16:45:00,42.08602066351135
2025-01-03 17:00:00,48.05188502833262
2025-01-03 17:15:00,50.675110068159846
2025-01-03 17:30:00,54.00043573959171
2025-01-03 17:45:00,53.34528480099028
2025-01-03 18:00:00,56.36220086128937
2025-01-03 18:15:00,57.26678144224074
2025-01-03 18:30:00,53.811362433990354
2025-01-03 18:45:00,52.22463696305392
2025-01-03 19:00:00,48.78576395543142
2025-01-03 19:15:00,45.5304164138185
2025-01-03 19:30:00,40.371080850205324
2025-01-03 19:45:00,39.569011786079
2025-01-03 20:00:00,35.261751644887596
2025-01-03 20:15:00,37.71979236873118
2025-01-03 20:30:00,33.745433082010265
2025-01-03 20:45:00,28.492009259726903
2025-01-03 21:00:00,23.735290317881983
2025-01-03 21:15:00,21.358581870178664
2025-01-03 21:30:00,25.95623734205204
2025-01-03 21:45:00,22.76594278305587
2025-01-03 22:00:00,22.678289800652202
2025-01-03 22:15:00,16.67183374532296
2025-01-03 22:30:00,23.047824166288194
2025-01-03 22:45:00,21.66337352783705
2025-01-03 23:00:00,17.621067709344487
2025-01-03 23:15:00,19.13685497573871
2025-01-03 23:30:00,20.925493006828386
2025-01-03 23:45:00,20.368284253227536
2025-01-04 00:00:00,10.469595229852649
2025-01-04 00:15:00,10.94199715225479
2025-01-04 00:30:00,10.57146923101525
2025-01-04 00:45:00,11.583514491258335
2025-01-04 01:00:00,14.88153564381135
2025-01-04 01:15:00,4.786862561603236
2025-01-04 01:30:00,10.61210046716573
2025-01-04 01:45:00,11.646261704996133
2025-01-04 02:00:00,11.945810921765151
2025-01-04 02:15:00,10.277097992626027
2025-01-04 02:30:00,6.816618491952707
2025-01-04 02:45:00,12.03098562800415
2025-01-04 03:00:00,15.534085674516525
2025-01-04 03:15:00,7.390000180185021
2025-01-04 03:30:00,13.40116902593055
2025-01-04 03:45:00,10.451696967529996
2025-01-04 04:00:00,11.176079771644332
2025-01-04 04:15:00,8.794626769065639
2025-01-04 04:30:00,10.752633281284112
2025-01-04 04:45:00,15.096719627275192
2025-01-04 05:00:00,13.696464398747095
2025-01-04 05:15:00,17.14419053490468
2025-01-04 05:30:00,16.55614424101757
2025-01-04 05:45:00,15.7723018072184
2025-01-04 06:00:00,20.377375633412854
2025-01-04 06:15:00,18.726696667264253
2025-01-04 06:30:00,21.527355750295335
2025-01-04 06:45:00,20.664295952103192
2025-01-04 07:00:00,23.504154972802915
2025-01-04 07:15:00,23.346896578467106
2025-01-04 07:30:00,28.96954962240913
2025-01-04 07:45:00,24.460557586284413
2025-01-04 08:00:00,29.678123821891706
2025-01-04 08:15:00,26.931078099583274
2025-01-04 08:30:00,29.42648577000185
2025-01-04 08:45:00,26.971796161168047
2025-01-04 09:00:00,27.8949630638345
2025-01-04 09:15:00,23.239607908907075
2025-01-04 09:30:00,15.53562529731887
2025-01-04 09:45:00,17.471569222891922
2025-01-04 10:00:00,13.098668542951451
2025-01-04 10:15:00,13.391465475679887
2025-01-04 10:30:00,17.404748723208748
2025-01-04 10:45:00,14.422895409156611
2025-01-04 11:00:00,10.50994087237283
2025-01-04 11:15:00,9.33194307829732
2025-01-04 11:30:00,11.693289700068641
2025-01-04 11:45:00,8.412324894279678
2025-01-04 12:00:00,9.685092423183804
2025-01-04 12:15:00,12.09743129564647
2025-01-04 12:30:00,14.192043217927658
2025-01-04 12:45:00,12.837699396461494
2025-01-04 13:00:00,5.625212013659867
2025-01-04 13:15:00,12.183008469714453
2025-01-04 13:30:00,11.712420552015535
2025-01-04 13:45:00,12.734533781161666
2025-01-04 14:00:00,15.985592730468827
2025-01-04 14:15:00,7.135024712069349
2025-01-04 14:30:00,11.294498987821008
2025-01-04 14:45:00,14.889253756532352
2025-01-04 15:00:00,10.285897572215639
2025-01-04 15:15:00,18.967282473891803
2025-01-04 15:30:00,17.455936010472172
2025-01-04 15:45:00,20.123734801351276
2025-01-04 16:00:00,18.240945192678893
2025-01-04 16:15:00,23.50383444881094
2025-01-04 16:30:00,26.010140509532228
2025-01-04 16:45:00,25.767609404242666
2025-01-04 17:00:00,27.489961683927792
2025-01-04 17:15:00,29.061697759260657
2025-01-04 17:30:00,27.371201757670164
2025-01-04 17:45:00,29.883531262972372
2025-01-04 18:00:00,30.118722607404305
2025-01-04 18:15:00,31.212226674112667
2025-01-04 18:30:00,32.03190363609824
2025-01-04 18:45:00,25.74366660502985
2025-01-04 19:00:00,26.596993074787058
2025-01-04 19:15:00,28.89599847043838
2025-01-04 19:30:00,21.48832534206756
2025-01-04 19:45:00,19.423523515854647
2025-01-04 20:00:00,20.185182179795675
2025-01-04 20:15:00,20.13073911312001
2025-01-04 20:30:00,16.577499638161132
2025-01-04 20:45:00,18.615089390407547
2025-01-04 21:00:00,16.39853266198535
2025-01-04 21:15:00,15.534582873377424
2025-01-04 21:30:00,14.176959670691637
2025-01-04 21:45:00,18.132993072891765
2025-01-04 22:00:00,11.454142500626444
2025-01-04 22:15:00,6.714005610120334
2025-01-04 22:30:00,15.566520867551505
2025-01-04 22:45:00,10.300901018489377
2025-01-04 23:00:00,11.643565198855939
2025-01-04 23:15:00,14.603240752013436
2025-01-04 23:30:00,7.296820874253401
2025-01-04 23:45:00,8.157668721578448
2025-01-05 00:00:00,7.263502735173617
2025-01-05 00:15:00,9.282051480965345
2025-01-05 00:30:00,12.367178575184163
2025-01-05 00:45:00,12.579252201643305
2025-01-05 01:00:00,11.960165543259055
2025-01-05 01:15:00,7.738268337809778
2025-01-05 01:30:00,5.495641920467544
2025-01-05 01:45:00,11.407538998650185
2025-01-05 02:00:00,10.093060247060778
2025-01-05 02:15:00,12.422023258829995
2025-01-05 02:30:00,13.029981397311552
2025-01-05 02:45:00,11.623274882474794
2025-01-05 03:00:00,13.182717236154913
2025-01-05 03:15:00,11.86435651137225
2025-01-05 03:30:00,12.63343513929796
2025-01-05 03:45:00,9.578001251771738
2025-01-05 04:00:00,10.947036485247018
2025-01-05 04:15:00,11.985487671077118
2025-01-05 04:30:00,13.706769284326564
2025-01-05 04:45:00,10.92892959357558
2025-01-05 05:00:00,13.609418816717323
2025-01-05 05:15:00,12.215488925200585
2025-01-05 05:30:00,13.385433483862224
2025-01-05 05:45:00,16.815057098563855
2025-01-05 06:00:00,11.101562773967196
2025-01-05 06:15:00,14.454707333840819
2025-01-05 06:30:00,15.81859619830485
2025-01-05 06:45:00,15.638357419928417
2025-01-05 07:00:00,21.708803716376174
2025-01-05 07:15:00,27.030715269646365
2025-01-05 07:30:00,25.850054003574776
2025-01-05 07:45:00,27.96746623253542
2025-01-05 08:00:00,30.511966091233752
2025-01-05 08:15:00,30.79359545762462
2025-01-05 08:30:00,26.392197583127416
2025-01-05 08:45:00,28.545262796872606
2025-01-05 09:00:00,23.640338699411984
2025-01-05 09:15:00,19.38585000510102
2025-01-05 09:30:00,18.046399439564347
2025-01-05 09:45:00,14.004285257334098
2025-01-05 10:00:00,13.875026273713571
2025-01-05 10:15:00,13.858797745018713
2025-01-05 10:30:00,15.702314572072662
2025-01-05 10:45:00,17.197659843436547
2025-01-05 11:00:00,8.868487538986308
2025-01-05 11:15:00,12.914979548657328
2025-01-05 11:30:00,9.076649003593369
2025-01-05 11:45:00,12.707142372499716
2025-01-05 12:00:00,11.101900873565153
2025-01-05 12:15:00,6.806817435758749
2025-01-05 12:30:00,13.691179990191342
2025-01-05 12:45:00,9.869968317487782
2025-01-05 13:00:00,10.085359572830445
2025-01-05 13:15:00,8.814385002523792
2025-01-05 13:30:00,9.963302810824416
2025-01-05 13:45:00,12.83620855307644
2025-01-05 14:00:00,11.53863205760901
2025-01-05 14:15:00,13.181449793396624
2025-01-05 14:30:00,13.743736569230094
2025-01-05 14:45:00,16.780316471978598
2025-01-05 15:00:00,13.44959257729876
2025-01-05 15:15:00,11.651939695252914
2025-01-05 15:30:00,19.269774903759696
2025-01-05 15:45:00,17.245228790108843
2025-01-05 16:00:00,22.521459841536036
2025-01-05 16:15:00,22.494542390460804
2025-01-05 16:30:00,23.077792177660484
2025-01-05 16:45:00,26.124028472624698
2025-01-05 17:00:00,31.848165236106013
2025-01-05 17:15:00,33.64496536729994
2025-01-05 17:30:00,29.76969214095978
2025-01-05 17:45:00,30.719503830475155
2025-01-05 18:00:00,33.25730371581038
2025-01-05 18:15:00,28.206263814919776
2025-01-05 18:30:00,30.431693333977357
2025-01-05 18:45:00,28.392024073700448
2025-01-05 19:00:00,27.7609605628391
2025-01-05 19:15:00,23.175611970026644
2025-01-05 19:30:00,19.440051564435763
2025-01-05 19:45:00,16.363364352711436
2025-01-05 20:00:00,16.952630801352885
2025-01-05 20:15:00,16.93976230816759
2025-01-05 20:30:00,15.882629916246794
2025-01-05 20:45:00,20.20244020399808
2025-01-05 21:00:00,17.08820551394649
2025-01-05 21:15:00,11.091479298907416
2025-01-05 21:30:00,13.727613932118011
2025-01-05 21:45:00,11.362839114759954
2025-01-05 22:00:00,11.32281151130053
2025-01-05 22:15:00,12.252799847434288
2025-01-05 22:30:00,13.170487139806351
2025-01-05 22:45:00,10.663677769780618
2025-01-05 23:00:00,14.100167303443465
2025-01-05 23:15:00,8.541192858115323
2025-01-05 23:30:00,11.3849917664156
2025-01-05 23:45:00,17.84764545694259
2025-01-06 00:00:00,20.89107135376179
2025-01-06 00:15:00,23.917102976232194
2025-01-06 00:30:00,20.563562278676333
2025-01-06 00:45:00,21.78740093210695
2025-01-06 01:00:00,20.1942001426246
2025-01-06 01:15:00,19.9108490237501
2025-01-06 01:30:00,18.388898218183954
2025-01-06 01:45:00,21.414161220031215
2025-01-06 02:00:00,18.210533503871495
2025-01-06 02:15:00,22.00469586254436
2025-01-06 02:30:00,23.05617931205146
2025-01-06 02:45:00,21.263402017932567
2025-01-06 03:00:00,19.639452909975752
2025-01-06 03:15:00,21.505681450675148
2025-01-06 03:30:00,19.62932625087655
2025-01-06 03:45:00,22.796419426094513
2025-01-06 04:00:00,15.980978355904835
2025-01-06 04:15:00,19.8971476433022
2025-01-06 04:30:00,16.052932676107222
2025-01-06 04:45:00,17.760532210496162
2025-01-06 05:00:00,25.622213709829612
2025-01-06 05:15:00,25.49283457464009
2025-01-06 05:30:00,22.90869964744499
2025-01-06 05:45:00,22.881428963551006
2025-01-06 06:00:00,21.667532185277746
2025-01-06 06:15:00,30.649864448690227
2025-01-06 06:30:00,41.383020752251255
2025-01-06 06:45:00,39.96105843022661
2025-01-06 07:00:00,40.98719805651971
2025-01-06 07:15:00,46.73492596337552
2025-01-06 07:30:00,44.224049762649614
2025-01-06 07:45:00,49.03843600562146
2025-01-06 08:00:00,50.60429043236456
2025-01-06 08:15:00,49.5678819226825
2025-01-06 08:30:00,50.10623932339526
2025-01-06 08:45:00,46.438006388093235
2025-01-06 09:00:00,44.06250190269023
2025-01-06 09:15:00,37.159867015788436
2025-01-06 09:30:00,37.58486755006142
2025-01-06 09:45:00,36.09069627539009
2025-01-06 10:00:00,26.664656167434117
2025-01-06 10:15:00,24.431092683610643
2025-01-06 10:30:00,28.061065431421625
2025-01-06 10:45:00,22.792464088832958
2025-01-06 11:00:00,25.740183946162738
2025-01-06 11:15:00,20.412758485184895
2025-01-06 11:30:00,24.692685227967594
2025-01-06 11:45:00,21.096655399634155
2025-01-06 12:00:00,21.247886211871972
2025-01-06 12:15:00,24.430749142139877
2025-01-06 12:30:00,19.58915148475358
2025-01-06 12:45:00,18.16208162412672
2025-01-06 13:00:00,19.46134458583469
2025-01-06 13:15:00,21.83785057489618
2025-01-06 13:30:00,16.992495173513632
2025-01-06 13:45:00,22.80449540627031
2025-01-06 14:00:00,20.3092497145758
2025-01-06 14:15:00,25.15796300875812
2025-01-06 14:30:00,17.173370795662844
2025-01-06 14:45:00,22.35518505211183
2025-01-06 15:00:00,21.610125630202198
2025-01-06 15:15:00,25.64656551825824
2025-01-06 15:30:00,30.617344098375618
2025-01-06 15:45:00,32.22632700352264
2025-01-06 16:00:00,35.060435051263255
2025-01-06 16:15:00,38.57011377925381
2025-01-06 16:30:00,42.87513539469209
2025-01-06 16:45:00,43.20194323040617
2025-01-06 17:00:00,50.61446664134455
2025-01-06 17:15:00,53.197766869973584
2025-01-06 17:30:00,54.58262901049397
2025-01-06 17:45:00,56.32495960574362
2025-01-06 18:00:00,56.12442270777581
2025-01-06 18:15:00,60.02269830534647
2025-01-06 18:30:00,53.40507683801555
2025-01-06 18:45:00,50.77756104704711
2025-01-06 19:00:00,46.96907978642095
2025-01-06 19:15:00,43.149571905473024
2025-01-06 19:30:00,39.26381961588741
2025-01-06 19:45:00,36.75580599964608
2025-01-06 20:00:00,35.528290337618785
2025-01-06 20:15:00,33.52263256847662
2025-01-06 20:30:00,30.139924123030205
2025-01-06 20:45:00,25.813577835589008
2025-01-06 21:00:00,28.093417902996453
2025-01-06 21:15:00,26.188165381717223
2025-01-06 21:30:00,22.779282341602475
2025-01-06 21:45:00,20.676802509353884
2025-01-06 22:00:00,23.049024245075316
2025-01-06 22:15:00,21.70325583230134
2025-01-06 22:30:00,17.30893296468276
2025-01-06 22:45:00,20.55739519316777
2025-01-06 23:00:00,21.252257101394274
2025-01-06 23:15:00,18.266453178971837
2025-01-06 23:30:00,20.940831628858337
2025-01-06 23:45:00,16.800084195020094
2025-01-07 00:00:00,23.740511630838245
2025-01-07 00:15:00,23.520616055974557
2025-01-07 00:30:00,19.770142881095115
2025-01-07 00:45:00,21.31076842198936
2025-01-07 01:00:00,14.378027597715857
2025-01-07 01:15:00,17.512673209606493
2025-01-07 01:30:00,19.66983129322639
2025-01-07 01:45:00,17.7247496526794
2025-01-07 02:00:00,22.192042067021777
2025-01-07 02:15:00,25.400648482239987
2025-01-07 02:30:00,17.468099385972643
2025-01-07 02:45:00,18.320089373235724
2025-01-07 03:00:00,21.010370048249023
2025-01-07 03:15:00,24.465232257261675
2025-01-07 03:30:00,17.411747492002036
2025-01-07 03:45:00,21.146816301808208
2025-01-07 04:00:00,25.17941507708463
2025-01-07 04:15:00,16.67344257675986
2025-01-07 04:30:00,17.89396403041185
2025-01-07 04:45:00,20.505842153521293
2025-01-07 05:00:00,20.977761486765523
2025-01-07 05:15:00,25.3530497227042
2025-01-07 05:30:00,25.378223913818275
2025-01-07 05:45:00,22.266956838157142
2025-01-07 06:00:00,30.434054670743112
2025-01-07 06:15:00,30.631430383741904
2025-01-07 06:30:00,38.58477564759505
2025-01-07 06:45:00,37.3715532940844
2025-01-07 07:00:00,40.861264947497055
2025-01-07 07:15:00,46.9917288502453
2025-01-07 07:30:00,50.10043623458728
2025-01-07 07:45:00,50.96866720581528
2025-01-07 08:00:00,46.2082778399724
2025-01-07 08:15:00,51.19489403566496
2025-01-07 08:30:00,45.61012827359327
2025-01-07 08:45:00,46.231257985082976
2025-01-07 09:00:00,38.899025152531806
2025-01-07 09:15:00,40.06327747383221
2025-01-07 09:30:00,33.390506151875826
2025-01-07 09:45:00,28.87844166428802
2025-01-07 10:00:00,30.941254691377864
2025-01-07 10:15:00,27.321117510698134
2025-01-07 10:30:00,23.253336970748016
2025-01-07 10:45:00,26.96544556173248
2025-01-07 11:00:00,21.195673795681202
2025-01-07 11:15:00,21.666041333451904
2025-01-07 11:30:00,21.794029290096532
2025-01-07 11:45:00,19.285450405908204
2025-01-07 12:00:00,21.846829270674274
2025-01-07 12:15:00,19.25199760366252
2025-01-07 12:30:00,19.531156256432695
2025-01-07 12:45:00,23.988167847056683
2025-01-07 13:00:00,18.04796435823371
2025-01-07 13:15:00,14.741739254573822
2025-01-07 13:30:00,25.000909725103867
2025-01-07 13:45:00,27.650812414769227
2025-01-07 14:00:00,20.709679228606042
2025-01-07 14:15:00,17.513010638982962
2025-01-07 14:30:00,22.449486001033375
2025-01-07 14:45:00,23.67271649887979
2025-01-07 15:00:00,25.418160789341027
2025-01-07 15:15:00,24.99534346297271
2025-01-07 15:30:00,31.51375658540367
2025-01-07 15:45:00,34.052336388971455
2025-01-07 16:00:00,32.02453930769423
2025-01-07 16:15:00,40.78274217055039
2025-01-07 16:30:00,47.56505163161617
2025-01-07 16:45:00,46.219858549965814
2025-01-07 17:00:00,48.07070401753487
2025-01-07 17:15:00,51.25276829160028
2025-01-07 17:30:00,55.22485046738433
2025-01-07 17:45:00,50.673621368706634
2025-01-07 18:00:00,55.86102884680663
2025-01-07 18:15:00,54.025529558471
2025-01-07 18:30:00,58.30904918164616
2025-01-07 18:45:00,51.17651164198037
2025-01-07 19:00:00,53.0892921487224
2025-01-07 19:15:00,43.03755122107181
2025-01-07 19:30:00,43.909821385506284
2025-01-07 19:45:00,39.842974325810665
2025-01-07 20:00:00,33.599047555696224
2025-01-07 20:15:00,33.19705941743389
2025-01-07 20:30:00,33.11004045233802
2025-01-07 20:45:00,26.984611152056004
2025-01-07 21:00:00,21.679724253631353
2025-01-07 21:15:00,24.362401018380453
2025-01-07 21:30:00,20.989019756785453
2025-01-07 21:45:00,21.519914907965173
2025-01-07 22:00:00,21.54065940239723
2025-01-07 22:15:00,17.035865707156503
2025-01-07 22:30:00,16.9567796485279
2025-01-07 22:45:00,21.99918730555181
2025-01-07 23:00:00,19.357045214393334
2025-01-07 23:15:00,14.17050367424902
2025-01-07 23:30:00,22.49500762189428
2025-01-07 23:45:00,21.18473917995938
2025-01-08 00:00:00,18.682033704325825
2025-01-08 00:15:00,17.175339949289587
2025-01-08 00:30:00,22.55763034124758
2025-01-08 00:45:00,21.342183517401963
2025-01-08 01:00:00,26.42601260253494
2025-01-08 01:15:00,21.520688240691378
2025-01-08 01:30:00,21.440210830370965
2025-01-08 01:45:00,20.05443676458435
2025-01-08 02:00:00,22.51466491205632
2025-01-08 02:15:00,22.0367945420996
2025-01-08 02:30:00,23.605623089568102
2025-01-08 02:45:00,19.177114970464707
2025-01-08 03:00:00,19.399904828723507
2025-01-08 03:15:00,19.306358342341884
2025-01-08 03:30:00,22.51136195990848
2025-01-08 03:45:00,24.3368364803919
2025-01-08 04:00:00,19.545741100787822
2025-01-08 04:15:00,19.807580511334518
2025-01-08 04:30:00,21.948504490810144
2025-01-08 04:45:00,21.01712930325035
2025-01-08 05:00:00,24.726041035362993
2025-01-08 05:15:00,17.75877766038169
2025-01-08 05:30:00,22.773986380583157
2025-01-08 05:45:00,24.814995535968063
2025-01-08 06:00:00,23.411313016134937
2025-01-08 06:15:00,29.73285587481823
2025-01-08 06:30:00,33.17744169923636
2025-01-08 06:45:00,38.504434882488844
2025-01-08 07:00:00,45.301892268012516
2025-01-08 07:15:00,45.09292257886643
2025-01-08 07:30:00,45.68276011167626
2025-01-08 07:45:00,49.77270682655016
2025-01-08 08:00:00,53.11187957064701
2025-01-08 08:15:00,47.47658527916629
2025-01-08 08:30:00,45.98613557658486
2025-01-08 08:45:00,47.10611448790709
2025-01-08 09:00:00,41.97119533531167
2025-01-08 09:15:00,40.632858215357444
2025-01-08 09:30:00,35.43956081676524
2025-01-08 09:45:00,33.90586179377245
2025-01-08 10:00:00,26.635683448679476
2025-01-08 10:15:00,26.7534689631448
2025-01-08 10:30:00,24.32822832193158
2025-01-08 10:45:00,20.36444551252871
2025-01-08 11:00:00,18.455284363543054
2025-01-08 11:15:00,23.366819120320436
2025-01-08 11:30:00,20.311039098964297
2025-01-08 11:45:00,18.34558892072063
2025-01-08 12:00:00,20.49521557847533
2025-01-08 12:15:00,23.4723499985568
2025-01-08 12:30:00,14.925081832152626
2025-01-08 12:45:00,16.906638906399223
2025-01-08 13:00:00,18.40888776838584
2025-01-08 13:15:00,24.493311632307584
2025-01-08 13:30:00,21.746709078481587
2025-01-08 13:45:00,23.262460018014004
2025-01-08 14:00:00,18.939124478023007
2025-01-08 14:15:00,19.622940435966324
2025-01-08 14:30:00,24.411904616939225
2025-01-08 14:45:00,24.600634084429295
2025-01-08 15:00:00,27.331491822666198
2025-01-08 15:15:00,27.376310474065413
2025-01-08 15:30:00,30.82688742895826
2025-01-08 15:45:00,33.20304004662823
2025-01-08 16:00:00,37.77164621356403
2025-01-08 16:15:00,41.11894542978356
2025-01-08 16:30:00,38.45033357438123
2025-01-08 16:45:00,40.238460714130234
2025-01-08 17:00:00,51.48505480044412
2025-01-08 17:15:00,54.64376344438315
2025-01-08 17:30:00,51.2018253847888
2025-01-08 17:45:00,50.41738624971982
2025-01-08 18:00:00,55.764313525490586
2025-01-08 18:15:00,57.39545938161356
2025-01-08 18:30:00,58.250147338951045
2025-01-08 18:45:00,52.969361790355606
2025-01-08 19:00:00,48.05695576306858
2025-01-08 19:15:00,43.63075079517389
2025-01-08 19:30:00,42.53697608128515
2025-01-08 19:45:00,38.36298629022866
2025-01-08 20:00:00,33.30067029464535
2025-01-08 20:15:00,37.94213264160898
2025-01-08 20:30:00,34.608338749048556
2025-01-08 20:45:00,30.70088650527029
2025-01-08 21:00:00,23.674179265642156
2025-01-08 21:15:00,26.610530778926474
2025-01-08 21:30:00,24.9108179011207
2025-01-08 21:45:00,23.548805698744225
2025-01-08 22:00:00,24.935466377828686
2025-01-08 22:15:00,22.955098487957702
2025-01-08 22:30:00,22.91263547119965
2025-01-08 22:45:00,22.452960308777737
2025-01-08 23:00:00,21.582494858432014
2025-01-08 23:15:00,16.190011088124194
2025-01-08 23:30:00,20.80862460750955
2025-01-08 23:45:00,19.180009278260183
2025-01-09 00:00:00,17.333792753926197
2025-01-09 00:15:00,24.738631408796465
2025-01-09 00:30:00,24.85727333628521
2025-01-09 00:45:00,23.933532845349134
2025-01-09 01:00:00,21.17421482157366
2025-01-09 01:15:00,23.913453929869892
2025-01-09 01:30:00,20.567760312329707
2025-01-09 01:45:00,21.045424165709424
2025-01-09 02:00:00,17.8057212015086
2025-01-09 02:15:00,21.533234183835532
2025-01-09 02:30:00,20.69394977282537
2025-01-09 02:45:00,17.29046635858097
2025-01-09 03:00:00,20.427105115151132
2025-01-09 03:15:00,20.37146674358903
2025-01-09 03:30:00,25.09493495718182
2025-01-09 03:45:00,22.893108084542806
2025-01-09 04:00:00,20.788130314998952
2025-01-09 04:15:00,21.55815748892916
2025-01-09 04:30:00,21.340516760005357
2025-01-09 04:45:00,21.190922474902948
2025-01-09 05:00:00,19.70651329265176
2025-01-09 05:15:00,23.077265576521196
2025-01-09 05:30:00,23.042177739853326
2025-01-09 05:45:00,23.71192190717302
2025-01-09 06:00:00,30.556931967078352
2025-01-09 06:15:00,33.18678801918254
2025-01-09 06:30:00,31.06523759404019
2025-01-09 06:45:00,38.76715930865731
2025-01-09 07:00:00,45.07540538722088
2025-01-09 07:15:00,48.4203079376932
2025-01-09 07:30:00,50.89106090317646
2025-01-09 07:45:00,50.07905058044685
2025-01-09 08:00:00,48.44300658072997
2025-01-09 08:15:00,47.27390963466761
2025-01-09 08:30:00,49.19075943187359
2025-01-09 08:45:00,46.72461655924366
2025-01-09 09:00:00,45.81003778726055
2025-01-09 09:15:00,41.83076999804818
2025-01-09 09:30:00,35.20978053853476
2025-01-09 09:45:00,29.10786236000558
2025-01-09 10:00:00,28.49228662486305
2025-01-09 10:15:00,27.393432960750996
2025-01-09 10:30:00,24.416419627975174
2025-01-09 10:45:00,22.02611193620411
2025-01-09 11:00:00,23.062865654248736
2025-01-09 11:15:00,20.459226562216468
2025-01-09 11:30:00,19.684929228805025
2025-01-09 11:45:00,21.746596094206765
2025-01-09 12:00:00,19.797355854069863
2025-01-09 12:15:00,21.32923821123864
2025-01-09 12:30:00,21.376610886321956
2025-01-09 12:45:00,17.866337512037816
2025-01-09 13:00:00,19.57967544706969
2025-01-09 13:15:00,24.501481198907133
2025-01-09 13:30:00,18.201717222956837
2025-01-09 13:45:00,16.11920517804382
2025-01-09 14:00:00,17.20158827634152
2025-01-09 14:15:00,22.561229374193523
2025-01-09 14:30:00,23.43633790382341
2025-01-09 14:45:00,24.22759550213709
2025-01-09 15:00:00,29.061793731436346
2025-01-09 15:15:00,21.230076252238415
2025-01-09 15:30:00,31.188037182507966
2025-01-09 15:45:00,36.7780122224836
2025-01-09 16:00:00,33.074450212231646
2025-01-09 16:15:00,38.218582829056864
2025-01-09 16:30:00,40.68445815089832
2025-01-09 16:45:00,43.687441370897766
2025-01-09 17:00:00,48.23171067736696
2025-01-09 17:15:00,55.309838304048775
2025-01-09 17:30:00,58.41352400590015
2025-01-09 17:45:00,54.29380108709274
2025-01-09 18:00:00,60.34605139174298
2025-01-09 18:15:00,55.223979391808015
2025-01-09 18:30:00,58.207062983227175
2025-01-09 18:45:00,51.512045619577464
2025-01-09 19:00:00,49.380566453257394
2025-01-09 19:15:00,46.84393791435234
2025-01-09 19:30:00,50.52215643413657
2025-01-09 19:45:00,41.306036370662994
2025-01-09 20:00:00,34.13685311769794
2025-01-09 20:15:00,35.30941257374961
2025-01-09 20:30:00,29.307510784766585
2025-01-09 20:45:00,26.703063722737912
2025-01-09 21:00:00,28.314483043504467
2025-01-09 21:15:00,24.617370821220376
2025-01-09 21:30:00,24.074866047264678
2025-01-09 21:45:00,22.544079076506538
2025-01-09 22:00:00,22.719435410342044
2025-01-09 22:15:00,22.495759758004098
2025-01-09 22:30:00,16.286856932284486
2025-01-09 22:45:00,22.59380065548026
2025-01-09 23:00:00,18.342142172460214
2025-01-09 23:15:00,17.10996545712034
2025-01-09 23:30:00,20.520218187945662
2025-01-09 23:45:00,20.847116067278346
2025-01-10 00:00:00,18.86630412020476
2025-01-10 00:15:00,22.678343888323553
2025-01-10 00:30:00,17.2460214517529
2025-01-10 00:45:00,19.58479635628792
2025-01-10 01:00:00,19.14067032571068
2025-01-10 01:15:00,20.487097335249118
2025-01-10 01:30:00,21.301462456052455
2025-01-10 01:45:00,18.085372983015326
2025-01-10 02:00:00,22.416780704913343
2025-01-10 02:15:00,20.764936227034394
2025-01-10 02:30:00,15.879793702093767
2025-01-10 02:45:00,15.71729243328377
2025-01-10 03:00:00,20.590974045978562
2025-01-10 03:15:00,20.08504674237438
2025-01-10 03:30:00,20.409156140242853
2025-01-10 03:45:00,20.654293005542954
2025-01-10 04:00:00,21.390090699654955
2025-01-10 04:15:00,23.37198762265642
2025-01-10 04:30:00,18.51889794606018
2025-01-10 04:45:00,18.834952838249045
2025-01-10 05:00:00,19.745946025013236
2025-01-10 05:15:00,24.2438613220695
2025-01-10 05:30:00,28.086466211709936
2025-01-10 05:45:00,25.826036542491327
2025-01-10 06:00:00,23.091302203919593
2025-01-10 06:15:00,28.01531859643273
2025-01-10 06:30:00,33.516088949079574
2025-01-10 06:45:00,37.7462230672663
2025-01-10 07:00:00,41.63185473794347
2025-01-10 07:15:00,45.935375781513905
2025-01-10 07:30:00,47.61377735251646
2025-01-10 07:45:00,52.67179097316093
2025-01-10 08:00:00,48.932251020058644
2025-01-10 08:15:00,47.89403618798312
2025-01-10 08:30:00,49.593110399908056
2025-01-10 08:45:00,42.003985682124664
2025-01-10 09:00:00,43.6326136551571
2025-01-10 09:15:00,39.40387821511786
2025-01-10 09:30:00,35.238420338676484
2025-01-10 09:45:00,36.255741708640116
2025-01-10 10:00:00,27.801208887762712
2025-01-10 10:15:00,32.06777478364409
2025-01-10 10:30:00,24.42472350198765
2025-01-10 10:45:00,20.344980477581895
2025-01-10 11:00:00,22.672126952920262
2025-01-10 11:15:00,19.09518229855529
2025-01-10 11:30:00,19.442379202193923
2025-01-10 11:45:00,22.02722164209611
2025-01-10 12:00:00,22.257966909627402
2025-01-10 12:15:00,19.23023237176633
2025-01-10 12:30:00,23.228788075416865
2025-01-10 12:45:00,23.675353793428805
2025-01-10 13:00:00,24.44020703175066
2025-01-10 13:15:00,22.297246750539497
2025-01-10 13:30:00,24.582162168616016
2025-01-10 13:45:00,16.77551961414422
2025-01-10 14:00:00,21.128109171485857
2025-01-10 14:15:00,20.3876157505525
2025-01-10 14:30:00,23.723783745169357
2025-01-10 14:45:00,23.159673976317265
2025-01-10 15:00:00,25.67759893784998
2025-01-10 15:15:00,32.6842739191151
2025-01-10 15:30:00,29.840577388989175
2025-01-10 15:45:00,33.97557189455942
2025-01-10 16:00:00,35.37990318325956
2025-01-10 16:15:00,39.42405671203289
2025-01-10 16:30:00,42.64840402866926
2025-01-10 16:45:00,47.1107910346337
2025-01-10 17:00:00,52.02730891240172
2025-01-10 17:15:00,55.92628447245505
2025-01-10 17:30:00,54.66078190556349
2025-01-10 17:45:00,56.674190748391325
2025-01-10 18:00:00,52.7729139672271
2025-01-10 18:15:00,54.982020726916616
2025-01-10 18:30:00,56.24023346229266
2025-01-10 18:45:00,53.97688822336329
2025-01-10 19:00:00,49.64862060373888
2025-01-10 19:15:00,48.212911015274344
2025-01-10 19:30:00,43.86861339181149
2025-01-10 19:45:00,42.24526246280854
2025-01-10 20:00:00,36.695086718578594
2025-01-10 20:15:00,32.0643464927416
2025-01-10 20:30:00,31.118369653419215
2025-01-10 20:45:00,20.667627623968208
2025-01-10 21:00:00,27.066868368346025
2025-01-10 21:15:00,15.48529917236475
2025-01-10 21:30:00,19.13644212608083
2025-01-10 21:45:00,23.705211907804983
2025-01-10 22:00:00,23.138475320604662
2025-01-10 22:15:00,18.593947447673113
2025-01-10 22:30:00,19.415693542959893
2025-01-10 22:45:00,24.42039583910097
2025-01-10 23:00:00,19.653789776713488
2025-01-10 23:15:00,26.389688460635544
2025-01-10 23:30:00,20.728121048260718
2025-01-10 23:45:00,21.72392838480459
2025-01-11 00:00:00,15.708929875872553
2025-01-11 00:15:00,11.99500629816774
2025-01-11 00:30:00,9.162273410069957
2025-01-11 00:45:00,11.394510267030935
2025-01-11 01:00:00,11.58049955611773
2025-01-11 01:15:00,8.258375218692064
2025-01-11 01:30:00,11.031366635352379
2025-01-11 01:45:00,9.816221101835922
2025-01-11 02:00:00,13.983441025780486
2025-01-11 02:15:00,11.760134816656889
2025-01-11 02:30:00,10.968154260544736
2025-01-11 02:45:00,11.412262777426932
2025-01-11 03:00:00,12.240235870385979
2025-01-11 03:15:00,13.233409876964313
2025-01-11 03:30:00,9.209039105276123
2025-01-11 03:45:00,9.13576162904855
2025-01-11 04:00:00,14.557809359987274
2025-01-11 04:15:00,10.862751550578183
2025-01-11 04:30:00,8.513389165946117
2025-01-11 04:45:00,13.422860599250056
2025-01-11 05:00:00,13.864971494124044
2025-01-11 05:15:00,9.453344063502552
2025-01-11 05:30:00,14.65303949249685
2025-01-11 05:45:00,16.98026352622989
2025-01-11 06:00:00,17.420226132523528
2025-01-11 06:15:00,19.675888165086494
2025-01-11 06:30:00,16.41343324834031
2025-01-11 06:45:00,22.70004440869495
2025-01-11 07:00:00,23.047961719743284
2025-01-11 07:15:00,24.350201425170685
2025-01-11 07:30:00,29.13869949473581
2025-01-11 07:45:00,31.57122360602165
2025-01-11 08:00:00,32.67489378761295
2025-01-11 08:15:00,31.161446107375433
2025-01-11 08:30:00,26.69075326752259
2025-01-11 08:45:00,26.443144782170254
2025-01-11 09:00:00,25.727125534442603
2025-01-11 09:15:00,22.182336739573618
2025-01-11 09:30:00,20.259357091495332
2025-01-11 09:45:00,20.16505567009238
2025-01-11 10:00:00,16.34720059463816
2025-01-11 10:15:00,13.330668425925918
2025-01-11 10:30:00,13.057215660691796
2025-01-11 10:45:00,14.880557511511224
2025-01-11 11:00:00,12.731470857084084
2025-01-11 11:15:00,13.18348212183366
2025-01-11 11:30:00,13.753253258647963
2025-01-11 11:45:00,10.983342295752973
2025-01-11 12:00:00,13.720284211014269
2025-01-11 12:15:00,12.731234810678844
2025-01-11 12:30:00,8.68345109564672
2025-01-11 12:45:00,15.388278379130504
2025-01-11 13:00:00,10.568294611027326
2025-01-11 13:15:00,7.751073974440342
2025-01-11 13:30:00,9.386448030232833
2025-01-11 13:45:00,9.613915851298628
2025-01-11 14:00:00,12.542222508249141
2025-01-11 14:15:00,12.075214825480112
2025-01-11 14:30:00,12.396898316961787
2025-01-11 14:45:00,15.42796354851966
2025-01-11 15:00:00,15.556292659096751
2025-01-11 15:15:00,16.534250215633243
2025-01-11 15:30:00,18.02633630730676
2025-01-11 15:45:00,20.01433219201286
2025-01-11 16:00:00,14.865141677304269
2025-01-11 16:15:00,21.025050278498764
2025-01-11 16:30:00,18.355157143600447
2025-01-11 16:45:00,25.742284856158733
2025-01-11 17:00:00,27.359097706884686
2025-01-11 17:15:00,31.46639103329504
2025-01-11 17:30:00,32.96537158658592
2025-01-11 17:45:00,31.22601126946867
2025-01-11 18:00:00,29.71584693030745
2025-01-11 18:15:00,31.933365479857773
2025-01-11 18:30:00,28.679269610776224
2025-01-11 18:45:00,28.853245866631998
2025-01-11 19:00:00,29.841577128252418
2025-01-11 19:15:00,24.264651921581883
2025-01-11 19:30:00,25.828213197469722
2025-01-11 19:45:00,23.639372666075705
2025-01-11 20:00:00,17.759157842655135
2025-01-11 20:15:00,20.92123214271471
2025-01-11 20:30:00,18.762071047952745
2025-01-11 20:45:00,16.014223318011215
2025-01-11 21:00:00,12.8174597457644
2025-01-11 21:15:00,11.748738344977843
2025-01-11 21:30:00,11.914232660388347
2025-01-11 21:45:00,14.137067165520952
2025-01-11 22:00:00,10.044704489552558
2025-01-11 22:15:00,13.283312647100793
2025-01-11 22:30:00,8.91821682682717
2025-01-11 22:45:00,11.401698820048816
2025-01-11 23:00:00,12.114704159697876
2025-01-11 23:15:00,17.908910087773908
2025-01-11 23:30:00,8.325901273364295
2025-01-11 23:45:00,15.433543858333628
2025-01-12 00:00:00,12.10802429820345
2025-01-12 00:15:00,12.762042686333311
2025-01-12 00:30:00,12.030677528876687
2025-01-12 00:45:00,12.847320325363958
2025-01-12 01:00:00,11.351988019297126
2025-01-12 01:15:00,15.372029186448838
2025-01-12 01:30:00,10.596443336751847
2025-01-12 01:45:00,14.568962150886847
2025-01-12 02:00:00,10.128303215888558
2025-01-12 02:15:00,11.589649898799747
2025-01-12 02:30:00,9.061911636297328
2025-01-12 02:45:00,12.881951288461387
2025-01-12 03:00:00,15.36192010029611
2025-01-12 03:15:00,11.564658311796943
2025-01-12 03:30:00,11.282779813799017
2025-01-12 03:45:00,9.019862686541126
2025-01-12 04:00:00,11.289554071209393
2025-01-12 04:15:00,7.978282465395404
2025-01-12 04:30:00,9.839973814250447
2025-01-12 04:45:00,12.946968324674346
2025-01-12 05:00:00,16.07075435700503
2025-01-12 05:15:00,20.369833743327288
2025-01-12 05:30:00,12.679546874769796
2025-01-12 05:45:00,18.79623057038177
2025-01-12 06:00:00,17.160315587871203
2025-01-12 06:15:00,17.78448972242628
2025-01-12 06:30:00,21.07226650649178
2025-01-12 06:45:00,22.093909614013576
2025-01-12 07:00:00,24.14717481605916
2025-01-12 07:15:00,24.603018298524837
2025-01-12 07:30:00,23.53371070529858
2025-01-12 07:45:00,24.080648706640083
2025-01-12 08:00:00,29.888755242924333
2025-01-12 08:15:00,27.2493505870056
2025-01-12 08:30:00,25.541540856066845
2025-01-12 08:45:00,25.649282825021494
2025-01-12 09:00:00,25.864073370880277
2025-01-12 09:15:00,22.396976107500173
2025-01-12 09:30:00,18.358983663723265
2025-01-12 09:45:00,21.23807961313351
2025-01-12 10:00:00,20.510045350766283
2025-01-12 10:15:00,16.45695178877642
2025-01-12 10:30:00,16.59423148725088
2025-01-12 10:45:00,16.46735594282061
2025-01-12 11:00:00,15.615910303704691
2025-01-12 11:15:00,13.934879506053589
2025-01-12 11:30:00,13.64059715443891
2025-01-12 11:45:00,13.286271769972467
2025-01-12 12:00:00,9.152993999181358
2025-01-12 12:15:00,13.602610577791037
2025-01-12 12:30:00,8.447623268718246
2025-01-12 12:45:00,9.86269214696147
2025-01-12 13:00:00,15.145743523549047
2025-01-12 13:15:00,14.056037122748009
2025-01-12 13:30:00,15.78422741202246
2025-01-12 13:45:00,11.554017177385415
2025-01-12 14:00:00,9.597841492022603
2025-01-12 14:15:00,12.225422480279061
2025-01-12 14:30:00,13.560730862773918
2025-01-12 14:45:00,14.142854809272702
2025-01-12 15:00:00,17.607479836615962
2025-01-12 15:15:00,14.907628860123127
2025-01-12 15:30:00,17.948525727101547
2025-01-12 15:45:00,16.069102032029964
2025-01-12 16:00:00,21.327492610466624
2025-01-12 16:15:00,22.010591668233218
2025-01-12 16:30:00,21.997823342722054
2025-01-12 16:45:00,25.129236017336325
2025-01-12 17:00:00,26.976915154766708
2025-01-12 17:15:00,28.243846906587315
2025-01-12 17:30:00,34.49131309406154
2025-01-12 17:45:00,30.539633026677265
2025-01-12 18:00:00,30.42368373196557
2025-01-12 18:15:00,25.543509688077286
2025-01-12 18:30:00,27.830219707747524
2025-01-12 18:45:00,28.265718317708703
2025-01-12 19:00:00,25.728279029018108
2025-01-12 19:15:00,29.18002365360915
2025-01-12 19:30:00,23.468346544482138
2025-01-12 19:45:00,25.233654251249792
2025-01-12 20:00:00,20.36707335421732
2025-01-12 20:15:00,18.646240796834363
2025-01-12 20:30:00,16.860338448851945
2025-01-12 20:45:00,15.835573612242435
2025-01-12 21:00:00,19.086930282067396
2025-01-12 21:15:00,8.164400958147937
2025-01-12 21:30:00,8.321199125158419
2025-01-12 21:45:00,11.489328313259982
2025-01-12 22:00:00,12.53676149650919
2025-01-12 22:15:00,13.981467471070362
2025-01-12 22:30:00,13.271998027701052
2025-01-12 22:45:00,11.017929882553728
2025-01-12 23:00:00,14.454868389976474
2025-01-12 23:15:00,14.438247616617659
2025-01-12 23:30:00,12.296009373953341
2025-01-12 23:45:00,14.226825756934609
2025-01-13 00:00:00,21.481705841043425
2025-01-13 00:15:00,19.39707982802405
2025-01-13 00:30:00,22.546024616007823
2025-01-13 00:45:00,21.078711685493655
2025-01-13 01:00:00,20.806228430757045
2025-01-13 01:15:00,24.485972592399044
2025-01-13 01:30:00,14.677144573911782
2025-01-13 01:45:00,17.260918082502908
2025-01-13 02:00:00,17.83842109616449
2025-01-13 02:15:00,19.899301838103273
2025-01-13 02:30:00,20.17316206178611
2025-01-13 02:45:00,17.04548006567137
2025-01-13 03:00:00,18.358900348352414
2025-01-13 03:15:00,18.68538399135898
2025-01-13 03:30:00,27.01128980519681
2025-01-13 03:45:00,25.428627167064008
2025-01-13 04:00:00,19.99684070749552
2025-01-13 04:15:00,20.293928523096316
2025-01-13 04:30:00,18.623673356210983
2025-01-13 04:45:00,17.194578938265504
2025-01-13 05:00:00,22.387078354538026
2025-01-13 05:15:00,21.226962846865312
2025-01-13 05:30:00,24.96199458676644
2025-01-13 05:45:00,23.10389366630905
2025-01-13 06:00:00,27.64063881937073
2025-01-13 06:15:00,32.84689164204339
2025-01-13 06:30:00,36.71422790135709
2025-01-13 06:45:00,40.384248333687026
2025-01-13 07:00:00,39.55162699651534
2025-01-13 07:15:00,48.17566045022816
2025-01-13 07:30:00,46.59263708889559
2025-01-13 07:45:00,51.830609884148316
2025-01-13 08:00:00,50.79572074354422
2025-01-13 08:15:00,46.80888548980475
2025-01-13 08:30:00,47.80545044298158
2025-01-13 08:45:00,46.956523362927015
2025-01-13 09:00:00,44.39082099387124
2025-01-13 09:15:00,38.995048663018785
2025-01-13 09:30:00,39.636496940802175
2025-01-13 09:45:00,35.003851519061
2025-01-13 10:00:00,28.915115360827766
2025-01-13 10:15:00,28.9923570385039
2025-01-13 10:30:00,30.02280898885601
2025-01-13 10:45:00,28.638756242792674
2025-01-13 11:00:00,19.6273514492046
2025-01-13 11:15:00,19.669485672286974
2025-01-13 11:30:00,25.23408893938994
2025-01-13 11:45:00,18.58895891579093
2025-01-13 12:00:00,17.762682005600535
2025-01-13 12:15:00,19.770189446481996
2025-01-13 12:30:00,22.01086513731497
2025-01-13 12:45:00,20.72561578267587
2025-01-13 13:00:00,19.423066740156095
2025-01-13 13:15:00,19.488205229241558
2025-01-13 13:30:00,19.59277087819764
2025-01-13 13:45:00,19.47876476325965
2025-01-13 14:00:00,27.826980887074807
2025-01-13 14:15:00,23.498929720152596
2025-01-13 14:30:00,25.84263987919037
2025-01-13 14:45:00,23.565626504839436
2025-01-13 15:00:00,25.82812500058683
2025-01-13 15:15:00,26.39497491600673
2025-01-13 15:30:00,23.835629193569755
2025-01-13 15:45:00,29.69609106029186
2025-01-13 16:00:00,31.6340529589468
2025-01-13 16:15:00,33.81033719808944
2025-01-13 16:30:00,39.84498804266147
2025-01-13 16:45:00,49.50239321898252
2025-01-13 17:00:00,49.202972805100536
2025-01-13 17:15:00,55.234232035077305
2025-01-13 17:30:00,55.1142112938704
2025-01-13 17:45:00,57.35674374841786
2025-01-13 18:00:00,53.597855902757225
2025-01-13 18:15:00,56.71161311926498
2025-01-13 18:30:00,55.91131853609719
2025-01-13 18:45:00,50.570371547563816
2025-01-13 19:00:00,50.71847034911931
2025-01-13 19:15:00,47.612418663619195
2025-01-13 19:30:00,41.46783821732938
2025-01-13 19:45:00,36.63759888731038
2025-01-13 20:00:00,33.211391147267776
2025-01-13 20:15:00,33.369879287300485
2025-01-13 20:30:00,31.296314333887587
2025-01-13 20:45:00,26.212822138283002
2025-01-13 21:00:00,26.37614053152629
2025-01-13 21:15:00,26.232696976575564
2025-01-13 21:30:00,25.190600582085267
2025-01-13 21:45:00,26.655513856586385
2025-01-13 22:00:00,25.337127208760425
2025-01-13 22:15:00,19.196813966959223
2025-01-13 22:30:00,25.604937322329935
2025-01-13 22:45:00,19.866625257003996
2025-01-13 23:00:00,23.67607028760889
2025-01-13 23:15:00,21.152377395583443
2025-01-13 23:30:00,19.902570385886808
2025-01-13 23:45:00,16.384618943991736
2025-01-14 00:00:00,20.437855790531447
2025-01-14 00:15:00,16.969003690326453
2025-01-14 00:30:00,23.286404991723956
2025-01-14 00:45:00,24.660834905504295
2025-01-14 01:00:00,18.877275724238316
2025-01-14 01:15:00,21.6251899018325
2025-01-14 01:30:00,19.057520473851277
2025-01-14 01:45:00,19.300591066169073
2025-01-14 02:00:00,22.809008305373055
2025-01-14 02:15:00,20.77778218602597
2025-01-14 02:30:00,25.225476974637928
2025-01-14 02:45:00,19.674887371955904
2025-01-14 03:00:00,23.386810643924917
2025-01-14 03:15:00,21.147696103671574
2025-01-14 03:30:00,22.923848982976878
2025-01-14 03:45:00,19.873052537980485
2025-01-14 04:00:00,20.9689915414374
2025-01-14 04:15:00,20.980813934225193
2025-01-14 04:30:00,19.47321494567646
2025-01-14 04:45:00,23.68678319139227
2025-01-14 05:00:00,24.37157571811446
2025-01-14 05:15:00,25.272153925848503
2025-01-14 05:30:00,29.08320943432479
2025-01-14 05:45:00,30.79444467561772
2025-01-14 06:00:00,28.674887624132744
2025-01-14 06:15:00,33.47462908348098
2025-01-14 06:30:00,34.30637656736092
2025-01-14 06:45:00,39.465631110727585
2025-01-14 07:00:00,41.42015021771998
2025-01-14 07:15:00,50.155796281338596
2025-01-14 07:30:00,49.56908608986684
2025-01-14 07:45:00,49.770066660978216
2025-01-14 08:00:00,53.87303824833986
2025-01-14 08:15:00,44.8899900966203
2025-01-14 08:30:00,43.62736260088054
2025-01-14 08:45:00,48.09938502942625
2025-01-14 09:00:00,43.076253046587375
2025-01-14 09:15:00,40.04030854089095
2025-01-14 09:30:00,32.55773383961238
2025-01-14 09:45:00,32.49366469807791
2025-01-14 10:00:00,34.632198561439715
2025-01-14 10:15:00,29.24422594126041
2025-01-14 10:30:00,25.679266022351786
2025-01-14 10:45:00,22.706584349181977
2025-01-14 11:00:00,21.777593405196573
2025-01-14 11:15:00,16.729498110789024
2025-01-14 11:30:00,22.23256740846743
2025-01-14 11:45:00,23.41504369769887
2025-01-14 12:00:00,17.19666090451241
2025-01-14 12:15:00,19.39880692607179
2025-01-14 12:30:00,18.133311166654163
2025-01-14 12:45:00,18.634903945790917
2025-01-14 13:00:00,21.24985424183404
2025-01-14 13:15:00,16.02940537969086
2025-01-14 13:30:00,22.97596401873129
2025-01-14 13:45:00,23.628850893350425
2025-01-14 14:00:00,21.56181660740159
2025-01-14 14:15:00,16.62005515083657
2025-01-14 14:30:00,21.20137006178176
2025-01-14 14:45:00,27.937249394002702
2025-01-14 15:00:00,19.414705375339736
2025-01-14 15:15:00,27.37672572255803
2025-01-14 15:30:00,27.581572468308828
2025-01-14 15:45:00,35.21921438998283
2025-01-14 16:00:00,34.53948916214834
2025-01-14 16:15:00,40.511356078416696
2025-01-14 16:30:00,44.31371090993868
2025-01-14 16:45:00,50.84724300346271
2025-01-14 17:00:00,48.87338274878221
2025-01-14 17:15:00,53.01460793694011
2025-01-14 17:30:00,50.44079053740883
2025-01-14 17:45:00,58.44305497597354
2025-01-14 18:00:00,54.01550065444946
2025-01-14 18:15:00,54.06652470717316
2025-01-14 18:30:00,54.10058784739752
2025-01-14 18:45:00,48.171453298407634
2025-01-14 19:00:00,49.95821887851044
2025-01-14 19:15:00,48.68228933310385
2025-01-14 19:30:00,43.64072871250703
2025-01-14 19:45:00,35.53895044115028
2025-01-14 20:00:00,35.928863124798525
2025-01-14 20:15:00,35.075362073554764
2025-01-14 20:30:00,25.850492130608743
2025-01-14 20:45:00,25.573896063492718
2025-01-14 21:00:00,28.56771057202406
2025-01-14 21:15:00,25.54826735533178
2025-01-14 21:30:00,24.741727134348114
2025-01-14 21:45:00,27.491224958947654
2025-01-14 22:00:00,23.382731458140036
2025-01-14 22:15:00,23.41143695854274
2025-01-14 22:30:00,28.23951000013991
2025-01-14 22:45:00,20.72622950677627
2025-01-14 23:00:00,19.135855731035797
2025-01-14 23:15:00,22.118576209682764
2025-01-14 23:30:00,22.09709578911068
2025-01-14 23:45:00,19.65374699717276
2025-01-15 00:00:00,18.352448900794414
2025-01-15 00:15:00,26.708747217424886
2025-01-15 00:30:00,21.751939961696294
2025-01-15 00:45:00,19.104814192760198
2025-01-15 01:00:00,23.22605333678825
2025-01-15 01:15:00,20.664074550240198
2025-01-15 01:30:00,20.30547004668585
2025-01-15 01:45:00,22.344159454906492
2025-01-15 02:00:00,17.709740258739618
2025-01-15 02:15:00,21.822370234036647
2025-01-15 02:30:00,25.725418272748993
2025-01-15 02:45:00,22.112587107815695
2025-01-15 03:00:00,20.014613936889248
2025-01-15 03:15:00,19.70307375381573
2025-01-15 03:30:00,19.975228408862733
2025-01-15 03:45:00,20.422714369795116
2025-01-15 04:00:00,20.21504668702989
2025-01-15 04:15:00,23.62701411876816
2025-01-15 04:30:00,17.297009358377686
2025-01-15 04:45:00,24.253253864577434
2025-01-15 05:00:00,21.86341127492136
2025-01-15 05:15:00,24.797311036432234
2025-01-15 05:30:00,22.48999990763773
2025-01-15 05:45:00,30.559334723259767
2025-01-15 06:00:00,32.79301113279448
2025-01-15 06:15:00,35.00764898537992
2025-01-15 06:30:00,32.145165734631824
2025-01-15 06:45:00,41.546719881715546
2025-01-15 07:00:00,43.99833594321563
2025-01-15 07:15:00,42.15911677427626
2025-01-15 07:30:00,48.66577163819161
2025-01-15 07:45:00,51.29315008743164
2025-01-15 08:00:00,52.345854386866016
2025-01-15 08:15:00,50.826356422090186
2025-01-15 08:30:00,49.457372013771426
2025-01-15 08:45:00,49.86049125561877
2025-01-15 09:00:00,46.05684108467987
2025-01-15 09:15:00,32.3132297893914
2025-01-15 09:30:00,35.14680209442377
2025-01-15 09:45:00,32.206795789953155
2025-01-15 10:00:00,25.309852987228147
2025-01-15 10:15:00,27.485858920960748
2025-01-15 10:30:00,28.443568474130235
2025-01-15 10:45:00,21.154473859077058
2025-01-15 11:00:00,23.671702265203955
2025-01-15 11:15:00,19.829608524157184
2025-01-15 11:30:00,19.97536068057455
2025-01-15 11:45:00,25.061494395528538
2025-01-15 12:00:00,19.845989055768598
2025-01-15 12:15:00,22.274554762974606
2025-01-15 12:30:00,16.415601840694464
2025-01-15 12:45:00,25.770750219909242
2025-01-15 13:00:00,22.68945567415475
2025-01-15 13:15:00,20.850835544145607
2025-01-15 13:30:00,22.94582858144758
2025-01-15 13:45:00,18.286339029755908
2025-01-15 14:00:00,25.212574315484726
2025-01-15 14:15:00,22.078538870666062
2025-01-15 14:30:00,23.24891722277586
2025-01-15 14:45:00,23.692529904941466
2025-01-15 15:00:00,24.97473695390642
2025-01-15 15:15:00,30.048885165722066
2025-01-15 15:30:00,31.238015923346747
2025-01-15 15:45:00,34.90383337313756
2025-01-15 16:00:00,36.27196170240229
2025-01-15 16:15:00,40.85114493787984
2025-01-15 16:30:00,41.919612385812556
2025-01-15 16:45:00,51.89768239127074
2025-01-15 17:00:00,45.5275859505036
2025-01-15 17:15:00,55.29351470540026
2025-01-15 17:30:00,57.63987224563907
2025-01-15 17:45:00,53.40329843643441
2025-01-15 18:00:00,61.556631184627015
2025-01-15 18:15:00,58.02381020836503
2025-01-15 18:30:00,56.650729235187036
2025-01-15 18:45:00,52.21539401293117
2025-01-15 19:00:00,48.90990279425063
2025-01-15 19:15:00,45.806775966801524
2025-01-15 19:30:00,43.9513950281718
2025-01-15 19:45:00,43.08083442279104
2025-01-15 20:00:00,36.758346288885434
2025-01-15 20:15:00,31.00835514187203
2025-01-15 20:30:00,32.673206085095174
2025-01-15 20:45:00,30.6303623476332
2025-01-15 21:00:00,28.079674766548937
2025-01-15 21:15:00,26.80345041976024
2025-01-15 21:30:00,23.101152237245923
2025-01-15 21:45:00,20.586689405672143
2025-01-15 22:00:00,20.107540318881796
2025-01-15 22:15:00,17.744733194924365
2025-01-15 22:30:00,22.121692094568182
2025-01-15 22:45:00,21.118793327545227
2025-01-15 23:00:00,20.097267762366975
2025-01-15 23:15:00,13.726712536811474
2025-01-15 23:30:00,17.947998925012236
2025-01-15 23:45:00,23.83931148915541
2025-01-16 00:00:00,19.338550833132917
2025-01-16 00:15:00,21.90228973995101
2025-01-16 00:30:00,17.52479209439731
2025-01-16 00:45:00,24.59896573577268
2025-01-16 01:00:00,20.64283281456178
2025-01-16 01:15:00,21.728712803961585
2025-01-16 01:30:00,26.818797525793855
2025-01-16 01:45:00,24.796251910202983
2025-01-16 02:00:00,20.23970625971041
2025-01-16 02:15:00,19.524426145677033
2025-01-16 02:30:00,20.195843108229997
2025-01-16 02:45:00,22.28856295712297
2025-01-16 03:00:00,20.758758244329947
2025-01-16 03:15:00,20.04940097598687
2025-01-16 03:30:00,24.735705852607325
2025-01-16 03:45:00,20.83877071907919
2025-01-16 04:00:00,26.975210135128084
2025-01-16 04:15:00,21.629766309071385
2025-01-16 04:30:00,26.160002485571177
2025-01-16 04:45:00,23.058226678932883
2025-01-16 05:00:00,25.286703404510597
2025-01-16 05:15:00,22.110088327008704
2025-01-16 05:30:00,23.239746010280577
2025-01-16 05:45:00,28.453696327282856
2025-01-16 06:00:00,32.2169812221373
2025-01-16 06:15:00,32.77598830961511
2025-01-16 06:30:00,32.782743720015645
2025-01-16 06:45:00,36.13994567193631
2025-01-16 07:00:00,39.48503160226997
2025-01-16 07:15:00,41.819913993368445
2025-01-16 07:30:00,49.06690287984558
2025-01-16 07:45:00,53.26109805272775
2025-01-16 08:00:00,50.98880111860532
2025-01-16 08:15:00,44.79884049498263
2025-01-16 08:30:00,48.31906670442582
2025-01-16 08:45:00,45.836139667013725
2025-01-16 09:00:00,48.29842756907598
2025-01-16 09:15:00,35.904696775158584
2025-01-16 09:30:00,35.0303788586292
2025-01-16 09:45:00,36.94972944378366
2025-01-16 10:00:00,30.88171965602116
2025-01-16 10:15:00,28.725358342780243
2025-01-16 10:30:00,25.674809519272877
2025-01-16 10:45:00,24.76242673830591
2025-01-16 11:00:00,24.841398127784828
2025-01-16 11:15:00,20.162125803775577
2025-01-16 11:30:00,23.916961570653456
2025-01-16 11:45:00,18.002177151498817
2025-01-16 12:00:00,22.089977921736217
2025-01-16 12:15:00,21.632550332273077
2025-01-16 12:30:00,19.619588793975876
2025-01-16 12:45:00,21.124917511717136
2025-01-16 13:00:00,19.693148560333835
2025-01-16 13:15:00,18.694506217226113
2025-01-16 13:30:00,20.689599836022943
2025-01-16 13:45:00,19.117590397305495
2025-01-16 14:00:00,23.12991550494542
2025-01-16 14:15:00,20.07996145763544
2025-01-16 14:30:00,25.60570795148379
2025-01-16 14:45:00,22.034645656142338
2025-01-16 15:00:00,25.077302555427078
2025-01-16 15:15:00,26.81737449972231
2025-01-16 15:30:00,33.977790003882504
2025-01-16 15:45:00,34.16686226728065
2025-01-16 16:00:00,35.83128830336444
2025-01-16 16:15:00,40.88161839647041
2025-01-16 16:30:00,37.76542776091015
2025-01-16 16:45:00,46.28219319725382
2025-01-16 17:00:00,54.507871819700966
2025-01-16 17:15:00,52.53871204610869
2025-01-16 17:30:00,54.45656092536919
2025-01-16 17:45:00,56.970690784063095
2025-01-16 18:00:00,58.28913465013217
2025-01-16 18:15:00,50.608092152386305
2025-01-16 18:30:00,50.0837398972614
2025-01-16 18:45:00,52.73774115669106
2025-01-16 19:00:00,47.732451168662756
2025-01-16 19:15:00,49.677035573559536
2025-01-16 19:30:00,42.25380694626917
2025-01-16 19:45:00,34.80821627953272
2025-01-16 20:00:00,33.20170033573111
2025-01-16 20:15:00,26.47944853424803
2025-01-16 20:30:00,30.093498969534657
2025-01-16 20:45:00,27.923199547094473
2025-01-16 21:00:00,25.448543554583942
2025-01-16 21:15:00,27.703575134631336
2025-01-16 21:30:00,26.841446537541394
2025-01-16 21:45:00,22.549865648717528
2025-01-16 22:00:00,17.007964110400817
2025-01-16 22:15:00,23.443269650908867
2025-01-16 22:30:00,22.984395520583963
2025-01-16 22:45:00,22.167568594613282
2025-01-16 23:00:00,23.71761078057075
2025-01-16 23:15:00,18.27036374013076
2025-01-16 23:30:00,26.154855448319715
2025-01-16 23:45:00,18.705314861402037
2025-01-17 00:00:00,22.939847534902096
2025-01-17 00:15:00,16.849115693384736
2025-01-17 00:30:00,18.74251833476954
2025-01-17 00:45:00,24.859798030297156
2025-01-17 01:00:00,20.41732679080556
2025-01-17 01:15:00,23.17009270919396
2025-01-17 01:30:00,21.663410901496974
2025-01-17 01:45:00,20.809430652338257
2025-01-17 02:00:00,24.482420508868994
2025-01-17 02:15:00,20.482503929832394
2025-01-17 02:30:00,16.624534751729364
2025-01-17 02:45:00,19.072391489661584
2025-01-17 03:00:00,22.466472285320574
2025-01-17 03:15:00,22.092958488011032
2025-01-17 03:30:00,17.21678148385534
2025-01-17 03:45:00,19.380113533612494
2025-01-17 04:00:00,19.838608413138385
2025-01-17 04:15:00,20.555910298014606
2025-01-17 04:30:00,18.323596912114695
2025-01-17 04:45:00,20.660674735466834
2025-01-17 05:00:00,21.124450141847372
2025-01-17 05:15:00,25.91712348881703
2025-01-17 05:30:00,27.46362172783393
2025-01-17 05:45:00,27.00657967813256
2025-01-17 06:00:00,28.8321730099064
2025-01-17 06:15:00,33.09183221832095
2025-01-17 06:30:00,34.02396367269517
2025-01-17 06:45:00,36.74018576585024
2025-01-17 07:00:00,40.76899396903049
2025-01-17 07:15:00,44.71861074939746
2025-01-17 07:30:00,45.951179365356396
2025-01-17 07:45:00,50.920311529724096
2025-01-17 08:00:00,52.913304153985834
2025-01-17 08:15:00,46.54880601994087
2025-01-17 08:30:00,48.925464016911484
2025-01-17 08:45:00,45.75997205403862
2025-01-17 09:00:00,43.978876790963604
2025-01-17 09:15:00,39.581869020807716
2025-01-17 09:30:00,32.43974904890732
2025-01-17 09:45:00,29.595798878888548
2025-01-17 10:00:00,29.897007125226438
2025-01-17 10:15:00,29.955702341962166
2025-01-17 10:30:00,19.91955438271489
2025-01-17 10:45:00,24.868558724775912
2025-01-17 11:00:00,25.93810369891681
2025-01-17 11:15:00,21.869951294101174
2025-01-17 11:30:00,23.163995747058273
2025-01-17 11:45:00,19.743686375077374
2025-01-17 12:00:00,21.037316875074396
2025-01-17 12:15:00,17.200088511896094
2025-01-17 12:30:00,15.366137627018176
2025-01-17 12:45:00,23.605219586703654
2025-01-17 13:00:00,18.853686006295828
2025-01-17 13:15:00,20.301614305481113
2025-01-17 13:30:00,18.174205440490784
2025-01-17 13:45:00,18.419312111634174
2025-01-17 14:00:00,21.955001978084972
2025-01-17 14:15:00,21.197906591286447
2025-01-17 14:30:00,24.837367272602123
2025-01-17 14:45:00,26.186363757022583
2025-01-17 15:00:00,27.361838343800326
2025-01-17 15:15:00,29.04205938119058
2025-01-17 15:30:00,34.67601807763433
2025-01-17 15:45:00,30.73882736423617
2025-01-17 16:00:00,36.28996002782735
2025-01-17 16:15:00,42.533218728704284
2025-01-17 16:30:00,46.26143253618868
2025-01-17 16:45:00,42.90229243160387
2025-01-17 17:00:00,48.7998721546586
2025-01-17 17:15:00,55.669822903379384
2025-01-17 17:30:00,55.62365014905273
2025-01-17 17:45:00,56.155201797266244
2025-01-17 18:00:00,55.57258419186887
2025-01-17 18:15:00,54.7089309539508
2025-01-17 18:30:00,55.076778143073994
2025-01-17 18:45:00,51.647752000123695
2025-01-17 19:00:00,49.479870404404636
2025-01-17 19:15:00,46.660143566906555
2025-01-17 19:30:00,41.413238483357695
2025-01-17 19:45:00,41.041540937128325
2025-01-17 20:00:00,43.724021132488865
2025-01-17 20:15:00,28.977846368618497
2025-01-17 20:30:00,31.555518506826104
2025-01-17 20:45:00,26.560359027317382
2025-01-17 21:00:00,28.019881156446026
2025-01-17 21:15:00,25.18944560398586
2025-01-17 21:30:00,25.816458264965032
2025-01-17 21:45:00,25.98127753198897
2025-01-17 22:00:00,22.892425457122624
2025-01-17 22:15:00,24.796870804322882
2025-01-17 22:30:00,15.801924598450043
2025-01-17 22:45:00,25.436894797620194
2025-01-17 23:00:00,22.268241170640525
2025-01-17 23:15:00,23.943716754255533
2025-01-17 23:30:00,18.149952004362277
2025-01-17 23:45:00,19.093633923852583
2025-01-18 00:00:00,12.498310300252468
2025-01-18 00:15:00,12.09156446960503
2025-01-18 00:30:00,12.842525517086433
2025-01-18 00:45:00,14.846837483856074
2025-01-18 01:00:00,7.723196293600332
2025-01-18 01:15:00,14.571497713753748
2025-01-18 01:30:00,12.158372273863755
2025-01-18 01:45:00,11.628967369282643
2025-01-18 02:00:00,8.461479232114174
2025-01-18 02:15:00,13.39794748740041
2025-01-18 02:30:00,6.106594691100566
2025-01-18 02:45:00,13.765423317344652
2025-01-18 03:00:00,8.41888692095258
2025-01-18 03:15:00,12.291739844548047
2025-01-18 03:30:00,11.877118268894273
2025-01-18 03:45:00,15.130296764100937
2025-01-18 04:00:00,11.816194084210721
2025-01-18 04:15:00,10.624968013490342
2025-01-18 04:30:00,11.255708342774792
2025-01-18 04:45:00,15.96225643294345
2025-01-18 05:00:00,14.514010087259058
2025-01-18 05:15:00,12.782777938100912
2025-01-18 05:30:00,13.954939839191049
2025-01-18 05:45:00,11.690083753959836
2025-01-18 06:00:00,17.922166190651218
2025-01-18 06:15:00,14.163115871708841
2025-01-18 06:30:00,22.270317843420322
2025-01-18 06:45:00,22.660718687697123
2025-01-18 07:00:00,30.238611302618708
2025-01-18 07:15:00,23.27355862293603
2025-01-18 07:30:00,27.172375928849412
2025-01-18 07:45:00,32.83547726690823
2025-01-18 08:00:00,31.634163437105087
2025-01-18 08:15:00,26.60061698492542
2025-01-18 08:30:00,27.991727977796167
2025-01-18 08:45:00,26.03306345090661
2025-01-18 09:00:00,24.981678708731884
2025-01-18 09:15:00,20.599411461627387
2025-01-18 09:30:00,20.17586630022913
2025-01-18 09:45:00,14.577262587474635
2025-01-18 10:00:00,17.299936524637694
2025-01-18 10:15:00,16.74565813567915
2025-01-18 10:30:00,13.991570478936229
2025-01-18 10:45:00,9.724875025979399
2025-01-18 11:00:00,15.662037971477348
2025-01-18 11:15:00,13.710990459909318
2025-01-18 11:30:00,10.729738094154545
2025-01-18 11:45:00,11.685665521166333
2025-01-18 12:00:00,8.544710980249654
2025-01-18 12:15:00,9.687323667852597
2025-01-18 12:30:00,10.892676132297066
2025-01-18 12:45:00,15.320289117129768
2025-01-18 13:00:00,10.688118678465425
2025-01-18 13:15:00,13.956067165989696
2025-01-18 13:30:00,11.119987482309137
2025-01-18 13:45:00,13.253118340388617
2025-01-18 14:00:00,12.525021141510301
2025-01-18 14:15:00,15.40920327484206
2025-01-18 14:30:00,12.368670575781373
2025-01-18 14:45:00,10.41410869507186
2025-01-18 15:00:00,11.71845236297041
2025-01-18 15:15:00,14.881157489430132
2025-01-18 15:30:00,14.345835922554393
2025-01-18 15:45:00,19.96624624647064
2025-01-18 16:00:00,19.43732530486718
2025-01-18 16:15:00,28.339382969490494
2025-01-18 16:30:00,19.9281165022458
2025-01-18 16:45:00,26.627938671203243
2025-01-18 17:00:00,25.017518263945874
2025-01-18 17:15:00,28.08577768062864
2025-01-18 17:30:00,30.816554973398976
2025-01-18 17:45:00,25.372365896916534
2025-01-18 18:00:00,32.025535601034264
2025-01-18 18:15:00,35.94445203944335
2025-01-18 18:30:00,29.332188643430023
2025-01-18 18:45:00,29.972967822518644
2025-01-18 19:00:00,30.405261253928497
2025-01-18 19:15:00,25.715917221752452
2025-01-18 19:30:00,22.82833681329926
2025-01-18 19:45:00,16.723248920305068
2025-01-18 20:00:00,22.21533486923412
2025-01-18 20:15:00,18.670296483113464
2025-01-18 20:30:00,14.950666241318077
2025-01-18 20:45:00,16.542621060538305
2025-01-18 21:00:00,13.730788184082577
2025-01-18 21:15:00,13.042408748892452
2025-01-18 21:30:00,15.240837678182173
2025-01-18 21:45:00,9.901345664245937
2025-01-18 22:00:00,15.518776308504947
2025-01-18 22:15:00,9.162037303019607
2025-01-18 22:30:00,10.832572813399489
2025-01-18 22:45:00,17.185956451576878
2025-01-18 23:00:00,15.125692362633409
2025-01-18 23:15:00,12.506815391629715
2025-01-18 23:30:00,9.884585558676669
2025-01-18 23:45:00,10.89704736062306
2025-01-19 00:00:00,12.383327234963987
2025-01-19 00:15:00,12.294641657406897
2025-01-19 00:30:00,11.974351106605766
2025-01-19 00:45:00,12.125142679929912
2025-01-19 01:00:00,11.666983691203884
2025-01-19 01:15:00,8.598677578969658
2025-01-19 01:30:00,10.913065027176069
2025-01-19 01:45:00,14.491656540670343
2025-01-19 02:00:00,8.78510595780782
2025-01-19 02:15:00,11.733111421219265
2025-01-19 02:30:00,10.159153880360265
2025-01-19 02:45:00,12.489488746352365
2025-01-19 03:00:00,11.244242940577228
2025-01-19 03:15:00,15.91825360905025
2025-01-19 03:30:00,13.508172631298924
2025-01-19 03:45:00,8.993617865032412
2025-01-19 04:00:00,14.007576419388908
2025-01-19 04:15:00,10.490359159308564
2025-01-19 04:30:00,11.14639853786818
2025-01-19 04:45:00,13.63127144493381
2025-01-19 05:00:00,12.010573498590702
2025-01-19 05:15:00,16.04566681632542
2025-01-19 05:30:00,12.676455118928057
2025-01-19 05:45:00,14.12733448255426
2025-01-19 06:00:00,15.37672783826131
2025-01-19 06:15:00,17.21523265366912
2025-01-19 06:30:00,23.20547995131043
2025-01-19 06:45:00,23.97782982410393
2025-01-19 07:00:00,28.61276607232329
2025-01-19 07:15:00,31.759682400604145
2025-01-19 07:30:00,24.918912960229356
2025-01-19 07:45:00,28.58248021652801
2025-01-19 08:00:00,25.781862928377183
2025-01-19 08:15:00,26.463806678113716
2025-01-19 08:30:00,25.923277514832584
2025-01-19 08:45:00,23.451852258132423
2025-01-19 09:00:00,21.713745241609672
2025-01-19 09:15:00,22.052075988898036
2025-01-19 09:30:00,17.424045644624165
2025-01-19 09:45:00,20.744385307119718
2025-01-19 10:00:00,14.734418435032916
2025-01-19 10:15:00,22.711203260974763
2025-01-19 10:30:00,13.498332266744166
2025-01-19 10:45:00,14.009220740843212
2025-01-19 11:00:00,10.019029736792817
2025-01-19 11:15:00,17.131581643855625
2025-01-19 11:30:00,15.410201924023491
2025-01-19 11:45:00,13.19613069871099
2025-01-19 12:00:00,8.996052498864552
2025-01-19 12:15:00,12.844190565218122
2025-01-19 12:30:00,9.500301266755992
2025-01-19 12:45:00,15.971799628722007
2025-01-19 13:00:00,14.376538368926258
2025-01-19 13:15:00,12.660804997496355
2025-01-19 13:30:00,6.4415132149539955
2025-01-19 13:45:00,10.241383875220567
2025-01-19 14:00:00,14.664587109478703
2025-01-19 14:15:00,16.325445387527306
2025-01-19 14:30:00,16.54529783366731
2025-01-19 14:45:00,10.432071198083538
2025-01-19 15:00:00,15.993880092020966
2025-01-19 15:15:00,18.816313649103563
2025-01-19 15:30:00,13.389321318903123
2025-01-19 15:45:00,18.987629302447885
2025-01-19 16:00:00,21.35302609639273
2025-01-19 16:15:00,21.717629515916787
2025-01-19 16:30:00,19.70867273519484
2025-01-19 16:45:00,25.371284832853632
2025-01-19 17:00:00,27.085811630681704
2025-01-19 17:15:00,29.015774403825166
2025-01-19 17:30:00,29.121002110094157
2025-01-19 17:45:00,30.144938334607797
2025-01-19 18:00:00,31.400878986805967
2025-01-19 18:15:00,32.359994279791415
2025-01-19 18:30:00,29.77139186581905
2025-01-19 18:45:00,28.36600024319408
2025-01-19 19:00:00,28.14051650036036
2025-01-19 19:15:00,21.390185540691203
2025-01-19 19:30:00,25.539999486303326
2025-01-19 19:45:00,22.477856570411262
2025-01-19 20:00:00,20.778766270849804
2025-01-19 20:15:00,21.42172766003108
2025-01-19 20:30:00,12.667011428277075
2025-01-19 20:45:00,11.358218993805876
2025-01-19 21:00:00,15.941173073016044
2025-01-19 21:15:00,14.412356322469192
2025-01-19 21:30:00,14.217226529499445
2025-01-19 21:45:00,12.15865838823365
2025-01-19 22:00:00,14.628046662529593
2025-01-19 22:15:00,15.054524201902629
2025-01-19 22:30:00,13.765956452775681
2025-01-19 22:45:00,11.793194204008193
2025-01-19 23:00:00,7.104756373100558
2025-01-19 23:15:00,14.25257031409315
2025-01-19 23:30:00,15.356907146582907
2025-01-19 23:45:00,13.898298540941957
2025-01-20 00:00:00,19.067707299308836
2025-01-20 00:15:00,22.951994064415153
2025-01-20 00:30:00,23.419527473675924
2025-01-20 00:45:00,25.16594018380917
2025-01-20 01:00:00,19.079324688565432
2025-01-20 01:15:00,20.70417288582926
2025-01-20 01:30:00,23.139225708385133
2025-01-20 01:45:00,21.41537437176172
2025-01-20 02:00:00,18.479498842236726
2025-01-20 02:15:00,22.310714854856545
2025-01-20 02:30:00,22.7230572560036
2025-01-20 02:45:00,21.500422111195995
2025-01-20 03:00:00,21.83747843234384
2025-01-20 03:15:00,20.65744411871808
2025-01-20 03:30:00,25.030147599561726
2025-01-20 03:45:00,19.139262523678948
2025-01-20 04:00:00,20.024633030062194
2025-01-20 04:15:00,21.697071217946625
2025-01-20 04:30:00,24.16078910369845
2025-01-20 04:45:00,18.68819273135683
2025-01-20 05:00:00,19.870257631410237
2025-01-20 05:15:00,19.09399222090308
2025-01-20 05:30:00,25.722579664319138
2025-01-20 05:45:00,24.775364431165883
2025-01-20 06:00:00,29.05092037536608
2025-01-20 06:15:00,34.595490063780076
2025-01-20 06:30:00,34.66156779020463
2025-01-20 06:45:00,40.38549417895489
2025-01-20 07:00:00,42.57122537279312
2025-01-20 07:15:00,48.18595259789485
2025-01-20 07:30:00,50.24770718403474
2025-01-20 07:45:00,48.98535154245803
2025-01-20 08:00:00,50.86740873685307
2025-01-20 08:15:00,53.32593341706535
2025-01-20 08:30:00,50.04610756533429
2025-01-20 08:45:00,43.01742954865428
2025-01-20 09:00:00,44.96417338087769
2025-01-20 09:15:00,37.10271253580373
2025-01-20 09:30:00,39.80505307446656
2025-01-20 09:45:00,35.512042376461665
2025-01-20 10:00:00,30.748185026887647
2025-01-20 10:15:00,27.97685530201652
2025-01-20 10:30:00,25.13246532108149
2025-01-20 10:45:00,25.900575304599673
2025-01-20 11:00:00,22.237126412870186
2025-01-20 11:15:00,23.041463812044086
2025-01-20 11:30:00,24.16834857411844
2025-01-20 11:45:00,20.296865869335544
2025-01-20 12:00:00,19.995273674117495
2025-01-20 12:15:00,18.46648175668297
2025-01-20 12:30:00,18.76583718357757
2025-01-20 12:45:00,16.877339955864354
2025-01-20 13:00:00,23.3407684489734
2025-01-20 13:15:00,26.162743424024256
2025-01-20 13:30:00,25.403656583169678
2025-01-20 13:45:00,18.079048298605215
2025-01-20 14:00:00,24.401756058039652
2025-01-20 14:15:00,26.7771386022621
2025-01-20 14:30:00,22.95043797659636
2025-01-20 14:45:00,25.508659437026367
2025-01-20 15:00:00,21.740004751804776
2025-01-20 15:15:00,29.31242097463872
2025-01-20 15:30:00,28.272721392545463
2025-01-20 15:45:00,34.10692248245481
2025-01-20 16:00:00,32.724313038690084
2025-01-20 16:15:00,41.258662889426944
2025-01-20 16:30:00,45.861387852237954
2025-01-20 16:45:00,44.698775051505024
2025-01-20 17:00:00,46.93847745609983
2025-01-20 17:15:00,47.08448570816392
2025-01-20 17:30:00,53.88744170169476
2025-01-20 17:45:00,54.41308253369045
2025-01-20 18:00:00,52.439270545413024
2025-01-20 18:15:00,57.001003309828235
2025-01-20 18:30:00,53.431327681514205
2025-01-20 18:45:00,49.78937056679946
2025-01-20 19:00:00,48.39990909374227
2025-01-20 19:15:00,49.34193129977065
2025-01-20 19:30:00,44.81578281480714
2025-01-20 19:45:00,39.58617549950615
2025-01-20 20:00:00,38.18619520844009
2025-01-20 20:15:00,30.718056226794477
2025-01-20 20:30:00,31.026435598996372
2025-01-20 20:45:00,29.029163225908466
2025-01-20 21:00:00,25.601806592228723
2025-01-20 21:15:00,26.361720911387394
2025-01-20 21:30:00,22.160760844075387
2025-01-20 21:45:00,24.517086010984954
2025-01-20 22:00:00,23.991042742358044
2025-01-20 22:15:00,14.873863532372415
2025-01-20 22:30:00,24.83845674252467
2025-01-20 22:45:00,14.041705790275895
2025-01-20 23:00:00,19.990486377847006
2025-01-20 23:15:00,24.012501601364605
2025-01-20 23:30:00,20.606447704162623
2025-01-20 23:45:00,17.705116822519713
2025-01-21 00:00:00,18.599145097045138
2025-01-21 00:15:00,23.90144682965652
2025-01-21 00:30:00,16.531116261009927
2025-01-21 00:45:00,24.158051700325714
2025-01-21 01:00:00,21.198518635138814
2025-01-21 01:15:00,18.355995404692738
2025-01-21 01:30:00,19.879932283378984
2025-01-21 01:45:00,18.79546272402144
2025-01-21 02:00:00,23.505055233120448
2025-01-21 02:15:00,23.171918050306093
2025-01-21 02:30:00,17.04517472038478
2025-01-21 02:45:00,20.338208957679367
2025-01-21 03:00:00,19.1972263421425
2025-01-21 03:15:00,24.60465817769004
2025-01-21 03:30:00,18.02587684856474
2025-01-21 03:45:00,25.468240128282385
2025-01-21 04:00:00,21.476372471788512
2025-01-21 04:15:00,18.831445801786806
2025-01-21 04:30:00,20.336892958032234
2025-01-21 04:45:00,20.494252938281257
2025-01-21 05:00:00,20.026127884394285
2025-01-21 05:15:00,24.492055023175023
2025-01-21 05:30:00,22.63772710806557
2025-01-21 05:45:00,22.18688783594599
2025-01-21 06:00:00,29.129778856899648
2025-01-21 06:15:00,28.50157848161532
2025-01-21 06:30:00,34.451696805602154
2025-01-21 06:45:00,37.6012062841973
2025-01-21 07:00:00,41.20820434571711
2025-01-21 07:15:00,51.57474894773835
2025-01-21 07:30:00,49.26759031719786
2025-01-21 07:45:00,51.3952876889921
2025-01-21 08:00:00,46.91471676310768
2025-01-21 08:15:00,49.148341472281025
2025-01-21 08:30:00,49.66759634816204
2025-01-21 08:45:00,44.0151867943588
2025-01-21 09:00:00,45.661959720353416
2025-01-21 09:15:00,36.874172010750975
2025-01-21 09:30:00,35.62452944351031
2025-01-21 09:45:00,31.553340560529424
2025-01-21 10:00:00,30.50094736915565
2025-01-21 10:15:00,26.049222397396687
2025-01-21 10:30:00,25.044486277081912
2025-01-21 10:45:00,23.680614580263853
2025-01-21 11:00:00,21.394776826656305
2025-01-21 11:15:00,23.731948190296347
2025-01-21 11:30:00,22.65115797852259
2025-01-21 11:45:00,21.546521748625814
2025-01-21 12:00:00,20.52628407404855
2025-01-21 12:15:00,23.51042991840332
2025-01-21 12:30:00,20.90410782296676
2025-01-21 12:45:00,20.74825939851248
2025-01-21 13:00:00,21.8445959347641
2025-01-21 13:15:00,25.94859815985367
2025-01-21 13:30:00,18.556118088050116
2025-01-21 13:45:00,24.135576136419104
2025-01-21 14:00:00,17.923365859663104
2025-01-21 14:15:00,23.831730006633983
2025-01-21 14:30:00,28.096844381074057
2025-01-21 14:45:00,26.543386555178728
2025-01-21 15:00:00,27.252974458775146
2025-01-21 15:15:00,27.31113126629864
2025-01-21 15:30:00,31.075913100962858
2025-01-21 15:45:00,33.04435228277684
2025-01-21 16:00:00,34.72905320794311
2025-01-21 16:15:00,39.24350267315499
2025-01-21 16:30:00,43.86273344884654
2025-01-21 16:45:00,44.805356418075554
2025-01-21 17:00:00,47.83175374152343
2025-01-21 17:15:00,49.140609104167645
2025-01-21 17:30:00,55.59696248571416
2025-01-21 17:45:00,57.29704990792133
2025-01-21 18:00:00,56.96264457048366
2025-01-21 18:15:00,58.348057034478686
2025-01-21 18:30:00,54.842597112486864
2025-01-21 18:45:00,53.52541219043615
2025-01-21 19:00:00,50.6126080555465
2025-01-21 19:15:00,46.501494287510305
2025-01-21 19:30:00,42.048060268704184
2025-01-21 19:45:00,45.51329657634137
2025-01-21 20:00:00,35.5752295962534
2025-01-21 20:15:00,32.02231622356945
2025-01-21 20:30:00,32.09720928941328
2025-01-21 20:45:00,29.357167821539015
2025-01-21 21:00:00,23.331093378058938
2025-01-21 21:15:00,28.146445091512412
2025-01-21 21:30:00,23.943032425918645
2025-01-21 21:45:00,20.531880887114575
2025-01-21 22:00:00,25.650030483023713
2025-01-21 22:15:00,23.797626546714675
2025-01-21 22:30:00,18.768011887488807
2025-01-21 22:45:00,26.170418687911305
2025-01-21 23:00:00,23.244276746262013
2025-01-21 23:15:00,21.490315610266816
2025-01-21 23:30:00,25.44188591495739
2025-01-21 23:45:00,21.83550062187688
2025-01-22 00:00:00,21.329954447185948
2025-01-22 00:15:00,19.750106557409215
2025-01-22 00:30:00,22.856178069258434
2025-01-22 00:45:00,22.593755749839836
2025-01-22 01:00:00,21.43964861607803
2025-01-22 01:15:00,19.428692229739024
2025-01-22 01:30:00,21.72921898316011
2025-01-22 01:45:00,21.23070099597941
2025-01-22 02:00:00,18.072480817747838
2025-01-22 02:15:00,17.72799203119775
2025-01-22 02:30:00,22.822635385708534
2025-01-22 02:45:00,14.909142849957696
2025-01-22 03:00:00,21.93539119901556
2025-01-22 03:15:00,20.242349995766272
2025-01-22 03:30:00,24.738415544689783
2025-01-22 03:45:00,20.290671227294375
2025-01-22 04:00:00,23.274994239819808
2025-01-22 04:15:00,20.810671598251762
2025-01-22 04:30:00,22.38112318538
2025-01-22 04:45:00,24.407065751111727
2025-01-22 05:00:00,22.122958982230813
2025-01-22 05:15:00,26.81304946870431
2025-01-22 05:30:00,23.289945675638183
2025-01-22 05:45:00,28.44095984779662
2025-01-22 06:00:00,32.45224372459893
2025-01-22 06:15:00,34.72548708574507
2025-01-22 06:30:00,41.189885551218694
2025-01-22 06:45:00,38.03203959603826
2025-01-22 07:00:00,40.00504578101939
2025-01-22 07:15:00,44.15317780613438
2025-01-22 07:30:00,50.844342199254235
2025-01-22 07:45:00,52.09334188578643
2025-01-22 08:00:00,51.67802853669117
2025-01-22 08:15:00,48.042531067214725
2025-01-22 08:30:00,51.11318239024013
2025-01-22 08:45:00,43.58142151612417
2025-01-22 09:00:00,46.355850951109915
2025-01-22 09:15:00,47.09118391696242
2025-01-22 09:30:00,37.323247033211345
2025-01-22 09:45:00,34.54291438322189
2025-01-22 10:00:00,28.924670682071177
2025-01-22 10:15:00,23.191588657927426
2025-01-22 10:30:00,24.28159632079291
2025-01-22 10:45:00,21.60537609057116
2025-01-22 11:00:00,19.67990916270623
2025-01-22 11:15:00,26.891787757651905
2025-01-22 11:30:00,22.80401772010267
2025-01-22 11:45:00,22.783949946902908
2025-01-22 12:00:00,20.896548378322038
2025-01-22 12:15:00,21.153566519603952
2025-01-22 12:30:00,23.971744521709763
2025-01-22 12:45:00,21.5008342049485
2025-01-22 13:00:00,22.976280088714834
2025-01-22 13:15:00,21.28379509142322
2025-01-22 13:30:00,21.11830076488222
2025-01-22 13:45:00,18.760322873385277
2025-01-22 14:00:00,17.77859549044976
2025-01-22 14:15:00,22.70131674200563
2025-01-22 14:30:00,24.367053425644528
2025-01-22 14:45:00,22.173064535847697
2025-01-22 15:00:00,26.806898983448296
2025-01-22 15:15:00,28.913310729391796
2025-01-22 15:30:00,25.67494946820224
2025-01-22 15:45:00,31.4533720561957
2025-01-22 16:00:00,37.77882884571939
2025-01-22 16:15:00,41.002512918940745
2025-01-22 16:30:00,40.54926763989025
2025-01-22 16:45:00,47.186193599260704
2025-01-22 17:00:00,52.47015074024553
2025-01-22 17:15:00,54.55057447923455
2025-01-22 17:30:00,54.4486098365663
2025-01-22 17:45:00,54.83047535330216
2025-01-22 18:00:00,54.87680663266532
2025-01-22 18:15:00,57.171354643540376
2025-01-22 18:30:00,55.17736233625148
2025-01-22 18:45:00,54.18556924588648
2025-01-22 19:00:00,50.249373407864695
2025-01-22 19:15:00,48.84392859553365
2025-01-22 19:30:00,43.67827055503176
2025-01-22 19:45:00,42.006311210800014
2025-01-22 20:00:00,38.94883835541298
2025-01-22 20:15:00,31.74236830941772
2025-01-22 20:30:00,26.55849899722036
2025-01-22 20:45:00,32.6529383069471
2025-01-22 21:00:00,27.551393457474624
2025-01-22 21:15:00,21.120209099971973
2025-01-22 21:30:00,22.460644504858166
2025-01-22 21:45:00,25.30556873968766
2025-01-22 22:00:00,22.04555250291601
2025-01-22 22:15:00,21.019958453035688
2025-01-22 22:30:00,25.498245901750224
2025-01-22 22:45:00,19.175918104916683
2025-01-22 23:00:00,19.668574314568662
2025-01-22 23:15:00,22.110946470559316
2025-01-22 23:30:00,22.50915061464686
2025-01-22 23:45:00,22.74478813176382
2025-01-23 00:00:00,23.74493162997761
2025-01-23 00:15:00,21.963977782777192
2025-01-23 00:30:00,22.69168620194597
2025-01-23 00:45:00,20.82089956685139
2025-01-23 01:00:00,21.626368408054752
2025-01-23 01:15:00,21.739167948151334
2025-01-23 01:30:00,22.00881407090173
2025-01-23 01:45:00,23.403221862950875
2025-01-23 02:00:00,22.86070520305463
2025-01-23 02:15:00,21.584739800367885
2025-01-23 02:30:00,19.453611359940723
2025-01-23 02:45:00,21.649716166352903
2025-01-23 03:00:00,21.418494802982263
2025-01-23 03:15:00,21.98718597329304
2025-01-23 03:30:00,27.050786678950224
2025-01-23 03:45:00,20.281584187435193
2025-01-23 04:00:00,22.748680635612683
2025-01-23 04:15:00,24.540785753066196
2025-01-23 04:30:00,22.408431970522315
2025-01-23 04:45:00,28.476261605351226
2025-01-23 05:00:00,22.400924427322785
2025-01-23 05:15:00,25.198559696867633
2025-01-23 05:30:00,23.84385038978115
2025-01-23 05:45:00,26.892340287151654
2025-01-23 06:00:00,30.834653577230156
2025-01-23 06:15:00,35.25782789564777
2025-01-23 06:30:00,37.26318482804832
2025-01-23 06:45:00,43.155099396260965
2025-01-23 07:00:00,43.28218001651839
2025-01-23 07:15:00,45.87526863638388
2025-01-23 07:30:00,56.019872934690824
2025-01-23 07:45:00,51.900803057327266
2025-01-23 08:00:00,49.69035740623548
2025-01-23 08:15:00,49.18093866797159
2025-01-23 08:30:00,46.90598875419834
2025-01-23 08:45:00,49.05128123350171
2025-01-23 09:00:00,42.61420814654378
2025-01-23 09:15:00,40.33266843186318
2025-01-23 09:30:00,36.315021864296014
2025-01-23 09:45:00,34.98054944753908
2025-01-23 10:00:00,28.10663425570924
2025-01-23 10:15:00,25.09486562889614
2025-01-23 10:30:00,26.415812379931666
2025-01-23 10:45:00,25.90668678867699
2025-01-23 11:00:00,24.19542577009709
2025-01-23 11:15:00,20.62892796352867
2025-01-23 11:30:00,23.88224791387594
2025-01-23 11:45:00,20.041753061238076
2025-01-23 12:00:00,20.431932062955912
2025-01-23 12:15:00,19.29253479751675
2025-01-23 12:30:00,24.879938071350722
2025-01-23 12:45:00,23.231905237864122
2025-01-23 13:00:00,23.2287030664594
2025-01-23 13:15:00,24.958508772501098
2025-01-23 13:30:00,29.071980495918364
2025-01-23 13:45:00,18.071217411223756
2025-01-23 14:00:00,20.943701077784027
2025-01-23 14:15:00,21.881458167844542
2025-01-23 14:30:00,22.165437023313928
2025-01-23 14:45:00,22.761105892219607
2025-01-23 15:00:00,26.21062786950568
2025-01-23 15:15:00,25.804094417301243
2025-01-23 15:30:00,31.969249785803434
2025-01-23 15:45:00,33.9371038920752
2025-01-23 16:00:00,38.029915156899065
2025-01-23 16:15:00,41.370861608156225
2025-01-23 16:30:00,45.007646448065564
2025-01-23 16:45:00,45.92322551456088
2025-01-23 17:00:00,55.28366556703772
2025-01-23 17:15:00,53.26064425657175
2025-01-23 17:30:00,50.09728680614836
2025-01-23 17:45:00,53.561151155806556
2025-01-23 18:00:00,52.16558475454126
2025-01-23 18:15:00,56.11181614275372
2025-01-23 18:30:00,54.45176372687014
2025-01-23 18:45:00,51.507669369491545
2025-01-23 19:00:00,55.01367853967231
2025-01-23 19:15:00,48.236150288466526
2025-01-23 19:30:00,45.32370950986257
2025-01-23 19:45:00,37.78358008422476
2025-01-23 20:00:00,34.34059358477808
2025-01-23 20:15:00,33.91237301633135
2025-01-23 20:30:00,31.578051347137002
2025-01-23 20:45:00,24.220101632733787
2025-01-23 21:00:00,26.52565345717935
2025-01-23 21:15:00,25.50827842950525
2025-01-23 21:30:00,23.773994717086335
2025-01-23 21:45:00,21.409081361505613
2025-01-23 22:00:00,21.462581009554604
2025-01-23 22:15:00,21.924638401010732
2025-01-23 22:30:00,22.28971569360214
2025-01-23 22:45:00,23.372789310861844
2025-01-23 23:00:00,24.432772604942137
2025-01-23 23:15:00,20.913285357729738
2025-01-23 23:30:00,20.459297177832976
2025-01-23 23:45:00,22.66474411335697
2025-01-24 00:00:00,23.060623193191596
2025-01-24 00:15:00,20.448704531535398
2025-01-24 00:30:00,23.510884430624593
2025-01-24 00:45:00,23.98456045163825
2025-01-24 01:00:00,24.765513197718864
2025-01-24 01:15:00,25.982809148426018
2025-01-24 01:30:00,19.37170276831476
2025-01-24 01:45:00,21.573292250934465
2025-01-24 02:00:00,21.567709623348417
2025-01-24 02:15:00,21.295687755395374
2025-01-24 02:30:00,19.9199434068772
2025-01-24 02:45:00,17.833307396727665
2025-01-24 03:00:00,21.786912263903346
2025-01-24 03:15:00,19.65001725849948
2025-01-24 03:30:00,21.816131496577494
2025-01-24 03:45:00,19.67258166315036
2025-01-24 04:00:00,19.010486606797645
2025-01-24 04:15:00,22.52205086950691
2025-01-24 04:30:00,22.607405385899312
2025-01-24 04:45:00,24.14652811933236
2025-01-24 05:00:00,28.877356456304753
2025-01-24 05:15:00,25.148234852703848
2025-01-24 05:30:00,27.120243553283142
2025-01-24 05:45:00,25.143923186450785
2025-01-24 06:00:00,27.061724583506788
2025-01-24 06:15:00,37.165815740421
2025-01-24 06:30:00,34.22342267676534
2025-01-24 06:45:00,37.46412647786174
2025-01-24 07:00:00,43.4885203735679
2025-01-24 07:15:00,46.546883311147134
2025-01-24 07:30:00,47.070318283993345
2025-01-24 07:45:00,50.219450270548656
2025-01-24 08:00:00,54.62917494891632
2025-01-24 08:15:00,48.96828843512148
2025-01-24 08:30:00,45.84518171322047
2025-01-24 08:45:00,49.13301627971843
2025-01-24 09:00:00,44.82256804223118
2025-01-24 09:15:00,38.52964007470953
2025-01-24 09:30:00,32.58505039368361
2025-01-24 09:45:00,31.35693442019955
2025-01-24 10:00:00,30.153407779405327
2025-01-24 10:15:00,30.764650952572442
2025-01-24 10:30:00,23.330288558412754
2025-01-24 10:45:00,24.25966325675778
2025-01-24 11:00:00,25.118631020699446
2025-01-24 11:15:00,16.766068319576405
2025-01-24 11:30:00,24.839675612103918
2025-01-24 11:45:00,19.011953332070284
2025-01-24 12:00:00,22.632441792173424
2025-01-24 12:15:00,22.335800866957833
2025-01-24 12:30:00,24.40518256198947
2025-01-24 12:45:00,23.092336721138818
2025-01-24 13:00:00,15.839667781546478
2025-01-24 13:15:00,19.94520648536421
2025-01-24 13:30:00,22.452544582313966
2025-01-24 13:45:00,21.923507339308895
2025-01-24 14:00:00,24.050343737977936
2025-01-24 14:15:00,25.461986651064326
2025-01-24 14:30:00,25.88028980395407
2025-01-24 14:45:00,24.98605103845194
2025-01-24 15:00:00,22.410592385452105
2025-01-24 15:15:00,27.773574966996925
2025-01-24 15:30:00,32.2392386209165
2025-01-24 15:45:00,31.14841434073669
2025-01-24 16:00:00,38.47220470390308
2025-01-24 16:15:00,42.43919810583807
2025-01-24 16:30:00,43.88397113884769
2025-01-24 16:45:00,39.26397257444881
2025-01-24 17:00:00,46.852260537283264
2025-01-24 17:15:00,57.45671374536593
2025-01-24 17:30:00,53.45382858874862
2025-01-24 17:45:00,51.173406846008824
2025-01-24 18:00:00,59.671635081495694
2025-01-24 18:15:00,56.16854293234384
2025-01-24 18:30:00,57.585302393007
2025-01-24 18:45:00,53.43780468589782
2025-01-24 19:00:00,51.199435482810664
2025-01-24 19:15:00,47.83789060616975
2025-01-24 19:30:00,45.31885876965844
2025-01-24 19:45:00,45.87151430907947
2025-01-24 20:00:00,39.332646036612786
2025-01-24 20:15:00,29.936185357584346
2025-01-24 20:30:00,32.32886166981291
2025-01-24 20:45:00,31.781256854387188
2025-01-24 21:00:00,30.049847414252763
2025-01-24 21:15:00,24.473260148282954
2025-01-24 21:30:00,27.290903128093692
2025-01-24 21:45:00,25.828587774859532
2025-01-24 22:00:00,29.309386940390993
2025-01-24 22:15:00,20.558456427930658
2025-01-24 22:30:00,20.86088857718517
2025-01-24 22:45:00,21.16218711694475
2025-01-24 23:00:00,20.571751101077236
2025-01-24 23:15:00,19.490777175748068
2025-01-24 23:30:00,14.759673287546223
2025-01-24 23:45:00,20.550530628822585
2025-01-25 00:00:00,13.523580399404793
2025-01-25 00:15:00,11.36782526444841
2025-01-25 00:30:00,17.44002769114873
2025-01-25 00:45:00,12.635709798585314
2025-01-25 01:00:00,15.830540405082292
2025-01-25 01:15:00,13.257221751549896
2025-01-25 01:30:00,14.67040645896658
2025-01-25 01:45:00,13.303246592192416
2025-01-25 02:00:00,16.027949583099804
2025-01-25 02:15:00,12.74689487705375
2025-01-25 02:30:00,13.848886774164622
2025-01-25 02:45:00,13.526991308637479
2025-01-25 03:00:00,11.895158549581263
2025-01-25 03:15:00,13.637271545580552
2025-01-25 03:30:00,18.227726662972778
2025-01-25 03:45:00,11.99717972589212
2025-01-25 04:00:00,13.778214924143064
2025-01-25 04:15:00,15.971482478792613
2025-01-25 04:30:00,15.839568970328
2025-01-25 04:45:00,13.276061240619702
2025-01-25 05:00:00,7.681516592177918
2025-01-25 05:15:00,15.50533062379448
2025-01-25 05:30:00,9.464090927809199
2025-01-25 05:45:00,19.74959024304103
2025-01-25 06:00:00,17.841386051770016
2025-01-25 06:15:00,21.528560875891976
2025-01-25 06:30:00,18.602269518643553
2025-01-25 06:45:00,18.92461670848332
2025-01-25 07:00:00,25.389838449301315
2025-01-25 07:15:00,26.40660959262094
2025-01-25 07:30:00,26.666899776322577
2025-01-25 07:45:00,29.01813190169698
2025-01-25 08:00:00,36.0409997517217
2025-01-25 08:15:00,30.89418166756231
2025-01-25 08:30:00,30.522276606785343
2025-01-25 08:45:00,28.60462797401678
2025-01-25 09:00:00,28.442165085141472
2025-01-25 09:15:00,22.337654054602098
2025-01-25 09:30:00,15.72898472305723
2025-01-25 09:45:00,18.567648878415895
2025-01-25 10:00:00,19.45818785522324
2025-01-25 10:15:00,13.662826149601383
2025-01-25 10:30:00,14.585924819587111
2025-01-25 10:45:00,12.499798580200084
2025-01-25 11:00:00,17.412502129221018
2025-01-25 11:15:00,15.14004108870822
2025-01-25 11:30:00,14.640348075281384
2025-01-25 11:45:00,14.40789060632842
2025-01-25 12:00:00,12.669982041088433
2025-01-25 12:15:00,13.211460378880615
2025-01-25 12:30:00,9.740963732123618
2025-01-25 12:45:00,7.24985282481747
2025-01-25 13:00:00,13.128800666811173
2025-01-25 13:15:00,13.632229343612659
2025-01-25 13:30:00,15.955660095791028
2025-01-25 13:45:00,17.02830966372935
2025-01-25 14:00:00,17.27022679463167
2025-01-25 14:15:00,11.198223476640008
2025-01-25 14:30:00,13.291757019217842
2025-01-25 14:45:00,16.01298574504591
2025-01-25 15:00:00,21.969807320999433
2025-01-25 15:15:00,20.377819918836316
2025-01-25 15:30:00,20.733699439509973
2025-01-25 15:45:00,18.437967003663033
2025-01-25 16:00:00,18.86046732438906
2025-01-25 16:15:00,24.84185698814701
2025-01-25 16:30:00,21.987470514767228
2025-01-25 16:45:00,25.989485532242483
2025-01-25 17:00:00,28.01717663546974
2025-01-25 17:15:00,33.76828193965685
2025-01-25 17:30:00,30.04298371791292
2025-01-25 17:45:00,25.554390922935212
2025-01-25 18:00:00,33.161302613484864
2025-01-25 18:15:00,29.90634943626261
2025-01-25 18:30:00,31.03908263571037
2025-01-25 18:45:00,29.573407113664057
2025-01-25 19:00:00,27.625417716835074
2025-01-25 19:15:00,28.5683731115462
2025-01-25 19:30:00,20.915295774010698
2025-01-25 19:45:00,21.586775052488044
2025-01-25 20:00:00,22.78967353880464
2025-01-25 20:15:00,17.884726254339284
2025-01-25 20:30:00,13.92707978187805
2025-01-25 20:45:00,18.36423832825041
2025-01-25 21:00:00,18.464446337466377
2025-01-25 21:15:00,14.717706742838248
2025-01-25 21:30:00,9.289716477001068
2025-01-25 21:45:00,15.478946744567088
2025-01-25 22:00:00,9.217489075035829
2025-01-25 22:15:00,13.894971588200528
2025-01-25 22:30:00,10.737387457696748
2025-01-25 22:45:00,9.945713437257522
2025-01-25 23:00:00,11.669251101092625
2025-01-25 23:15:00,12.271282204587463
2025-01-25 23:30:00,11.092111156728087
2025-01-25 23:45:00,14.158707008175167
2025-01-26 00:00:00,11.551686187617161
2025-01-26 00:15:00,15.118031441001953
2025-01-26 00:30:00,13.37118203004387
2025-01-26 00:45:00,10.925051633914102
2025-01-26 01:00:00,10.504792441150453
2025-01-26 01:15:00,8.551604355715591
2025-01-26 01:30:00,13.397895512509704
2025-01-26 01:45:00,11.78534822283933
2025-01-26 02:00:00,6.742173566791326
2025-01-26 02:15:00,11.33443370340846
2025-01-26 02:30:00,10.422674314414492
2025-01-26 02:45:00,16.617027338548233
2025-01-26 03:00:00,8.425600048775497
2025-01-26 03:15:00,9.08811313254294
2025-01-26 03:30:00,15.483359538852037
2025-01-26 03:45:00,16.131754358399846
2025-01-26 04:00:00,10.933769728805055
2025-01-26 04:15:00,11.313494928205943
2025-01-26 04:30:00,14.596198642959795
2025-01-26 04:45:00,7.495695087567229
2025-01-26 05:00:00,9.053678521916646
2025-01-26 05:15:00,13.578414458655748
2025-01-26 05:30:00,18.95417737329886
2025-01-26 05:45:00,15.052096328880317
2025-01-26 06:00:00,17.736717736733965
2025-01-26 06:15:00,21.930523391231244
2025-01-26 06:30:00,26.19143358090076
2025-01-26 06:45:00,21.43043859247189
2025-01-26 07:00:00,24.762535063224046
2025-01-26 07:15:00,31.112430629477615
2025-01-26 07:30:00,24.156928037346134
2025-01-26 07:45:00,31.44210575985884
2025-01-26 08:00:00,26.643295574347118
2025-01-26 08:15:00,29.130723100506774
2025-01-26 08:30:00,27.358656857235577
2025-01-26 08:45:00,24.166431126989533
2025-01-26 09:00:00,22.352429289974516
2025-01-26 09:15:00,23.57054353109756
2025-01-26 09:30:00,23.421410696261386
2025-01-26 09:45:00,18.781448086568876
2025-01-26 10:00:00,17.670805860674243
2025-01-26 10:15:00,17.5819366867259
2025-01-26 10:30:00,12.664467146887253
2025-01-26 10:45:00,16.145128592347387
2025-01-26 11:00:00,15.772461125871772
2025-01-26 11:15:00,19.84213868067705
2025-01-26 11:30:00,12.137910430881742
2025-01-26 11:45:00,11.775357202964887
2025-01-26 12:00:00,14.752194235012329
2025-01-26 12:15:00,14.832004478451415
2025-01-26 12:30:00,11.432881683621847
2025-01-26 12:45:00,11.774725462977981
2025-01-26 13:00:00,14.173099320102928
2025-01-26 13:15:00,10.819967484704858
2025-01-26 13:30:00,11.972838088299262
2025-01-26 13:45:00,13.390626425553728
2025-01-26 14:00:00,15.901751677799163
2025-01-26 14:15:00,12.248460303035063
2025-01-26 14:30:00,9.633132835124798
2025-01-26 14:45:00,10.087330720156146
2025-01-26 15:00:00,12.55818734348787
2025-01-26 15:15:00,13.461326997660896
2025-01-26 15:30:00,17.615354021573463
2025-01-26 15:45:00,16.501910892151464
2025-01-26 16:00:00,19.37825338633308
2025-01-26 16:15:00,21.001046950843
2025-01-26 16:30:00,23.704528406842357
2025-01-26 16:45:00,29.958511622110258
2025-01-26 17:00:00,30.025664865160053
2025-01-26 17:15:00,29.89299963864906
2025-01-26 17:30:00,29.843835657469235
2025-01-26 17:45:00,30.636107761418412
2025-01-26 18:00:00,32.78623155281778
2025-01-26 18:15:00,33.18100113601236
2025-01-26 18:30:00,28.730135692973718
2025-01-26 18:45:00,29.94804513841416
2025-01-26 19:00:00,23.297303168331144
2025-01-26 19:15:00,27.188480501120146
2025-01-26 19:30:00,26.719505458398395
2025-01-26 19:45:00,22.24581343128097
2025-01-26 20:00:00,25.68757062997066
2025-01-26 20:15:00,17.283516457719294
2025-01-26 20:30:00,18.559371976920346
2025-01-26 20:45:00,16.669962487052896
2025-01-26 21:00:00,15.472639976363222
2025-01-26 21:15:00,14.61106372554311
2025-01-26 21:30:00,14.526267431807792
2025-01-26 21:45:00,15.900593620088511
2025-01-26 22:00:00,16.878223752881123
2025-01-26 22:15:00,13.184022168428934
2025-01-26 22:30:00,15.061011583590444
2025-01-26 22:45:00,11.157568669617193
2025-01-26 23:00:00,14.755589159216647
2025-01-26 23:15:00,10.891221669697352
2025-01-26 23:30:00,15.495956006523754
2025-01-26 23:45:00,18.2802253897296
2025-01-27 00:00:00,21.428324333063618
2025-01-27 00:15:00,16.252870038491736
2025-01-27 00:30:00,20.36474155592475
2025-01-27 00:45:00,24.81530808529922
2025-01-27 01:00:00,23.119012151962934
2025-01-27 01:15:00,22.35931402914168
2025-01-27 01:30:00,24.259437155678093
2025-01-27 01:45:00,22.949703476551882
2025-01-27 02:00:00,24.783851501257253
2025-01-27 02:15:00,24.03945401917175
2025-01-27 02:30:00,25.547374988572578
2025-01-27 02:45:00,22.644225765398623
2025-01-27 03:00:00,24.018385303393366
2025-01-27 03:15:00,21.00311187548244
2025-01-27 03:30:00,20.29751891663856
2025-01-27 03:45:00,26.124632769272573
2025-01-27 04:00:00,22.50016731304286
2025-01-27 04:15:00,24.148529534048258
2025-01-27 04:30:00,22.73947475573919
2025-01-27 04:45:00,21.43205721455776
2025-01-27 05:00:00,23.640177422544337
2025-01-27 05:15:00,28.24501921992366
2025-01-27 05:30:00,27.495662472149018
2025-01-27 05:45:00,23.759166760120593
2025-01-27 06:00:00,29.940905194234983
2025-01-27 06:15:00,37.86449975607709
2025-01-27 06:30:00,36.19765312280135
2025-01-27 06:45:00,35.77281307802553
2025-01-27 07:00:00,48.51891304099329
2025-01-27 07:15:00,48.67836876995023
2025-01-27 07:30:00,49.35157555389721
2025-01-27 07:45:00,50.25336212795388
2025-01-27 08:00:00,54.461638630098044
2025-01-27 08:15:00,49.828337107463135
2025-01-27 08:30:00,52.40002713625352
2025-01-27 08:45:00,48.33204359260724
2025-01-27 09:00:00,44.40355372693211
2025-01-27 09:15:00,40.64474679049781
2025-01-27 09:30:00,36.30307099304309
2025-01-27 09:45:00,36.03261626264676
2025-01-27 10:00:00,28.326834942101563
2025-01-27 10:15:00,23.995681061615013
2025-01-27 10:30:00,27.657866953645726
2025-01-27 10:45:00,26.249081931531972
2025-01-27 11:00:00,24.831395403069255
2025-01-27 11:15:00,23.938580744753946
2025-01-27 11:30:00,21.65388239724044
2025-01-27 11:45:00,24.13680967437783
2025-01-27 12:00:00,21.888580892472376
2025-01-27 12:15:00,20.70133224172067
2025-01-27 12:30:00,21.114011453518998
2025-01-27 12:45:00,26.966648166672186
2025-01-27 13:00:00,17.64547695658549
2025-01-27 13:15:00,23.356648014821324
2025-01-27 13:30:00,18.10927884069912
2025-01-27 13:45:00,22.34039685962857
2025-01-27 14:00:00,21.972271351528182
2025-01-27 14:15:00,18.476022671018008
2025-01-27 14:30:00,25.531777589791925
2025-01-27 14:45:00,24.771666390185253
2025-01-27 15:00:00,21.978442207677837
2025-01-27 15:15:00,31.211221466897243
2025-01-27 15:30:00,34.985856846369096
2025-01-27 15:45:00,37.79986647868195
2025-01-27 16:00:00,37.99143213105546
2025-01-27 16:15:00,40.48338335994024
2025-01-27 16:30:00,47.08721840117522
2025-01-27 16:45:00,51.329404354407686
2025-01-27 17:00:00,53.081426352079475
2025-01-27 17:15:00,50.58741999422887
2025-01-27 17:30:00,55.52355835518451
2025-01-27 17:45:00,57.43257841538753
2025-01-27 18:00:00,52.25949733925459
2025-01-27 18:15:00,57.50857875336423
2025-01-27 18:30:00,60.705453886388796
2025-01-27 18:45:00,54.54527156317902
2025-01-27 19:00:00,53.93659349671228
2025-01-27 19:15:00,47.58767746303287
2025-01-27 19:30:00,43.592115330724035
2025-01-27 19:45:00,41.33113981371931
2025-01-27 20:00:00,35.065586727581376
2025-01-27 20:15:00,31.677618834939853
2025-01-27 20:30:00,34.57799242536671
2025-01-27 20:45:00,32.55843394212308
2025-01-27 21:00:00,24.765352759771663
2025-01-27 21:15:00,28.15979276814301
2025-01-27 21:30:00,24.361165226935963
2025-01-27 21:45:00,24.558776363035236
2025-01-27 22:00:00,24.228663097381972
2025-01-27 22:15:00,25.119360089690375
2025-01-27 22:30:00,22.536208673671847
2025-01-27 22:45:00,25.652912877177116
2025-01-27 23:00:00,22.77086172640163
2025-01-27 23:15:00,23.47631288215855
2025-01-27 23:30:00,19.78322872371511
2025-01-27 23:45:00,27.23394999072015
2025-01-28 00:00:00,22.97477074461373
2025-01-28 00:15:00,23.58339671248222
2025-01-28 00:30:00,17.78113374461717
2025-01-28 00:45:00,19.745539575487417
2025-01-28 01:00:00,24.897703787805863
2025-01-28 01:15:00,22.52093221179483
2025-01-28 01:30:00,17.019991312327896
2025-01-28 01:45:00,24.40096908449959
2025-01-28 02:00:00,20.446755905356817
2025-01-28 02:15:00,25.335861675855277
2025-01-28 02:30:00,21.590209043830143
2025-01-28 02:45:00,22.325676654293527
2025-01-28 03:00:00,24.769297629746813
2025-01-28 03:15:00,19.59387151466946
2025-01-28 03:30:00,19.38572830956044
2025-01-28 03:45:00,21.43314200083908
2025-01-28 04:00:00,24.094262004898408
2025-01-28 04:15:00,18.8758093714678
2025-01-28 04:30:00,18.326712603597187
2025-01-28 04:45:00,25.024323043076365
2025-01-28 05:00:00,22.171948793280038
2025-01-28 05:15:00,23.74114352681288
2025-01-28 05:30:00,21.53221066520926
2025-01-28 05:45:00,26.407075757176003
2025-01-28 06:00:00,30.526772477706704
2025-01-28 06:15:00,35.801384301981756
2025-01-28 06:30:00,34.870744245448854
2025-01-28 06:45:00,44.484124491551434
2025-01-28 07:00:00,42.14157515059664
2025-01-28 07:15:00,45.33133237506453
2025-01-28 07:30:00,53.436675964282934
2025-01-28 07:45:00,51.77723123267806
2025-01-28 08:00:00,50.44237136669897
2025-01-28 08:15:00,50.86213716368634
2025-01-28 08:30:00,52.97874440242791
2025-01-28 08:45:00,50.70873681097002
2025-01-28 09:00:00,41.816540348647315
2025-01-28 09:15:00,40.24154963557027
2025-01-28 09:30:00,37.03255753760669
2025-01-28 09:45:00,31.019590069441325
2025-01-28 10:00:00,30.417653774340373
2025-01-28 10:15:00,28.130475413429
2025-01-28 10:30:00,29.03896472736559
2025-01-28 10:45:00,27.756223065751318
2025-01-28 11:00:00,22.874443409501534
2025-01-28 11:15:00,22.451051344666034
2025-01-28 11:30:00,24.182638481832612
2025-01-28 11:45:00,20.771806174705702
2025-01-28 12:00:00,23.54075097231145
2025-01-28 12:15:00,21.76602430894479
2025-01-28 12:30:00,19.536917673420163
2025-01-28 12:45:00,19.589631521142707
2025-01-28 13:00:00,25.66723828538604
2025-01-28 13:15:00,21.782798439832796
2025-01-28 13:30:00,26.474614528113403
2025-01-28 13:45:00,21.393563937257944
2025-01-28 14:00:00,23.851027450851596
2025-01-28 14:15:00,29.73695960387252
2025-01-28 14:30:00,21.98239113565853
2025-01-28 14:45:00,21.043899679525516
2025-01-28 15:00:00,30.509607775908243
2025-01-28 15:15:00,27.111952860088145
2025-01-28 15:30:00,31.413249874740387
2025-01-28 15:45:00,32.676434480420774
2025-01-28 16:00:00,37.831122365424285
2025-01-28 16:15:00,38.058571879142306
2025-01-28 16:30:00,43.38365101283667
2025-01-28 16:45:00,48.31465809105799
2025-01-28 17:00:00,47.79340676281398
2025-01-28 17:15:00,51.25772830929786
2025-01-28 17:30:00,54.218413521760084
2025-01-28 17:45:00,52.82842385270248
2025-01-28 18:00:00,55.793811688160005
2025-01-28 18:15:00,56.698842837678775
2025-01-28 18:30:00,54.09077635107847
2025-01-28 18:45:00,52.33366429995694
2025-01-28 19:00:00,50.26998099945063
2025-01-28 19:15:00,45.55770636523953
2025-01-28 19:30:00,45.56949193895999
2025-01-28 19:45:00,44.034581034130525
2025-01-28 20:00:00,36.01087675066305
2025-01-28 20:15:00,35.36672676532931
2025-01-28 20:30:00,30.879862527465892
2025-01-28 20:45:00,30.107970831162262
2025-01-28 21:00:00,31.22424176035739
2025-01-28 21:15:00,27.07811899791281
2025-01-28 21:30:00,20.211703202536025
2025-01-28 21:45:00,24.91091838903577
2025-01-28 22:00:00,26.22695024067605
2025-01-28 22:15:00,22.146167877993534
2025-01-28 22:30:00,24.885174567917673
2025-01-28 22:45:00,20.46889341965163
2025-01-28 23:00:00,18.350156111805344
2025-01-28 23:15:00,22.33544913167553
2025-01-28 23:30:00,17.54186778430165
2025-01-28 23:45:00,21.3045493153333
2025-01-29 00:00:00,25.083988476824285
2025-01-29 00:15:00,17.093170268362982
2025-01-29 00:30:00,18.669530666470493
2025-01-29 00:45:00,19.28888840389044
2025-01-29 01:00:00,21.711369302340852
2025-01-29 01:15:00,20.95608683555701
2025-01-29 01:30:00,25.36895598724964
2025-01-29 01:45:00,24.257789468378498
2025-01-29 02:00:00,23.111069665019336
2025-01-29 02:15:00,22.238319380632422
2025-01-29 02:30:00,22.859547066410677
2025-01-29 02:45:00,19.72562843456798
2025-01-29 03:00:00,24.031611450768438
2025-01-29 03:15:00,19.12416768951733
2025-01-29 03:30:00,24.022962197510083
2025-01-29 03:45:00,24.95641869074064
2025-01-29 04:00:00,22.620165894674784
2025-01-29 04:15:00,21.8291442392058
2025-01-29 04:30:00,23.564248257703323
2025-01-29 04:45:00,15.877899183824415
2025-01-29 05:00:00,24.501714504520415
2025-01-29 05:15:00,24.50499794812328
2025-01-29 05:30:00,26.11434077102641
2025-01-29 05:45:00,29.93752970890974
2025-01-29 06:00:00,30.425442798981972
2025-01-29 06:15:00,30.69159689990584
2025-01-29 06:30:00,36.51198736758123
2025-01-29 06:45:00,40.57624728478147
2025-01-29 07:00:00,44.20697437360789
2025-01-29 07:15:00,47.51053468084935
2025-01-29 07:30:00,52.25837908044402
2025-01-29 07:45:00,48.60016885279211
2025-01-29 08:00:00,52.32835871324926
2025-01-29 08:15:00,54.541468621792646
2025-01-29 08:30:00,45.326206099838984
2025-01-29 08:45:00,47.559020847465156
2025-01-29 09:00:00,42.46175142549956
2025-01-29 09:15:00,39.48753258319449
2025-01-29 09:30:00,34.611821094010914
2025-01-29 09:45:00,33.12798794009092
2025-01-29 10:00:00,35.22667982564183
2025-01-29 10:15:00,25.02276674296593
2025-01-29 10:30:00,23.331090407435898
2025-01-29 10:45:00,21.54949845317377
2025-01-29 11:00:00,28.08268700557852
2025-01-29 11:15:00,21.896759324124062
2025-01-29 11:30:00,22.524484459433552
2025-01-29 11:45:00,21.294494327866847
2025-01-29 12:00:00,19.77476778056943
2025-01-29 12:15:00,21.46458829444095
2025-01-29 12:30:00,28.172697515717328
2025-01-29 12:45:00,25.528574989386676
2025-01-29 13:00:00,19.98392138443682
2025-01-29 13:15:00,23.859461778954472
2025-01-29 13:30:00,20.361596745310898
2025-01-29 13:45:00,18.303409875538875
2025-01-29 14:00:00,25.738466125793654
2025-01-29 14:15:00,26.72217429654501
2025-01-29 14:30:00,27.307663008545692
2025-01-29 14:45:00,24.68044718983524
2025-01-29 15:00:00,26.94286749629441
2025-01-29 15:15:00,31.120063891325348
2025-01-29 15:30:00,32.510430261985455
2025-01-29 15:45:00,33.22381071191634
2025-01-29 16:00:00,33.1797102463498
2025-01-29 16:15:00,40.78627476607091
2025-01-29 16:30:00,46.597699714244435
2025-01-29 16:45:00,44.26282343569047
2025-01-29 17:00:00,51.977751816298785
2025-01-29 17:15:00,53.903467004856026
2025-01-29 17:30:00,57.02891564744647
2025-01-29 17:45:00,58.64707557117491
2025-01-29 18:00:00,55.180725423952694
2025-01-29 18:15:00,52.42612737111836
2025-01-29 18:30:00,53.82252427445155
2025-01-29 18:45:00,55.30159820971299
2025-01-29 19:00:00,49.031399801511384
2025-01-29 19:15:00,45.528631095285434
2025-01-29 19:30:00,39.35513405309041
2025-01-29 19:45:00,44.892928992112644
2025-01-29 20:00:00,39.30278621832416
2025-01-29 20:15:00,36.14514552343116
2025-01-29 20:30:00,33.96489326661041
2025-01-29 20:45:00,30.702697756033718
2025-01-29 21:00:00,26.765645178009645
2025-01-29 21:15:00,25.463734263671274
2025-01-29 21:30:00,23.64300302168913
2025-01-29 21:45:00,30.42945558006509
2025-01-29 22:00:00,24.601245344261347
2025-01-29 22:15:00,21.607331583219416
2025-01-29 22:30:00,23.626503871648005
2025-01-29 22:45:00,19.73368436149991
2025-01-29 23:00:00,25.89194519069331
2025-01-29 23:15:00,20.396528228685295
2025-01-29 23:30:00,23.252447551332818
2025-01-29 23:45:00,24.635595305534327
2025-01-30 00:00:00,22.895478564332223
2025-01-30 00:15:00,22.170426895886994
2025-01-30 00:30:00,21.961952252004483
2025-01-30 00:45:00,21.79454065818583
2025-01-30 01:00:00,20.49459711290871
2025-01-30 01:15:00,20.813344608857484
2025-01-30 01:30:00,25.636765350745975
2025-01-30 01:45:00,21.667251447545578
2025-01-30 02:00:00,19.975071010000118
2025-01-30 02:15:00,20.650173986228154
2025-01-30 02:30:00,24.69407370930088
2025-01-30 02:45:00,23.636275289371824
2025-01-30 03:00:00,23.356082896066763
2025-01-30 03:15:00,21.327149711750067
2025-01-30 03:30:00,23.434600271796082
2025-01-30 03:45:00,20.448834006676158
2025-01-30 04:00:00,21.510643694699347
2025-01-30 04:15:00,24.760862488699313
2025-01-30 04:30:00,24.815842067836016
2025-01-30 04:45:00,20.643594877808304
2025-01-30 05:00:00,21.673927209644535
2025-01-30 05:15:00,25.126812708365538
2025-01-30 05:30:00,30.622916373951877
2025-01-30 05:45:00,23.4489598991019
2025-01-30 06:00:00,31.374871835429268
2025-01-30 06:15:00,30.168680096210075
2025-01-30 06:30:00,35.346340944440016
2025-01-30 06:45:00,39.56296191302802
2025-01-30 07:00:00,42.93504311967234
2025-01-30 07:15:00,45.83792079709787
2025-01-30 07:30:00,49.744648502697785
2025-01-30 07:45:00,50.04379070241024
2025-01-30 08:00:00,48.29963849431096
2025-01-30 08:15:00,53.332992790163196
2025-01-30 08:30:00,51.611589643663386
2025-01-30 08:45:00,49.28451430418092
2025-01-30 09:00:00,40.140035823381176
2025-01-30 09:15:00,41.22827830944685
2025-01-30 09:30:00,38.63046137517349
2025-01-30 09:45:00,31.040533941852285
2025-01-30 10:00:00,30.71314829363911
2025-01-30 10:15:00,27.959850416242265
2025-01-30 10:30:00,30.927166443662838
2025-01-30 10:45:00,29.682249354723176
2025-01-30 11:00:00,19.66992468929198
2025-01-30 11:15:00,29.354100485856463
2025-01-30 11:30:00,20.367192191028643
2025-01-30 11:45:00,24.819809300060225
2025-01-30 12:00:00,24.628744312345695
2025-01-30 12:15:00,19.62991372748174
2025-01-30 12:30:00,23.32693236958289
2025-01-30 12:45:00,21.846237709895092
2025-01-30 13:00:00,23.56876532410769
2025-01-30 13:15:00,22.883881660861036
2025-01-30 13:30:00,25.49792677401167
2025-01-30 13:45:00,22.9995022141288
2025-01-30 14:00:00,22.836678041675516
2025-01-30 14:15:00,26.6287771461883
2025-01-30 14:30:00,26.210196676681665
2025-01-30 14:45:00,27.751318182295606
2025-01-30 15:00:00,25.7650145342621
2025-01-30 15:15:00,26.69916743729307
2025-01-30 15:30:00,30.179059194092645
2025-01-30 15:45:00,32.72252530956669
2025-01-30 16:00:00,39.25956235188671
2025-01-30 16:15:00,43.00822129006022
2025-01-30 16:30:00,43.57902427593237
2025-01-30 16:45:00,50.900766088945964
2025-01-30 17:00:00,53.86870123013089
2025-01-30 17:15:00,53.74978444163236
2025-01-30 17:30:00,53.16548994411725
2025-01-30 17:45:00,60.47225282907545
2025-01-30 18:00:00,56.83101953480428
2025-01-30 18:15:00,56.850613246217385
2025-01-30 18:30:00,54.37398490825155
2025-01-30 18:45:00,50.920978483761694
2025-01-30 19:00:00,46.781485368147294
2025-01-30 19:15:00,48.912584597431966
2025-01-30 19:30:00,42.01668165676968
2025-01-30 19:45:00,48.226812561836574
2025-01-30 20:00:00,34.5899925418389
2025-01-30 20:15:00,31.14362376640004
2025-01-30 20:30:00,32.88760097230454
2025-01-30 20:45:00,33.15088493320267
2025-01-30 21:00:00,27.604615841925735
2025-01-30 21:15:00,27.370424958054173
2025-01-30 21:30:00,20.16971977313188
2025-01-30 21:45:00,22.215499213407384
2025-01-30 22:00:00,20.59410032677804
2025-01-30 22:15:00,18.095892445337515
2025-01-30 22:30:00,22.821886904901238
2025-01-30 22:45:00,16.720461985723837
2025-01-30 23:00:00,18.891862862610836
2025-01-30 23:15:00,20.772890866778816
2025-01-30 23:30:00,19.98819376350818
2025-01-30 23:45:00,23.028346870303373
2025-01-31 00:00:00,22.764182067185157
2025-01-31 00:15:00,24.235423164785757
2025-01-31 00:30:00,23.882580755255358
2025-01-31 00:45:00,24.854349757416266
2025-01-31 01:00:00,21.998221718814044
2025-01-31 01:15:00,22.762394818932634
2025-01-31 01:30:00,23.28324805502583
2025-01-31 01:45:00,22.35940915634525
2025-01-31 02:00:00,21.01325029227358
2025-01-31 02:15:00,21.176486026141713
2025-01-31 02:30:00,19.965925395342122
2025-01-31 02:45:00,23.067975164844416
2025-01-31 03:00:00,21.786896398882444
2025-01-31 03:15:00,20.37969271604185
2025-01-31 03:30:00,20.412256431661447
2025-01-31 03:45:00,19.09841438320502
2025-01-31 04:00:00,24.673456509765995
2025-01-31 04:15:00,22.599569827658634
2025-01-31 04:30:00,20.539822205214396
2025-01-31 04:45:00,25.186413250299573
2025-01-31 05:00:00,22.478295701039254
2025-01-31 05:15:00,21.405480142410646
2025-01-31 05:30:00,28.92731554393515
2025-01-31 05:45:00,26.961804719968317
2025-01-31 06:00:00,29.723466144590247
2025-01-31 06:15:00,33.77841285962511
2025-01-31 06:30:00,39.85531586883839
2025-01-31 06:45:00,40.59080056896362
2025-01-31 07:00:00,41.0551955465107
2025-01-31 07:15:00,48.59877754013556
2025-01-31 07:30:00,48.58083092471176
2025-01-31 07:45:00,56.16841393141957
2025-01-31 08:00:00,52.01965703506084
2025-01-31 08:15:00,45.862404397718805
2025-01-31 08:30:00,50.68949603978958
2025-01-31 08:45:00,52.104747393384024
2025-01-31 09:00:00,47.99834716901407
2025-01-31 09:15:00,45.125043033487096
2025-01-31 09:30:00,34.45778815581174
2025-01-31 09:45:00,35.965594486502404
2025-01-31 10:00:00,28.951903207451224
2025-01-31 10:15:00,28.877914911669706
2025-01-31 10:30:00,23.206083109002062
2025-01-31 10:45:00,23.32654423359417
2025-01-31 11:00:00,22.20687331281766
2025-01-31 11:15:00,25.432345555502245
2025-01-31 11:30:00,24.723728681695306
2025-01-31 11:45:00,23.126849771177927
2025-01-31 12:00:00,18.89312019865712
2025-01-31 12:15:00,21.406715093321168
2025-01-31 12:30:00,20.295146061237542
2025-01-31 12:45:00,24.35593584590569
2025-01-31 13:00:00,25.19507682817889
2025-01-31 13:15:00,25.014839253595895
2025-01-31 13:30:00,20.685703895652715
2025-01-31 13:45:00,16.02884493414916
2025-01-31 14:00:00,18.905632853525372
2025-01-31 14:15:00,27.50935839236008
2025-01-31 14:30:00,23.82274379984481
2025-01-31 14:45:00,24.11164753443982
2025-01-31 15:00:00,31.599806332108386
2025-01-31 15:15:00,32.541898638119285
2025-01-31 15:30:00,31.72616074063308
2025-01-31 15:45:00,33.60774542971745
2025-01-31 16:00:00,37.03048553183083
2025-01-31 16:15:00,41.20284254390297
2025-01-31 16:30:00,48.0336425866716
2025-01-31 16:45:00,48.44631148608736
2025-01-31 17:00:00,52.32927471192512
2025-01-31 17:15:00,56.131136806915656
2025-01-31 17:30:00,52.362703754023016
2025-01-31 17:45:00,58.48764032028092
2025-01-31 18:00:00,56.31381540933048
2025-01-31 18:15:00,50.31163664931724
2025-01-31 18:30:00,49.96924800091265
2025-01-31 18:45:00,50.66683465431719
2025-01-31 19:00:00,51.84781639902619
2025-01-31 19:15:00,47.6815870854987
2025-01-31 19:30:00,44.5027754430596
2025-01-31 19:45:00,45.52201757967046
2025-01-31 20:00:00,34.199126844829784
2025-01-31 20:15:00,34.28517095200338
2025-01-31 20:30:00,32.440017373914685
2025-01-31 20:45:00,27.553592828047805
2025-01-31 21:00:00,27.58063294588425
2025-01-31 21:15:00,22.00661995598434
2025-01-31 21:30:00,28.37002824357544
2025-01-31 21:45:00,22.271916079919933
2025-01-31 22:00:00,28.423314445177425
2025-01-31 22:15:00,22.818995644022795
2025-01-31 22:30:00,25.166244616948692
2025-01-31 22:45:00,22.260948250881246
2025-01-31 23:00:00,22.18716758078735
2025-01-31 23:15:00,20.722476402366553
2025-01-31 23:30:00,22.430892560410772
2025-01-31 23:45:00,22.89899673443004
2025-02-01 00:00:00,11.106259663131581
2025-02-01 00:15:00,12.754989523827975
2025-02-01 00:30:00,11.54304825244767
2025-02-01 00:45:00,18.818151126097252
2025-02-01 01:00:00,12.845361527607405
2025-02-01 01:15:00,16.93347178423087
2025-02-01 01:30:00,12.582053042478712
2025-02-01 01:45:00,13.720082496460279
2025-02-01 02:00:00,9.769298509492222
2025-02-01 02:15:00,11.956085707317584
2025-02-01 02:30:00,13.601642366180272
2025-02-01 02:45:00,17.042889237176535
2025-02-01 03:00:00,13.637549824354736
2025-02-01 03:15:00,16.550837336515855
2025-02-01 03:30:00,14.710304508250374
2025-02-01 03:45:00,17.20839611505694
2025-02-01 04:00:00,13.048667834011804
2025-02-01 04:15:00,19.269312563513015
2025-02-01 04:30:00,12.242165945946489
2025-02-01 04:45:00,11.797336296091615
2025-02-01 05:00:00,11.081576910613235
2025-02-01 05:15:00,20.507855941332988
2025-02-01 05:30:00,17.52811619117607
2025-02-01 05:45:00,15.70616601750168
2025-02-01 06:00:00,21.0069788012351
2025-02-01 06:15:00,21.21532697427096
2025-02-01 06:30:00,26.239586727799654
2025-02-01 06:45:00,19.403023995148178
2025-02-01 07:00:00,24.54127290342726
2025-02-01 07:15:00,25.801035417918726
2025-02-01 07:30:00,23.428265835958484
2025-02-01 07:45:00,31.924017397078806
2025-02-01 08:00:00,28.91313931739715
2025-02-01 08:15:00,31.123666496870573
2025-02-01 08:30:00,34.264680613215575
2025-02-01 08:45:00,26.07839720082887
2025-02-01 09:00:00,24.1573479541326
2025-02-01 09:15:00,23.576214346428447
2025-02-01 09:30:00,23.800727059968487
2025-02-01 09:45:00,18.08905233292004
2025-02-01 10:00:00,16.318165272666157
2025-02-01 10:15:00,19.19702099825698
2025-02-01 10:30:00,16.440158690670025
2025-02-01 10:45:00,9.584122965458313
2025-02-01 11:00:00,11.060670186204918
2025-02-01 11:15:00,17.486208895024333
2025-02-01 11:30:00,14.483037916633016
2025-02-01 11:45:00,11.415118181197368
2025-02-01 12:00:00,12.803801714645795
2025-02-01 12:15:00,13.217382039830529
2025-02-01 12:30:00,15.00997926941932
2025-02-01 12:45:00,9.787019969811414
2025-02-01 13:00:00,11.117945679536966
2025-02-01 13:15:00,13.971363775355268
2025-02-01 13:30:00,13.149632908753459
2025-02-01 13:45:00,14.9963387653797
2025-02-01 14:00:00,10.738182773999808
2025-02-01 14:15:00,15.052824835817503
2025-02-01 14:30:00,17.368099340300443
2025-02-01 14:45:00,16.495917058480167
2025-02-01 15:00:00,16.454545661312466
2025-02-01 15:15:00,16.904583588401096
2025-02-01 15:30:00,16.314799337849767
2025-02-01 15:45:00,19.694161096701286
2025-02-01 16:00:00,24.684451719742384
2025-02-01 16:15:00,23.038736698453096
2025-02-01 16:30:00,22.9813343872466
2025-02-01 16:45:00,25.821679373044272
2025-02-01 17:00:00,29.27296793642887
2025-02-01 17:15:00,29.318937409162217
2025-02-01 17:30:00,32.609705868234464
2025-02-01 17:45:00,33.42634510650382
2025-02-01 18:00:00,34.589369630604814
2025-02-01 18:15:00,35.6795234349495
2025-02-01 18:30:00,33.8888725708114
2025-02-01 18:45:00,27.921291890663966
2025-02-01 19:00:00,26.517562275203314
2025-02-01 19:15:00,26.869813651199376
2025-02-01 19:30:00,24.08624026205843
2025-02-01 19:45:00,20.500214482736084
2025-02-01 20:00:00,20.442069955843195
2025-02-01 20:15:00,18.70037654391711
2025-02-01 20:30:00,16.73619789091446
2025-02-01 20:45:00,16.37009693998555
2025-02-01 21:00:00,19.069557572422852
2025-02-01 21:15:00,15.795010550333362
2025-02-01 21:30:00,20.83807384857807
2025-02-01 21:45:00,14.607013528133669
2025-02-01 22:00:00,13.108765029006417
2025-02-01 22:15:00,13.600026287981779
2025-02-01 22:30:00,14.063997650925494
2025-02-01 22:45:00,14.400167229867094
2025-02-01 23:00:00,18.432525143703906
2025-02-01 23:15:00,11.08294561847619
2025-02-01 23:30:00,15.316967613403046
2025-02-01 23:45:00,13.673045991937098
2025-02-02 00:00:00,9.2058359626022
2025-02-02 00:15:00,15.061021902323805
2025-02-02 00:30:00,16.304028703209433
2025-02-02 00:45:00,10.992724326225794
2025-02-02 01:00:00,13.114028166265738
2025-02-02 01:15:00,8.823680133579428
2025-02-02 01:30:00,9.990767103896305
2025-02-02 01:45:00,15.758611720275354
2025-02-02 02:00:00,11.973341807196023
2025-02-02 02:15:00,10.368434133251359
2025-02-02 02:30:00,13.715630983962445
2025-02-02 02:45:00,11.838522964808524
2025-02-02 03:00:00,11.972213119334432
2025-02-02 03:15:00,15.00652588132983
2025-02-02 03:30:00,10.270822719016419
2025-02-02 03:45:00,10.943154118299859
2025-02-02 04:00:00,13.648147741255828
2025-02-02 04:15:00,15.783954647363231
2025-02-02 04:30:00,16.617731590565636
2025-02-02 04:45:00,12.117510964290945
2025-02-02 05:00:00,16.516825835744154
2025-02-02 05:15:00,12.786612912371004
2025-02-02 05:30:00,20.111695010507542
2025-02-02 05:45:00,13.773714671012344
2025-02-02 06:00:00,21.272293469639905
2025-02-02 06:15:00,17.921555628038902
2025-02-02 06:30:00,26.424058569956394
2025-02-02 06:45:00,24.817582282738382
2025-02-02 07:00:00,22.731306234301556
2025-02-02 07:15:00,25.718417062528736
2025-02-02 07:30:00,30.382099923648557
2025-02-02 07:45:00,31.97148481277769
2025-02-02 08:00:00,29.479016111203606
2025-02-02 08:15:00,29.452908570422046
2025-02-02 08:30:00,30.327807742610922
2025-02-02 08:45:00,27.357676881534154
2025-02-02 09:00:00,22.043142646038763
2025-02-02 09:15:00,21.31379324412722
2025-02-02 09:30:00,21.98708291899834
2025-02-02 09:45:00,22.611215321048867
2025-02-02 10:00:00,22.00219970951082
2025-02-02 10:15:00,18.569545758191406
2025-02-02 10:30:00,16.27846166727506
2025-02-02 10:45:00,16.63465272153577
2025-02-02 11:00:00,12.523946942969763
2025-02-02 11:15:00,13.416716218419989
2025-02-02 11:30:00,11.484564789196508
2025-02-02 11:45:00,10.265425865630426
2025-02-02 12:00:00,14.130372770432976
2025-02-02 12:15:00,13.714748007897425
2025-02-02 12:30:00,14.956451463600658
2025-02-02 12:45:00,14.614632417798719
2025-02-02 13:00:00,13.89360358813198
2025-02-02 13:15:00,14.747190435999896
2025-02-02 13:30:00,13.359186003032606
2025-02-02 13:45:00,14.66559368045314
2025-02-02 14:00:00,12.063264644292119
2025-02-02 14:15:00,15.150942342846237
2025-02-02 14:30:00,16.376858888681003
2025-02-02 14:45:00,13.671341504035665
2025-02-02 15:00:00,16.30302094299982
2025-02-02 15:15:00,15.651960704351838
2025-02-02 15:30:00,17.152334862097444
2025-02-02 15:45:00,17.128508573654585
2025-02-02 16:00:00,24.766298784066972
2025-02-02 16:15:00,26.067195285362743
2025-02-02 16:30:00,26.616103379795184
2025-02-02 16:45:00,32.049461358426484
2025-02-02 17:00:00,28.36440233542728
2025-02-02 17:15:00,37.898802823500134
2025-02-02 17:30:00,30.894298505777776
2025-02-02 17:45:00,32.823893467630505
2025-02-02 18:00:00,31.43914127835189
2025-02-02 18:15:00,33.11811303804689
2025-02-02 18:30:00,33.55493746320533
2025-02-02 18:45:00,30.03877295201037
2025-02-02 19:00:00,33.28487239304726
2025-02-02 19:15:00,27.723789937541802
2025-02-02 19:30:00,25.957066504041677
2025-02-02 19:45:00,21.140211447463365
2025-02-02 20:00:00,22.659221511260856
2025-02-02 20:15:00,19.618265209550504
2025-02-02 20:30:00,16.961892300583475
2025-02-02 20:45:00,15.28505901861137
2025-02-02 21:00:00,22.869513279627952
2025-02-02 21:15:00,14.704896705371889
2025-02-02 21:30:00,11.082761990095442
2025-02-02 21:45:00,12.50186379736233
2025-02-02 22:00:00,13.771684248768228
2025-02-02 22:15:00,15.023036046495038
2025-02-02 22:30:00,14.876433392739143
2025-02-02 22:45:00,15.07024309998996
2025-02-02 23:00:00,11.69527044607224
2025-02-02 23:15:00,14.11402227328319
2025-02-02 23:30:00,11.045878191291475
2025-02-02 23:45:00,11.671236423975973
2025-02-03 00:00:00,19.90598230200595
2025-02-03 00:15:00,19.22997731427908
2025-02-03 00:30:00,24.862168296446328
2025-02-03 00:45:00,23.923870187287676
2025-02-03 01:00:00,24.644704294609646
2025-02-03 01:15:00,22.302033382779342
2025-02-03 01:30:00,24.14650619821836
2025-02-03 01:45:00,17.80206705208896
2025-02-03 02:00:00,24.363978013007298
2025-02-03 02:15:00,22.65041508783136
2025-02-03 02:30:00,23.77761854236759
2025-02-03 02:45:00,23.16401448851902
2025-02-03 03:00:00,19.75431959858076
2025-02-03 03:15:00,18.492550804983782
2025-02-03 03:30:00,20.487756215343165
2025-02-03 03:45:00,23.736727556671916
2025-02-03 04:00:00,24.151604845439124
2025-02-03 04:15:00,19.18319311120215
2025-02-03 04:30:00,20.444096986304675
2025-02-03 04:45:00,21.556977812270066
2025-02-03 05:00:00,23.18617822568579
2025-02-03 05:15:00,21.71662778363724
2025-02-03 05:30:00,23.019153556364625
2025-02-03 05:45:00,26.449982103692356
2025-02-03 06:00:00,31.161371611502382
2025-02-03 06:15:00,30.92400011019608
2025-02-03 06:30:00,36.90935718776132
2025-02-03 06:45:00,43.38711253298002
2025-02-03 07:00:00,40.998562169167656
2025-02-03 07:15:00,46.922993784656406
2025-02-03 07:30:00,52.55522022057064
2025-02-03 07:45:00,50.602956177514024
2025-02-03 08:00:00,50.78830526373716
2025-02-03 08:15:00,54.5587558290593
2025-02-03 08:30:00,49.23060156279917
2025-02-03 08:45:00,50.20451362657502
2025-02-03 09:00:00,45.33098307629623
2025-02-03 09:15:00,39.89056883014873
2025-02-03 09:30:00,38.40643809658687
2025-02-03 09:45:00,34.68636043200319
2025-02-03 10:00:00,33.50911976012683
2025-02-03 10:15:00,27.146350719292485
2025-02-03 10:30:00,26.691502498633085
2025-02-03 10:45:00,24.983917597617005
2025-02-03 11:00:00,25.8578835611538
2025-02-03 11:15:00,20.823032519862906
2025-02-03 11:30:00,25.46439664894345
2025-02-03 11:45:00,23.800645529104557
2025-02-03 12:00:00,19.176884210540862
2025-02-03 12:15:00,25.406493892724363
2025-02-03 12:30:00,27.945693121416326
2025-02-03 12:45:00,24.886354528870626
2025-02-03 13:00:00,26.017099765029744
2025-02-03 13:15:00,22.787326893352798
2025-02-03 13:30:00,18.62001329567663
2025-02-03 13:45:00,18.46739976278169
2025-02-03 14:00:00,24.160765859347546
2025-02-03 14:15:00,22.675367078657253
2025-02-03 14:30:00,22.739463603153638
2025-02-03 14:45:00,26.031615521008554
2025-02-03 15:00:00,29.232141968998665
2025-02-03 15:15:00,25.947128058320743
2025-02-03 15:30:00,30.742868035960292
2025-02-03 15:45:00,38.31595301600581
2025-02-03 16:00:00,34.872540764137845
2025-02-03 16:15:00,43.009361666674344
2025-02-03 16:30:00,43.02172063032774
2025-02-03 16:45:00,48.95465047594682
2025-02-03 17:00:00,53.457544048162084
2025-02-03 17:15:00,55.26118910253042
2025-02-03 17:30:00,57.759815912946394
2025-02-03 17:45:00,53.92152490640357
2025-02-03 18:00:00,60.034409713665404
2025-02-03 18:15:00,54.67016500298975
2025-02-03 18:30:00,56.138549420633666
2025-02-03 18:45:00,54.05776730143461
2025-02-03 19:00:00,51.93258787554633
2025-02-03 19:15:00,48.439503013126085
2025-02-03 19:30:00,42.132356879636276
2025-02-03 19:45:00,37.470013493042075
2025-02-03 20:00:00,39.752745732711375
2025-02-03 20:15:00,35.01836393208761
2025-02-03 20:30:00,34.752393820102334
2025-02-03 20:45:00,29.482466434751615
2025-02-03 21:00:00,24.196928332312137
2025-02-03 21:15:00,28.621840644533112
2025-02-03 21:30:00,24.119359327062746
2025-02-03 21:45:00,25.03098425562621
2025-02-03 22:00:00,21.926188612860013
2025-02-03 22:15:00,27.210958880228304
2025-02-03 22:30:00,20.60472179382038
2025-02-03 22:45:00,21.750654188921338
2025-02-03 23:00:00,22.732672069009606
2025-02-03 23:15:00,19.65211706853182
2025-02-03 23:30:00,23.15940470929171
2025-02-03 23:45:00,26.33379934289129
2025-02-04 00:00:00,21.040773720131536
2025-02-04 00:15:00,23.255480881963283
2025-02-04 00:30:00,15.39473049281413
2025-02-04 00:45:00,22.171692317237568
2025-02-04 01:00:00,21.48710953845802
2025-02-04 01:15:00,20.224181095301855
2025-02-04 01:30:00,24.97478750873604
2025-02-04 01:45:00,21.45635574324497
2025-02-04 02:00:00,21.829239883769155
2025-02-04 02:15:00,21.331307709455317
2025-02-04 02:30:00,17.4844792461912
2025-02-04 02:45:00,19.4506645243143
2025-02-04 03:00:00,24.691365583832734
2025-02-04 03:15:00,17.029448009870684
2025-02-04 03:30:00,20.418777640370525
2025-02-04 03:45:00,21.39180859637444
2025-02-04 04:00:00,26.852105359338765
2025-02-04 04:15:00,24.591232602006944
2025-02-04 04:30:00,21.57059347095168
2025-02-04 04:45:00,26.69302565352026
2025-02-04 05:00:00,22.294825708709247
2025-02-04 05:15:00,27.7111787537131
2025-02-04 05:30:00,23.243764240516633
2025-02-04 05:45:00,31.254389307793346
2025-02-04 06:00:00,29.997077290871616
2025-02-04 06:15:00,31.37089974083585
2025-02-04 06:30:00,36.722681313609165
2025-02-04 06:45:00,41.50076532553523
2025-02-04 07:00:00,43.08281481999636
2025-02-04 07:15:00,48.89066632928027
2025-02-04 07:30:00,48.60251806064276
2025-02-04 07:45:00,53.26623252186116
2025-02-04 08:00:00,53.394709029583915
2025-02-04 08:15:00,51.56438304013248
2025-02-04 08:30:00,48.95932536292238
2025-02-04 08:45:00,47.888802436583475
2025-02-04 09:00:00,45.700878339671696
2025-02-04 09:15:00,45.96885272786157
2025-02-04 09:30:00,39.6224372081977
2025-02-04 09:45:00,36.39188590553692
2025-02-04 10:00:00,38.744867578380564
2025-02-04 10:15:00,29.873785139483857
2025-02-04 10:30:00,27.866770493567508
2025-02-04 10:45:00,26.96441886604195
2025-02-04 11:00:00,21.64177264669292
2025-02-04 11:15:00,22.34290079853567
2025-02-04 11:30:00,21.723205245227188
2025-02-04 11:45:00,24.320532925336636
2025-02-04 12:00:00,22.100434872679443
2025-02-04 12:15:00,22.79806977631808
2025-02-04 12:30:00,25.145771353402374
2025-02-04 12:45:00,24.606320835366667
2025-02-04 13:00:00,22.11200972296967
2025-02-04 13:15:00,20.965585080759986
2025-02-04 13:30:00,25.678636807765095
2025-02-04 13:45:00,25.07910322658438
2025-02-04 14:00:00,19.574093087548906
2025-02-04 14:15:00,23.439103634320716
2025-02-04 14:30:00,25.506367337623132
2025-02-04 14:45:00,28.202230907342035
2025-02-04 15:00:00,30.035106870304087
2025-02-04 15:15:00,30.35546131177401
2025-02-04 15:30:00,33.39485529866761
2025-02-04 15:45:00,34.76829269775961
2025-02-04 16:00:00,35.942806877849094
2025-02-04 16:15:00,40.24847210476803
2025-02-04 16:30:00,44.34769988440971
2025-02-04 16:45:00,47.57014233488468
2025-02-04 17:00:00,46.06696740265546
2025-02-04 17:15:00,52.48095073135351
2025-02-04 17:30:00,55.69410542374379
2025-02-04 17:45:00,56.16375814376842
2025-02-04 18:00:00,56.699875341642404
2025-02-04 18:15:00,58.088550600197486
2025-02-04 18:30:00,52.85897642269246
2025-02-04 18:45:00,49.40872068267274
2025-02-04 19:00:00,49.916031384889905
2025-02-04 19:15:00,49.57407172033929
2025-02-04 19:30:00,48.52743880827389
2025-02-04 19:45:00,42.866677005127436
2025-02-04 20:00:00,33.96788901674405
2025-02-04 20:15:00,34.03953377345761
2025-02-04 20:30:00,32.58721205402083
2025-02-04 20:45:00,30.10495094613948
2025-02-04 21:00:00,29.12477499997094
2025-02-04 21:15:00,23.980568459480157
2025-02-04 21:30:00,25.274317953701583
2025-02-04 21:45:00,25.293457070123193
2025-02-04 22:00:00,25.675688950927174
2025-02-04 22:15:00,21.15258357172131
2025-02-04 22:30:00,21.999916069780344
2025-02-04 22:45:00,15.90135875761264
2025-02-04 23:00:00,20.977069776931092
2025-02-04 23:15:00,21.13821003743082
2025-02-04 23:30:00,19.850819001013328
2025-02-04 23:45:00,22.784727908413405
2025-02-05 00:00:00,22.193739925361854
2025-02-05 00:15:00,16.686263524049153
2025-02-05 00:30:00,22.873763264774126
2025-02-05 00:45:00,20.014879375086313
2025-02-05 01:00:00,23.550612034859036
2025-02-05 01:15:00,19.132471365615366
2025-02-05 01:30:00,22.41285206460127
2025-02-05 01:45:00,21.630731008697488
2025-02-05 02:00:00,23.097362697488162
2025-02-05 02:15:00,22.652707474165577
2025-02-05 02:30:00,21.70528287165947
2025-02-05 02:45:00,18.506624223005304
2025-02-05 03:00:00,18.662286343488823
2025-02-05 03:15:00,20.911281662949282
2025-02-05 03:30:00,22.380540688195033
2025-02-05 03:45:00,20.93716325271027
2025-02-05 04:00:00,24.122754901167728
2025-02-05 04:15:00,22.038345273846026
2025-02-05 04:30:00,20.617662360244864
2025-02-05 04:45:00,22.80317506187082
2025-02-05 05:00:00,24.77743923436264
2025-02-05 05:15:00,26.067315425048758
2025-02-05 05:30:00,31.40357956891621
2025-02-05 05:45:00,26.96564576192112
2025-02-05 06:00:00,30.89538913418229
2025-02-05 06:15:00,35.0741445938468
2025-02-05 06:30:00,37.27365733190713
2025-02-05 06:45:00,39.62253389487228
2025-02-05 07:00:00,40.513217339059246
2025-02-05 07:15:00,46.295370550268636
2025-02-05 07:30:00,47.442421121617635
2025-02-05 07:45:00,47.46545921783253
2025-02-05 08:00:00,50.36663115392516
2025-02-05 08:15:00,49.16563575859541
2025-02-05 08:30:00,51.58892189067885
2025-02-05 08:45:00,49.079354424315255
2025-02-05 09:00:00,42.132220141744476
2025-02-05 09:15:00,40.23045765323395
2025-02-05 09:30:00,32.69495388203013
2025-02-05 09:45:00,32.78273553914979
2025-02-05 10:00:00,32.087716226594935
2025-02-05 10:15:00,30.712908055208718
2025-02-05 10:30:00,24.939218394669183
2025-02-05 10:45:00,27.900692715165828
2025-02-05 11:00:00,20.441632170489086
2025-02-05 11:15:00,20.400259775332295
2025-02-05 11:30:00,24.829457459661928
2025-02-05 11:45:00,26.945975437305062
2025-02-05 12:00:00,23.836125632300895
2025-02-05 12:15:00,22.418329629906506
2025-02-05 12:30:00,17.005849820334905
2025-02-05 12:45:00,17.459000732106837
2025-02-05 13:00:00,22.90651045642167
2025-02-05 13:15:00,21.81209053263682
2025-02-05 13:30:00,20.14253640686104
2025-02-05 13:45:00,23.374881109994053
2025-02-05 14:00:00,23.944237935666102
2025-02-05 14:15:00,26.649702536551313
2025-02-05 14:30:00,25.500758773722193
2025-02-05 14:45:00,29.392816918984632
2025-02-05 15:00:00,27.846512590435907
2025-02-05 15:15:00,29.4240332054262
2025-02-05 15:30:00,34.65919131949764
2025-02-05 15:45:00,32.22852287531986
2025-02-05 16:00:00,44.73022911507511
2025-02-05 16:15:00,41.90645116139722
2025-02-05 16:30:00,45.318969433512834
2025-02-05 16:45:00,49.03625477847186
2025-02-05 17:00:00,55.54041523570245
2025-02-05 17:15:00,55.522601981467815
2025-02-05 17:30:00,51.60762572712032
2025-02-05 17:45:00,60.44253346906065
2025-02-05 18:00:00,56.53136776541803
2025-02-05 18:15:00,57.20313423889354
2025-02-05 18:30:00,52.424908843485085
2025-02-05 18:45:00,54.861005646469714
2025-02-05 19:00:00,49.224694520421934
2025-02-05 19:15:00,47.98088418517772
2025-02-05 19:30:00,43.664983079764546
2025-02-05 19:45:00,45.790562795339426
2025-02-05 20:00:00,42.660873550389354
2025-02-05 20:15:00,34.8034091810456
2025-02-05 20:30:00,32.17224476334836
2025-02-05 20:45:00,28.794040121565924
2025-02-05 21:00:00,30.60820372997993
2025-02-05 21:15:00,25.517565533407833
2025-02-05 21:30:00,24.12529143181969
2025-02-05 21:45:00,26.755806538454497
2025-02-05 22:00:00,22.332438212985615
2025-02-05 22:15:00,23.139165785741177
2025-02-05 22:30:00,18.97620566771932
2025-02-05 22:45:00,24.488053204213124
2025-02-05 23:00:00,27.449566427439414
2025-02-05 23:15:00,24.318985085467123
2025-02-05 23:30:00,26.120952573909413
2025-02-05 23:45:00,20.32211657599766
2025-02-06 00:00:00,22.991088594154743
2025-02-06 00:15:00,20.043072790678924
2025-02-06 00:30:00,21.832253861175587
2025-02-06 00:45:00,24.33289277904936
2025-02-06 01:00:00,22.65761555325021
2025-02-06 01:15:00,18.872171312043193
2025-02-06 01:30:00,19.116937338038753
2025-02-06 01:45:00,18.952403885796034
2025-02-06 02:00:00,23.634913843570523
2025-02-06 02:15:00,27.567375002788093
2025-02-06 02:30:00,25.816013302822853
2025-02-06 02:45:00,17.67401639385997
2025-02-06 03:00:00,25.974670480925077
2025-02-06 03:15:00,24.77867443682566
2025-02-06 03:30:00,18.60466491780632
2025-02-06 03:45:00,21.766453462541033
2025-02-06 04:00:00,25.365205487067804
2025-02-06 04:15:00,24.179155732821414
2025-02-06 04:30:00,19.82413092483289
2025-02-06 04:45:00,25.091945567440295
2025-02-06 05:00:00,18.935712536979004
2025-02-06 05:15:00,24.764722572203482
2025-02-06 05:30:00,29.619198046042722
2025-02-06 05:45:00,28.750579034467183
2025-02-06 06:00:00,29.898416296862642
2025-02-06 06:15:00,36.29887474483832
2025-02-06 06:30:00,39.83576865123483
2025-02-06 06:45:00,44.2158528756205
2025-02-06 07:00:00,46.63889073464504
2025-02-06 07:15:00,50.34256831635326
2025-02-06 07:30:00,52.02562293061519
2025-02-06 07:45:00,52.51247192704238
2025-02-06 08:00:00,52.64627514112038
2025-02-06 08:15:00,51.256890146377245
2025-02-06 08:30:00,47.16520917840637
2025-02-06 08:45:00,45.255020442339216
2025-02-06 09:00:00,43.753556544467855
2025-02-06 09:15:00,41.551334012257044
2025-02-06 09:30:00,41.009266415931336
2025-02-06 09:45:00,33.980766728526966
2025-02-06 10:00:00,33.66562658564244
2025-02-06 10:15:00,31.41552685586298
2025-02-06 10:30:00,26.209893488284703
2025-02-06 10:45:00,26.824455475881702
2025-02-06 11:00:00,23.688716253569826
2025-02-06 11:15:00,26.891343391997182
2025-02-06 11:30:00,24.711585524841283
2025-02-06 11:45:00,19.85863736278527
2025-02-06 12:00:00,23.073031675835487
2025-02-06 12:15:00,26.706140384410453
2025-02-06 12:30:00,22.107405983882888
2025-02-06 12:45:00,23.70108033106242
2025-02-06 13:00:00,24.014358092139076
2025-02-06 13:15:00,20.182364342262467
2025-02-06 13:30:00,24.250568618884337
2025-02-06 13:45:00,19.793136161441577
2025-02-06 14:00:00,22.1590236345023
2025-02-06 14:15:00,27.044644667545327
2025-02-06 14:30:00,26.11781817557055
2025-02-06 14:45:00,25.627310862391568
2025-02-06 15:00:00,29.009354453286058
2025-02-06 15:15:00,29.628814456665925
2025-02-06 15:30:00,32.09653149336848
2025-02-06 15:45:00,36.38334577583301
2025-02-06 16:00:00,35.94236551387109
2025-02-06 16:15:00,41.13582286347632
2025-02-06 16:30:00,43.65290019851123
2025-02-06 16:45:00,43.82618079064894
2025-02-06 17:00:00,48.613109040359305
2025-02-06 17:15:00,57.52852395355509
2025-02-06 17:30:00,56.648748344702426
2025-02-06 17:45:00,53.691561137247625
2025-02-06 18:00:00,53.599397658018766
2025-02-06 18:15:00,56.721511190127984
2025-02-06 18:30:00,59.59268449047367
2025-02-06 18:45:00,53.1452796477583
2025-02-06 19:00:00,54.18730351271006
2025-02-06 19:15:00,48.67696140084989
2025-02-06 19:30:00,45.62003112139046
2025-02-06 19:45:00,37.70540390134759
2025-02-06 20:00:00,40.115704488008994
2025-02-06 20:15:00,33.91647054593395
2025-02-06 20:30:00,34.236706002562705
2025-02-06 20:45:00,27.758896966083643
2025-02-06 21:00:00,28.352485753606963
2025-02-06 21:15:00,27.286546977694563
2025-02-06 21:30:00,24.860225710603487
2025-02-06 21:45:00,25.387361745616694
2025-02-06 22:00:00,23.07886764690518
2025-02-06 22:15:00,21.677578372868517
2025-02-06 22:30:00,27.00986546209093
2025-02-06 22:45:00,25.416633890918025
2025-02-06 23:00:00,20.761911600473514
2025-02-06 23:15:00,24.00370680106339
2025-02-06 23:30:00,20.676431901897484
2025-02-06 23:45:00,19.542334690894393
2025-02-07 00:00:00,25.051475876190896
2025-02-07 00:15:00,18.207397921093097
2025-02-07 00:30:00,24.785481892679513
2025-02-07 00:45:00,21.837232687844665
2025-02-07 01:00:00,21.94087189639986
2025-02-07 01:15:00,23.49482630121368
2025-02-07 01:30:00,23.924181515477983
2025-02-07 01:45:00,20.406130156059913
2025-02-07 02:00:00,24.267270774205922
2025-02-07 02:15:00,22.757739392318697
2025-02-07 02:30:00,19.33640509426144
2025-02-07 02:45:00,22.05596756638499
2025-02-07 03:00:00,25.941852558257146
2025-02-07 03:15:00,26.695834773512498
2025-02-07 03:30:00,24.327960309259122
2025-02-07 03:45:00,19.615273167505563
2025-02-07 04:00:00,23.919591098077216
2025-02-07 04:15:00,24.996898598741645
2025-02-07 04:30:00,24.977812897708873
2025-02-07 04:45:00,25.594150283278818
2025-02-07 05:00:00,25.254296108908513
2025-02-07 05:15:00,25.207421548129364
2025-02-07 05:30:00,25.32006176639177
2025-02-07 05:45:00,24.026429082894357
2025-02-07 06:00:00,32.0615389721601
2025-02-07 06:15:00,34.607315603147136
2025-02-07 06:30:00,38.859503104189635
2025-02-07 06:45:00,37.6635687938301
2025-02-07 07:00:00,46.13225077042593
2025-02-07 07:15:00,52.84216845167155
2025-02-07 07:30:00,50.45615124757535
2025-02-07 07:45:00,51.761161389844055
2025-02-07 08:00:00,53.261682915534315
2025-02-07 08:15:00,56.99755638950582
2025-02-07 08:30:00,47.70368489041517
2025-02-07 08:45:00,48.21799093148272
2025-02-07 09:00:00,42.52612357717098
2025-02-07 09:15:00,39.646866194747695
2025-02-07 09:30:00,37.34993353482505
2025-02-07 09:45:00,37.520242285858856
2025-02-07 10:00:00,35.72608674377934
2025-02-07 10:15:00,29.904267459958657
2025-02-07 10:30:00,25.913698058557177
2025-02-07 10:45:00,31.636251497661753
2025-02-07 11:00:00,23.295324538167396
2025-02-07 11:15:00,22.224838254510857
2025-02-07 11:30:00,18.751293951338848
2025-02-07 11:45:00,26.39175005622723
2025-02-07 12:00:00,25.156508409988316
2025-02-07 12:15:00,28.69704820375108
2025-02-07 12:30:00,19.15334957331354
2025-02-07 12:45:00,26.293894158131735
2025-02-07 13:00:00,22.891674177315746
2025-02-07 13:15:00,24.855846515783526
2025-02-07 13:30:00,18.921030276698584
2025-02-07 13:45:00,27.0146029818006
2025-02-07 14:00:00,25.75605016244458
2025-02-07 14:15:00,24.324736545453515
2025-02-07 14:30:00,26.905383552561673
2025-02-07 14:45:00,24.541441512761477
2025-02-07 15:00:00,26.511276069828053
2025-02-07 15:15:00,28.687107925599477
2025-02-07 15:30:00,27.499939966872418
2025-02-07 15:45:00,36.96237007815029
2025-02-07 16:00:00,40.80644328458455
2025-02-07 16:15:00,39.3482958587892
2025-02-07 16:30:00,45.370752608499124
2025-02-07 16:45:00,47.1930124241857
2025-02-07 17:00:00,51.80160771979435
2025-02-07 17:15:00,52.10573911647715
2025-02-07 17:30:00,53.54505155162947
2025-02-07 17:45:00,59.69739348941967
2025-02-07 18:00:00,57.35728151843777
2025-02-07 18:15:00,62.12386770114735
2025-02-07 18:30:00,55.87216745312703
2025-02-07 18:45:00,51.36365426750217
2025-02-07 19:00:00,54.05383120389909
2025-02-07 19:15:00,49.44080926777752
2025-02-07 19:30:00,46.32576151962599
2025-02-07 19:45:00,44.08788125538802
2025-02-07 20:00:00,36.20658083262933
2025-02-07 20:15:00,34.50234175026396
2025-02-07 20:30:00,31.71702467342517
2025-02-07 20:45:00,26.634129962369094
2025-02-07 21:00:00,27.317561393045786
2025-02-07 21:15:00,29.81416262115176
2025-02-07 21:30:00,25.905328645136986
2025-02-07 21:45:00,21.077519826898047
2025-02-07 22:00:00,19.921936189333326
2025-02-07 22:15:00,27.52884228595161
2025-02-07 22:30:00,22.837033863077405
2025-02-07 22:45:00,21.242400594369588
2025-02-07 23:00:00,22.045768434460662
2025-02-07 23:15:00,18.956001034892743
2025-02-07 23:30:00,26.157541296038627
2025-02-07 23:45:00,21.58808833969434
2025-02-08 00:00:00,16.952130440030082
2025-02-08 00:15:00,13.66345053486047
2025-02-08 00:30:00,17.108846039276052
2025-02-08 00:45:00,14.177447884932368
2025-02-08 01:00:00,15.66949079482364
2025-02-08 01:15:00,15.334844705474811
2025-02-08 01:30:00,15.096057220392359
2025-02-08 01:45:00,14.408420270844283
2025-02-08 02:00:00,12.957302583580931
2025-02-08 02:15:00,18.329074601183894
2025-02-08 02:30:00,11.274683911731902
2025-02-08 02:45:00,13.555369450899267
2025-02-08 03:00:00,13.586528253447543
2025-02-08 03:15:00,14.56435900215666
2025-02-08 03:30:00,12.501520803271317
2025-02-08 03:45:00,14.393479215633691
2025-02-08 04:00:00,13.240887599531526
2025-02-08 04:15:00,9.805595178553254
2025-02-08 04:30:00,13.94625785413841
2025-02-08 04:45:00,11.428798234274907
2025-02-08 05:00:00,10.237465313978067
2025-02-08 05:15:00,15.489198249425773
2025-02-08 05:30:00,17.165926299944744
2025-02-08 05:45:00,18.32493364147839
2025-02-08 06:00:00,19.769069511865098
2025-02-08 06:15:00,15.131344644389474
2025-02-08 06:30:00,18.388446414856503
2025-02-08 06:45:00,28.67313035429663
2025-02-08 07:00:00,23.053371959284803
2025-02-08 07:15:00,28.951162140882012
2025-02-08 07:30:00,27.11184915807987
2025-02-08 07:45:00,29.93910191856298
2025-02-08 08:00:00,28.47271588648606
2025-02-08 08:15:00,31.145162056217778
2025-02-08 08:30:00,29.17390675594779
2025-02-08 08:45:00,26.307502681551803
2025-02-08 09:00:00,23.05152079683821
2025-02-08 09:15:00,24.415710101114232
2025-02-08 09:30:00,18.76753236516799
2025-02-08 09:45:00,21.04125818676201
2025-02-08 10:00:00,24.92850222335323
2025-02-08 10:15:00,20.396193636073093
2025-02-08 10:30:00,17.756150783574842
2025-02-08 10:45:00,14.948646063881993
2025-02-08 11:00:00,9.743988802633373
2025-02-08 11:15:00,10.894123930970348
2025-02-08 11:30:00,17.151920034457266
2025-02-08 11:45:00,11.812938493743038
2025-02-08 12:00:00,11.948416297587631
2025-02-08 12:15:00,13.236884853880799
2025-02-08 12:30:00,10.982250906867023
2025-02-08 12:45:00,10.582477305843796
2025-02-08 13:00:00,13.560854029524055
2025-02-08 13:15:00,11.526871436781203
2025-02-08 13:30:00,12.013393595809346
2025-02-08 13:45:00,12.08043392868491
2025-02-08 14:00:00,15.584572487249472
2025-02-08 14:15:00,14.046409604165305
2025-02-08 14:30:00,14.659431057386628
2025-02-08 14:45:00,17.237956119143664
2025-02-08 15:00:00,16.218387976590634
2025-02-08 15:15:00,16.915378858937586
2025-02-08 15:30:00,20.044773793968446
2025-02-08 15:45:00,22.011372871959335
2025-02-08 16:00:00,21.634224024034356
2025-02-08 16:15:00,24.00454808926921
2025-02-08 16:30:00,23.718089471548804
2025-02-08 16:45:00,25.367310172310923
2025-02-08 17:00:00,31.16043163342056
2025-02-08 17:15:00,31.831798243740387
2025-02-08 17:30:00,33.00141444188255
2025-02-08 17:45:00,33.28809226170955
2025-02-08 18:00:00,32.94914055439508
2025-02-08 18:15:00,34.328375166608346
2025-02-08 18:30:00,34.20371834770196
2025-02-08 18:45:00,33.00168024927498
2025-02-08 19:00:00,28.991174287043524
2025-02-08 19:15:00,30.99344485238553
2025-02-08 19:30:00,26.252051044752264
2025-02-08 19:45:00,25.393692466817438
2025-02-08 20:00:00,22.71823985362738
2025-02-08 20:15:00,20.970896331939638
2025-02-08 20:30:00,17.043157949956175
2025-02-08 20:45:00,19.379668436499628
2025-02-08 21:00:00,23.703387119160624
2025-02-08 21:15:00,14.826648445499554
2025-02-08 21:30:00,15.302758632266267
2025-02-08 21:45:00,13.531950587480887
2025-02-08 22:00:00,13.080600395209208
2025-02-08 22:15:00,17.917538461905792
2025-02-08 22:30:00,12.20706084576248
2025-02-08 22:45:00,12.59355183878803
2025-02-08 23:00:00,9.738735454992593
2025-02-08 23:15:00,11.76893815482899
2025-02-08 23:30:00,9.365073420839837
2025-02-08 23:45:00,15.19990193119611
2025-02-09 00:00:00,20.599544058886515
2025-02-09 00:15:00,12.684298648225091
2025-02-09 00:30:00,9.434795653988575
2025-02-09 00:45:00,15.8523851820082
2025-02-09 01:00:00,11.785771123934772
2025-02-09 01:15:00,16.852153800247034
2025-02-09 01:30:00,12.899431318896784
2025-02-09 01:45:00,12.025719238789769
2025-02-09 02:00:00,13.161209868114891
2025-02-09 02:15:00,15.501604158201424
2025-02-09 02:30:00,13.040149181191726
2025-02-09 02:45:00,12.369462971666316
2025-02-09 03:00:00,13.11890894159059
2025-02-09 03:15:00,10.445293541154857
2025-02-09 03:30:00,14.634455807351735
2025-02-09 03:45:00,9.206471350656662
2025-02-09 04:00:00,12.619364810234366
2025-02-09 04:15:00,15.725613877834075
2025-02-09 04:30:00,14.746672229437301
2025-02-09 04:45:00,15.722687382925475
2025-02-09 05:00:00,14.47748992191251
2025-02-09 05:15:00,18.138054783775317
2025-02-09 05:30:00,18.32464032042952
2025-02-09 05:45:00,18.19021543044535
2025-02-09 06:00:00,20.736681571208933
2025-02-09 06:15:00,21.905550466359152
2025-02-09 06:30:00,20.759004334867164
2025-02-09 06:45:00,20.446253866643335
2025-02-09 07:00:00,26.78897355769317
2025-02-09 07:15:00,28.855957023728074
2025-02-09 07:30:00,31.622047573700115
2025-02-09 07:45:00,27.46579126639005
2025-02-09 08:00:00,27.85644812758635
2025-02-09 08:15:00,30.957734219047303
2025-02-09 08:30:00,28.72072837413254
2025-02-09 08:45:00,22.780497472843784
2025-02-09 09:00:00,26.681395889034675
2025-02-09 09:15:00,19.18189170351978
2025-02-09 09:30:00,19.502862366700235
2025-02-09 09:45:00,23.418433397219395
2025-02-09 10:00:00,22.991161878887986
2025-02-09 10:15:00,14.048301970347374
2025-02-09 10:30:00,15.203476606416913
2025-02-09 10:45:00,15.335894999540843
2025-02-09 11:00:00,19.110612072705322
2025-02-09 11:15:00,13.034341934769017
2025-02-09 11:30:00,12.8194022202265
2025-02-09 11:45:00,17.725816973821356
2025-02-09 12:00:00,12.826248044811315
2025-02-09 12:15:00,15.523189699116209
2025-02-09 12:30:00,10.011183524811553
2025-02-09 12:45:00,13.287991665601284
2025-02-09 13:00:00,9.60472149927081
2025-02-09 13:15:00,11.183785004681248
2025-02-09 13:30:00,16.030617816746453
2025-02-09 13:45:00,13.975322399944858
2025-02-09 14:00:00,13.547581984890078
2025-02-09 14:15:00,12.821524154060617
2025-02-09 14:30:00,14.62089517762727
2025-02-09 14:45:00,16.565048677232404
2025-02-09 15:00:00,19.097451896936604
2025-02-09 15:15:00,11.11482095344773
2025-02-09 15:30:00,16.855919352995205
2025-02-09 15:45:00,20.805293252146985
2025-02-09 16:00:00,21.82142436650937
2025-02-09 16:15:00,24.878143640143936
2025-02-09 16:30:00,26.408090144807723
2025-02-09 16:45:00,26.82352250634793
2025-02-09 17:00:00,27.987104272144816
2025-02-09 17:15:00,30.172363746649292
2025-02-09 17:30:00,34.80169860400718
2025-02-09 17:45:00,30.822610941240676
2025-02-09 18:00:00,32.74328994060702
2025-02-09 18:15:00,33.11237535815669
2025-02-09 18:30:00,35.83349815344036
2025-02-09 18:45:00,30.039513974316794
2025-02-09 19:00:00,31.70681010054511
2025-02-09 19:15:00,30.672585919385206
2025-02-09 19:30:00,25.588188061554057
2025-02-09 19:45:00,23.35262892132025
2025-02-09 20:00:00,21.257060330028853
2025-02-09 20:15:00,19.780496111231958
2025-02-09 20:30:00,21.08481196063327
2025-02-09 20:45:00,18.270490667385562
2025-02-09 21:00:00,17.245049788425412
2025-02-09 21:15:00,13.017251740134387
2025-02-09 21:30:00,12.773221033875025
2025-02-09 21:45:00,20.072755193900708
2025-02-09 22:00:00,13.922760219501535
2025-02-09 22:15:00,12.186159161272423
2025-02-09 22:30:00,17.5339106876636
2025-02-09 22:45:00,14.549948777522026
2025-02-09 23:00:00,15.219529190091365
2025-02-09 23:15:00,13.38452416158999
2025-02-09 23:30:00,12.906064810390408
2025-02-09 23:45:00,13.263098635532275
2025-02-10 00:00:00,19.210129997774526
2025-02-10 00:15:00,22.447851612489508
2025-02-10 00:30:00,23.408447952172345
2025-02-10 00:45:00,27.29521970471434
2025-02-10 01:00:00,22.884759217441857
2025-02-10 01:15:00,16.835028797457337
2025-02-10 01:30:00,22.43624405435844
2025-02-10 01:45:00,29.520771581730585
2025-02-10 02:00:00,24.838895490621006
2025-02-10 02:15:00,20.64711383856181
2025-02-10 02:30:00,24.154331513335567
2025-02-10 02:45:00,20.825643363937633
2025-02-10 03:00:00,19.30415937132033
2025-02-10 03:15:00,21.833447520640718
2025-02-10 03:30:00,22.963428414162223
2025-02-10 03:45:00,18.110766282670646
2025-02-10 04:00:00,20.020198766418545
2025-02-10 04:15:00,23.095608397877193
2025-02-10 04:30:00,22.343133150267327
2025-02-10 04:45:00,24.81881589025189
2025-02-10 05:00:00,21.509490743345925
2025-02-10 05:15:00,27.37375991741662
2025-02-10 05:30:00,24.081605914328968
2025-02-10 05:45:00,33.078126784819815
2025-02-10 06:00:00,27.123061995258574
2025-02-10 06:15:00,31.610820968885772
2025-02-10 06:30:00,38.70901365553481
2025-02-10 06:45:00,45.36803430663407
2025-02-10 07:00:00,45.50733978825635
2025-02-10 07:15:00,49.312973666403224
2025-02-10 07:30:00,50.50389132564085
2025-02-10 07:45:00,49.54935170340006
2025-02-10 08:00:00,51.463854305549255
2025-02-10 08:15:00,49.08696267860442
2025-02-10 08:30:00,47.266052526050366
2025-02-10 08:45:00,48.914369047124964
2025-02-10 09:00:00,41.91734532852283
2025-02-10 09:15:00,42.01328616449623
2025-02-10 09:30:00,34.419375574804796
2025-02-10 09:45:00,35.092914882944484
2025-02-10 10:00:00,30.201926970477736
2025-02-10 10:15:00,32.50047408334614
2025-02-10 10:30:00,27.864505255891196
2025-02-10 10:45:00,28.693884714378456
2025-02-10 11:00:00,22.675117101255854
2025-02-10 11:15:00,23.993059541848265
2025-02-10 11:30:00,20.935956818322612
2025-02-10 11:45:00,22.067531177081968
2025-02-10 12:00:00,22.28065702302615
2025-02-10 12:15:00,21.037911962569762
2025-02-10 12:30:00,19.788423957572256
2025-02-10 12:45:00,19.314696981129973
2025-02-10 13:00:00,17.066988242959578
2025-02-10 13:15:00,20.39975296585218
2025-02-10 13:30:00,24.80923102196702
2025-02-10 13:45:00,19.548175245931795
2025-02-10 14:00:00,20.569474319309382
2025-02-10 14:15:00,29.09928121132899
2025-02-10 14:30:00,23.901384859615877
2025-02-10 14:45:00,27.457817939106828
2025-02-10 15:00:00,29.76569230086118
2025-02-10 15:15:00,31.70205793494381
2025-02-10 15:30:00,28.5259971954056
2025-02-10 15:45:00,34.43034779372079
2025-02-10 16:00:00,33.9819142261598
2025-02-10 16:15:00,47.417474031302255
2025-02-10 16:30:00,40.71308005942572
2025-02-10 16:45:00,45.437286214411884
2025-02-10 17:00:00,48.57944382831565
2025-02-10 17:15:00,50.133054178525164
2025-02-10 17:30:00,59.33512236706756
2025-02-10 17:45:00,63.323349177896695
2025-02-10 18:00:00,56.52760833379511
2025-02-10 18:15:00,53.96756060773027
2025-02-10 18:30:00,50.36410194515427
2025-02-10 18:45:00,53.268600722900786
2025-02-10 19:00:00,50.39558860573327
2025-02-10 19:15:00,46.43559169233974
2025-02-10 19:30:00,45.26204064615315
2025-02-10 19:45:00,42.29933556608458
2025-02-10 20:00:00,38.846302862916204
2025-02-10 20:15:00,34.230185993633604
2025-02-10 20:30:00,29.591617829036636
2025-02-10 20:45:00,31.725602200002573
2025-02-10 21:00:00,28.20784431782286
2025-02-10 21:15:00,28.89413093937397
2025-02-10 21:30:00,27.48719541016059
2025-02-10 21:45:00,21.088291124720367
2025-02-10 22:00:00,20.4260023506793
2025-02-10 22:15:00,21.678073493057255
2025-02-10 22:30:00,20.622191018816203
2025-02-10 22:45:00,24.949078699391524
2025-02-10 23:00:00,23.809045187500608
2025-02-10 23:15:00,25.59725355597699
2025-02-10 23:30:00,23.791043616614516
2025-02-10 23:45:00,23.292367789170484
2025-02-11 00:00:00,25.732974257990733
2025-02-11 00:15:00,23.908662868986088
2025-02-11 00:30:00,22.905292051769315
2025-02-11 00:45:00,26.43686858854088
2025-02-11 01:00:00,23.02438814642001
2025-02-11 01:15:00,21.976294274297512
2025-02-11 01:30:00,20.643323872985086
2025-02-11 01:45:00,24.496249280182564
2025-02-11 02:00:00,25.832280641373792
2025-02-11 02:15:00,22.61454207810892
2025-02-11 02:30:00,26.013028670317986
2025-02-11 02:45:00,17.822313729842257
2025-02-11 03:00:00,22.616719116776903
2025-02-11 03:15:00,22.67080803207402
2025-02-11 03:30:00,20.983800768655918
2025-02-11 03:45:00,28.817482017318028
2025-02-11 04:00:00,22.794289794652446
2025-02-11 04:15:00,22.117116944519438
2025-02-11 04:30:00,23.495145757432688
2025-02-11 04:45:00,18.891427749681306
2025-02-11 05:00:00,22.713166131864256
2025-02-11 05:15:00,28.113249853256093
2025-02-11 05:30:00,25.535314653256734
2025-02-11 05:45:00,26.965777506584274
2025-02-11 06:00:00,34.75294618109958
2025-02-11 06:15:00,37.759517030833095
2025-02-11 06:30:00,39.024737211967306
2025-02-11 06:45:00,40.13633222640252
2025-02-11 07:00:00,44.18772891878433
2025-02-11 07:15:00,45.962128345619064
2025-02-11 07:30:00,48.039790657495814
2025-02-11 07:45:00,49.570981001526185
2025-02-11 08:00:00,51.2107385427939
2025-02-11 08:15:00,49.59660888545496
2025-02-11 08:30:00,46.62023903274388
2025-02-11 08:45:00,48.52517780681957
2025-02-11 09:00:00,45.37845361958554
2025-02-11 09:15:00,45.53305742736784
2025-02-11 09:30:00,36.06976091808
2025-02-11 09:45:00,35.15888319031999
2025-02-11 10:00:00,32.27208922468136
2025-02-11 10:15:00,28.416015730014912
2025-02-11 10:30:00,28.98271637242694
2025-02-11 10:45:00,27.6091748326291
2025-02-11 11:00:00,25.4494360139219
2025-02-11 11:15:00,23.28027631222757
2025-02-11 11:30:00,22.561523825836186
2025-02-11 11:45:00,19.74883392055958
2025-02-11 12:00:00,20.98779751695271
2025-02-11 12:15:00,21.364213088142602
2025-02-11 12:30:00,20.083926082222124
2025-02-11 12:45:00,24.01497459058998
2025-02-11 13:00:00,25.97460258830481
2025-02-11 13:15:00,20.837137427397163
2025-02-11 13:30:00,24.015774253258215
2025-02-11 13:45:00,21.02581811074994
2025-02-11 14:00:00,23.294150391203956
2025-02-11 14:15:00,22.962885218911474
2025-02-11 14:30:00,27.06403848936183
2025-02-11 14:45:00,25.024906865198506
2025-02-11 15:00:00,30.755724852485777
2025-02-11 15:15:00,29.498115059944325
2025-02-11 15:30:00,30.774447881547893
2025-02-11 15:45:00,31.941408221215823
2025-02-11 16:00:00,38.72716805930337
2025-02-11 16:15:00,43.60639977320111
2025-02-11 16:30:00,45.45024574441612
2025-02-11 16:45:00,53.72064031123171
2025-02-11 17:00:00,54.822088980204676
2025-02-11 17:15:00,53.17256034214903
2025-02-11 17:30:00,55.22524339176774
2025-02-11 17:45:00,58.50814560751055
2025-02-11 18:00:00,55.688607564621655
2025-02-11 18:15:00,60.251013624781734
2025-02-11 18:30:00,56.9270913801875
2025-02-11 18:45:00,54.58669417996159
2025-02-11 19:00:00,52.970560716673134
2025-02-11 19:15:00,52.43758110027196
2025-02-11 19:30:00,45.202665275290556
2025-02-11 19:45:00,41.09547616547662
2025-02-11 20:00:00,41.87706815998712
2025-02-11 20:15:00,37.50604859714188
2025-02-11 20:30:00,31.609897185622195
2025-02-11 20:45:00,30.140659960742546
2025-02-11 21:00:00,28.731686592725246
2025-02-11 21:15:00,27.644443872409017
2025-02-11 21:30:00,22.187181292741442
2025-02-11 21:45:00,20.853159161443468
2025-02-11 22:00:00,21.85975719792639
2025-02-11 22:15:00,21.22175356598943
2025-02-11 22:30:00,21.71996888822083
2025-02-11 22:45:00,24.7144002482855
2025-02-11 23:00:00,22.57512249032818
2025-02-11 23:15:00,23.406954467648397
2025-02-11 23:30:00,19.80574243159078
2025-02-11 23:45:00,21.683312710793913
2025-02-12 00:00:00,24.268468345101624
2025-02-12 00:15:00,24.288400048699685
2025-02-12 00:30:00,20.99027945631446
2025-02-12 00:45:00,23.206566353272265
2025-02-12 01:00:00,28.300229955853077
2025-02-12 01:15:00,22.759825347062435
2025-02-12 01:30:00,21.071589038182307
2025-02-12 01:45:00,22.37095404277285
2025-02-12 02:00:00,23.036771439193917
2025-02-12 02:15:00,22.429764013575333
2025-02-12 02:30:00,22.73152724278635
2025-02-12 02:45:00,19.205408701038312
2025-02-12 03:00:00,20.415450749691022
2025-02-12 03:15:00,22.464381603265583
2025-02-12 03:30:00,22.45479115822741
2025-02-12 03:45:00,21.509030618822557
2025-02-12 04:00:00,22.58391179479247
2025-02-12 04:15:00,23.35565539567525
2025-02-12 04:30:00,25.72044849876945
2025-02-12 04:45:00,23.717107141539966
2025-02-12 05:00:00,25.67726834208139
2025-02-12 05:15:00,24.36782355966699
2025-02-12 05:30:00,28.60459173319409
2025-02-12 05:45:00,30.04396554122506
2025-02-12 06:00:00,33.71034898137234
2025-02-12 06:15:00,36.25920656817395
2025-02-12 06:30:00,39.27077447237653
2025-02-12 06:45:00,41.094756423463956
2025-02-12 07:00:00,45.46542903279553
2025-02-12 07:15:00,50.69794995429449
2025-02-12 07:30:00,48.96321141516965
2025-02-12 07:45:00,50.67767715916431
2025-02-12 08:00:00,53.276127438242035
2025-02-12 08:15:00,53.28828497143967
2025-02-12 08:30:00,48.53590996455096
2025-02-12 08:45:00,47.85643910751075
2025-02-12 09:00:00,44.623642115389195
2025-02-12 09:15:00,35.809549625897574
2025-02-12 09:30:00,37.258296249429065
2025-02-12 09:45:00,34.09201151774986
2025-02-12 10:00:00,31.15624980304602
2025-02-12 10:15:00,32.65706970288113
2025-02-12 10:30:00,24.149061037889776
2025-02-12 10:45:00,23.676219821099995
2025-02-12 11:00:00,18.16709316373893
2025-02-12 11:15:00,22.783758293020924
2025-02-12 11:30:00,22.532914595516733
2025-02-12 11:45:00,21.959950110325803
2025-02-12 12:00:00,25.838459695815555
2025-02-12 12:15:00,25.137450087348444
2025-02-12 12:30:00,23.155171682573183
2025-02-12 12:45:00,22.055306423630377
2025-02-12 13:00:00,25.615181469713654
2025-02-12 13:15:00,23.124573242239624
2025-02-12 13:30:00,21.32816995020969
2025-02-12 13:45:00,19.387148649472046
2025-02-12 14:00:00,23.019843967421867
2025-02-12 14:15:00,26.64199259339665
2025-02-12 14:30:00,31.317320475312666
2025-02-12 14:45:00,26.942577548886856
2025-02-12 15:00:00,26.379859414027614
2025-02-12 15:15:00,27.2166783569985
2025-02-12 15:30:00,33.84501877990818
2025-02-12 15:45:00,30.729805629727277
2025-02-12 16:00:00,39.53669392068643
2025-02-12 16:15:00,43.47930716690216
2025-02-12 16:30:00,45.92431561976531
2025-02-12 16:45:00,47.641081348958465
2025-02-12 17:00:00,52.72664636650488
2025-02-12 17:15:00,54.435400065371546
2025-02-12 17:30:00,54.141676755243154
2025-02-12 17:45:00,62.026608998343946
2025-02-12 18:00:00,56.971131450268786
2025-02-12 18:15:00,59.3413479931845
2025-02-12 18:30:00,50.043228752448464
2025-02-12 18:45:00,57.203398493376795
2025-02-12 19:00:00,54.99176029249176
2025-02-12 19:15:00,48.27176524327513
2025-02-12 19:30:00,46.23887886527541
2025-02-12 19:45:00,42.8410394302832
2025-02-12 20:00:00,36.56498456118807
2025-02-12 20:15:00,36.5216527043716
2025-02-12 20:30:00,30.45744499550933
2025-02-12 20:45:00,28.672475913590894
2025-02-12 21:00:00,31.12726654451821
2025-02-12 21:15:00,29.24323012125628
2025-02-12 21:30:00,23.879416548408955
2025-02-12 21:45:00,22.942104205803982
2025-02-12 22:00:00,22.530915130397556
2025-02-12 22:15:00,25.531872973290728
2025-02-12 22:30:00,20.89624135473531
2025-02-12 22:45:00,24.086079624259582
2025-02-12 23:00:00,24.931236791334975
2025-02-12 23:15:00,22.762028712999392
2025-02-12 23:30:00,25.45833458246797
2025-02-12 23:45:00,22.143317177981004
2025-02-13 00:00:00,22.332359571863954
2025-02-13 00:15:00,20.424577709037255
2025-02-13 00:30:00,25.411331779443955
2025-02-13 00:45:00,20.95278365348542
2025-02-13 01:00:00,23.74421425004411
2025-02-13 01:15:00,22.692204385995908
2025-02-13 01:30:00,20.239273129368478
2025-02-13 01:45:00,21.349276540229166
2025-02-13 02:00:00,26.33018365158788
2025-02-13 02:15:00,23.378503205497122
2025-02-13 02:30:00,20.353712524669714
2025-02-13 02:45:00,23.644020795361357
2025-02-13 03:00:00,22.523416242028752
2025-02-13 03:15:00,31.539510085163997
2025-02-13 03:30:00,23.647445070248395
2025-02-13 03:45:00,22.039616071915862
2025-02-13 04:00:00,26.643189938060537
2025-02-13 04:15:00,18.667202222516835
2025-02-13 04:30:00,23.799389632020095
2025-02-13 04:45:00,29.01788209991699
2025-02-13 05:00:00,24.455686501545586
2025-02-13 05:15:00,21.455246085240812
2025-02-13 05:30:00,26.251231896780606
2025-02-13 05:45:00,32.807609283200975
2025-02-13 06:00:00,32.552654847833935
2025-02-13 06:15:00,32.44508952189065
2025-02-13 06:30:00,36.15250278083532
2025-02-13 06:45:00,40.008223650843085
2025-02-13 07:00:00,45.822750058928555
2025-02-13 07:15:00,51.451342349121525
2025-02-13 07:30:00,53.29112975428378
2025-02-13 07:45:00,53.455401444788514
2025-02-13 08:00:00,49.56011142683163
2025-02-13 08:15:00,48.99692884440165
2025-02-13 08:30:00,51.99598064935459
2025-02-13 08:45:00,44.746342154821
2025-02-13 09:00:00,44.361395881898865
2025-02-13 09:15:00,42.17480041398091
2025-02-13 09:30:00,35.02997061777845
2025-02-13 09:45:00,31.991324647583085
2025-02-13 10:00:00,31.388353882293238
2025-02-13 10:15:00,30.44308411885731
2025-02-13 10:30:00,29.90902809380557
2025-02-13 10:45:00,27.32208421964712
2025-02-13 11:00:00,24.948398530626964
2025-02-13 11:15:00,22.187237458172866
2025-02-13 11:30:00,20.91143037482965
2025-02-13 11:45:00,22.02437471394779
2025-02-13 12:00:00,24.160779693166788
2025-02-13 12:15:00,23.894139931683608
2025-02-13 12:30:00,17.777449291201332
2025-02-13 12:45:00,21.08432087042049
2025-02-13 13:00:00,26.1276505620711
2025-02-13 13:15:00,23.438679894948816
2025-02-13 13:30:00,19.897997148357586
2025-02-13 13:45:00,29.63399768078802
2025-02-13 14:00:00,24.11745025498338
2025-02-13 14:15:00,25.782892832357863
2025-02-13 14:30:00,26.69146002517699
2025-02-13 14:45:00,25.936237401621916
2025-02-13 15:00:00,26.5409883808841
2025-02-13 15:15:00,35.5499532239831
2025-02-13 15:30:00,35.03982059679777
2025-02-13 15:45:00,37.26286314706885
2025-02-13 16:00:00,39.66822853007895
2025-02-13 16:15:00,38.99340905894988
2025-02-13 16:30:00,48.09411684964305
2025-02-13 16:45:00,46.14907826738471
2025-02-13 17:00:00,52.089186111623675
2025-02-13 17:15:00,49.97625375749858
2025-02-13 17:30:00,51.051513616885046
2025-02-13 17:45:00,58.26298058264838
2025-02-13 18:00:00,55.89425611491703
2025-02-13 18:15:00,52.49572269742576
2025-02-13 18:30:00,57.50796260016465
2025-02-13 18:45:00,59.37909759766065
2025-02-13 19:00:00,54.860425960914675
2025-02-13 19:15:00,47.620560445903564
2025-02-13 19:30:00,44.93073892878259
2025-02-13 19:45:00,43.73069150183329
2025-02-13 20:00:00,41.043937918486364
2025-02-13 20:15:00,34.36168202731821
2025-02-13 20:30:00,32.63113984311136
2025-02-13 20:45:00,31.012579623224767
2025-02-13 21:00:00,29.761273870793758
2025-02-13 21:15:00,26.540569173086816
2025-02-13 21:30:00,25.41181657463579
2025-02-13 21:45:00,28.29230027255177
2025-02-13 22:00:00,27.235382776258167
2025-02-13 22:15:00,24.960474874326437
2025-02-13 22:30:00,27.760650365427836
2025-02-13 22:45:00,22.294858004712875
2025-02-13 23:00:00,27.188227769931906
2025-02-13 23:15:00,24.405605331180233
2025-02-13 23:30:00,31.17741502945134
2025-02-13 23:45:00,19.989562168358507
2025-02-14 00:00:00,21.210309827414598
2025-02-14 00:15:00,23.98136224097748
2025-02-14 00:30:00,23.928147926450137
2025-02-14 00:45:00,27.811106614979355
2025-02-14 01:00:00,21.265522381116842
2025-02-14 01:15:00,25.199465234154665
2025-02-14 01:30:00,25.84406268246184
2025-02-14 01:45:00,24.7003283639483
2025-02-14 02:00:00,20.53718658278446
2025-02-14 02:15:00,26.460430745655632
2025-02-14 02:30:00,26.016575089984567
2025-02-14 02:45:00,24.44633576007478
2025-02-14 03:00:00,23.466244922646716
2025-02-14 03:15:00,23.53633848827368
2025-02-14 03:30:00,22.80447036990348
2025-02-14 03:45:00,24.659815408822592
2025-02-14 04:00:00,23.237631659564435
2025-02-14 04:15:00,21.21515458597656
2025-02-14 04:30:00,21.008784512607587
2025-02-14 04:45:00,22.21839461269279
2025-02-14 05:00:00,25.368189702427813
2025-02-14 05:15:00,25.787783489382203
2025-02-14 05:30:00,27.84606067463819
2025-02-14 05:45:00,30.490021398277875
2025-02-14 06:00:00,30.11085292584902
2025-02-14 06:15:00,38.27305460014453
2025-02-14 06:30:00,37.26300711477341
2025-02-14 06:45:00,40.39058125037307
2025-02-14 07:00:00,46.192395325733905
2025-02-14 07:15:00,43.58125089444642
2025-02-14 07:30:00,48.75041048158777
2025-02-14 07:45:00,54.834727369854484
2025-02-14 08:00:00,48.61234288792928
2025-02-14 08:15:00,55.17737000532736
2025-02-14 08:30:00,54.50736639582723
2025-02-14 08:45:00,47.25305593870308
2025-02-14 09:00:00,45.721519736745364
2025-02-14 09:15:00,44.278816394252246
2025-02-14 09:30:00,36.773657019685594
2025-02-14 09:45:00,36.788093668404905
2025-02-14 10:00:00,30.012458939495318
2025-02-14 10:15:00,28.056627050323442
2025-02-14 10:30:00,25.323564390567956
2025-02-14 10:45:00,26.727743014316964
2025-02-14 11:00:00,27.725854058169567
2025-02-14 11:15:00,23.659116395381787
2025-02-14 11:30:00,20.477249348269154
2025-02-14 11:45:00,20.661474762662834
2025-02-14 12:00:00,24.18911366775093
2025-02-14 12:15:00,27.72954608221014
2025-02-14 12:30:00,24.07819113740935
2025-02-14 12:45:00,22.14794644807033
2025-02-14 13:00:00,25.098515983790634
2025-02-14 13:15:00,22.708570070080818
2025-02-14 13:30:00,22.561480771313743
2025-02-14 13:45:00,21.414971346163696
2025-02-14 14:00:00,27.777601079995392
2025-02-14 14:15:00,18.540712523944396
2025-02-14 14:30:00,27.753970519371542
2025-02-14 14:45:00,25.762538106137754
2025-02-14 15:00:00,27.400745140417765
2025-02-14 15:15:00,34.54322803522199
2025-02-14 15:30:00,30.813152575862482
2025-02-14 15:45:00,33.57452164283535
2025-02-14 16:00:00,37.96819433709381
2025-02-14 16:15:00,42.602995382993896
2025-02-14 16:30:00,43.8623262981694
2025-02-14 16:45:00,44.38893696968358
2025-02-14 17:00:00,49.28339804765186
2025-02-14 17:15:00,57.34473754593052
2025-02-14 17:30:00,56.40727709995184
2025-02-14 17:45:00,58.66164516888436
2025-02-14 18:00:00,57.33012564858091
2025-02-14 18:15:00,55.88657176884498
2025-02-14 18:30:00,60.41703685109471
2025-02-14 18:45:00,53.6750904110152
2025-02-14 19:00:00,50.34477499925592
2025-02-14 19:15:00,51.07088545856531
2025-02-14 19:30:00,43.16939914848097
2025-02-14 19:45:00,40.09128188404773
2025-02-14 20:00:00,38.33090896255055
2025-02-14 20:15:00,35.287870968212125
2025-02-14 20:30:00,33.261398307167184
2025-02-14 20:45:00,35.55688971341136
2025-02-14 21:00:00,29.28387806958682
2025-02-14 21:15:00,20.994799754847197
2025-02-14 21:30:00,26.59445142949577
2025-02-14 21:45:00,25.00409381799901
2025-02-14 22:00:00,24.386880464638807
2025-02-14 22:15:00,24.448491097835856
2025-02-14 22:30:00,23.45785635479273
2025-02-14 22:45:00,23.196116561249656
2025-02-14 23:00:00,24.730079056394633
2025-02-14 23:15:00,21.760789112964318
2025-02-14 23:30:00,20.697308268426134
2025-02-14 23:45:00,30.596895000479893
2025-02-15 00:00:00,12.210703696495443
2025-02-15 00:15:00,14.251399215156871
2025-02-15 00:30:00,10.262586160931033
2025-02-15 00:45:00,14.293603360217707
2025-02-15 01:00:00,11.67006594619211
2025-02-15 01:15:00,12.897650418393441
2025-02-15 01:30:00,16.617211904454738
2025-02-15 01:45:00,15.18532868409719
2025-02-15 02:00:00,15.427173870571439
2025-02-15 02:15:00,9.579196461536585
2025-02-15 02:30:00,18.600984984308685
2025-02-15 02:45:00,11.031617752951178
2025-02-15 03:00:00,17.837436286427717
2025-02-15 03:15:00,16.57883746901607
2025-02-15 03:30:00,15.485254957733769
2025-02-15 03:45:00,11.935872184653267
2025-02-15 04:00:00,14.508689359852246
2025-02-15 04:15:00,13.049893630800351
2025-02-15 04:30:00,14.461696752524022
2025-02-15 04:45:00,14.022251604400884
2025-02-15 05:00:00,9.943624138933798
2025-02-15 05:15:00,18.41819601042828
2025-02-15 05:30:00,16.210170738786925
2025-02-15 05:45:00,16.262908222725855
2025-02-15 06:00:00,17.41704534750594
2025-02-15 06:15:00,21.325686822922417
2025-02-15 06:30:00,20.023318574153496
2025-02-15 06:45:00,18.568108551341844
2025-02-15 07:00:00,27.155939052762584
2025-02-15 07:15:00,29.18853774319684
2025-02-15 07:30:00,28.796834335814903
2025-02-15 07:45:00,27.336883567683543
2025-02-15 08:00:00,30.74491092965776
2025-02-15 08:15:00,26.54669893414919
2025-02-15 08:30:00,26.730615656201394
2025-02-15 08:45:00,26.018202959666482
2025-02-15 09:00:00,28.253519458533376
2025-02-15 09:15:00,23.30646791655516
2025-02-15 09:30:00,21.14638401859781
2025-02-15 09:45:00,25.326007555252527
2025-02-15 10:00:00,19.710166878997263
2025-02-15 10:15:00,18.334975469369628
2025-02-15 10:30:00,15.502749888581995
2025-02-15 10:45:00,14.138455824407416
2025-02-15 11:00:00,9.591574955363807
2025-02-15 11:15:00,17.088411935794202
2025-02-15 11:30:00,15.532432843855927
2025-02-15 11:45:00,13.806134396285954
2025-02-15 12:00:00,13.820200473671607
2025-02-15 12:15:00,15.958092384007989
2025-02-15 12:30:00,10.217312056548273
2025-02-15 12:45:00,12.64141649860287
2025-02-15 13:00:00,11.31300273951078
2025-02-15 13:15:00,18.651188964942655
2025-02-15 13:30:00,16.52179956015433
2025-02-15 13:45:00,8.993400576478512
2025-02-15 14:00:00,10.96098857132786
2025-02-15 14:15:00,14.76258033227448
2025-02-15 14:30:00,14.391481132204698
2025-02-15 14:45:00,12.901356540943734
2025-02-15 15:00:00,21.902113276563707
2025-02-15 15:15:00,18.859083750301465
2025-02-15 15:30:00,20.522409397465246
2025-02-15 15:45:00,19.07756157524922
2025-02-15 16:00:00,24.274313826015373
2025-02-15 16:15:00,23.318667433027375
2025-02-15 16:30:00,25.430927796877874
2025-02-15 16:45:00,29.51324336504988
2025-02-15 17:00:00,25.63178965111729
2025-02-15 17:15:00,35.17873342227079
2025-02-15 17:30:00,32.785862067915296
2025-02-15 17:45:00,36.2550375971113
2025-02-15 18:00:00,30.611803658575145
2025-02-15 18:15:00,30.746153314745435
2025-02-15 18:30:00,29.427916576409967
2025-02-15 18:45:00,31.816075103224957
2025-02-15 19:00:00,29.874798016968604
2025-02-15 19:15:00,26.831654164799982
2025-02-15 19:30:00,23.612447043472763
2025-02-15 19:45:00,21.11298199634033
2025-02-15 20:00:00,22.35853106062804
2025-02-15 20:15:00,19.656133299522203
2025-02-15 20:30:00,17.635241129950817
2025-02-15 20:45:00,21.960735741231087
2025-02-15 21:00:00,16.851057621674187
2025-02-15 21:15:00,19.405464152556572
2025-02-15 21:30:00,14.258862072261653
2025-02-15 21:45:00,15.726125143110183
2025-02-15 22:00:00,14.628680793737706
2025-02-15 22:15:00,10.279079678078302
2025-02-15 22:30:00,17.927054841005422
2025-02-15 22:45:00,13.907589689887391
2025-02-15 23:00:00,16.040233748667745
2025-02-15 23:15:00,12.249616345295209
2025-02-15 23:30:00,13.690682884538292
2025-02-15 23:45:00,11.919979968622398
2025-02-16 00:00:00,17.157017896466225
2025-02-16 00:15:00,14.846239686242585
2025-02-16 00:30:00,14.986044988430887
2025-02-16 00:45:00,17.46456707396081
2025-02-16 01:00:00,16.96065744877222
2025-02-16 01:15:00,15.983863499468395
2025-02-16 01:30:00,10.516906256042487
2025-02-16 01:45:00,12.33278134796951
2025-02-16 02:00:00,11.563104102715224
2025-02-16 02:15:00,15.892717175189953
2025-02-16 02:30:00,14.502051297720495
2025-02-16 02:45:00,10.601714329838591
2025-02-16 03:00:00,13.610848101774199
2025-02-16 03:15:00,10.356371348374623
2025-02-16 03:30:00,13.975706266706881
2025-02-16 03:45:00,10.001577260565472
2025-02-16 04:00:00,15.518457864874186
2025-02-16 04:15:00,15.2387781061069
2025-02-16 04:30:00,19.225643440737212
2025-02-16 04:45:00,16.833289859467353
2025-02-16 05:00:00,14.049539149417773
2025-02-16 05:15:00,17.725585249762236
2025-02-16 05:30:00,12.985453311406594
2025-02-16 05:45:00,15.135402095887947
2025-02-16 06:00:00,19.717394143377348
2025-02-16 06:15:00,15.100588108744894
2025-02-16 06:30:00,22.231481841164182
2025-02-16 06:45:00,21.722063600840116
2025-02-16 07:00:00,26.458056566234266
2025-02-16 07:15:00,25.26311373679584
2025-02-16 07:30:00,30.42320862475617
2025-02-16 07:45:00,30.321633698436255
2025-02-16 08:00:00,34.09016125324708
2025-02-16 08:15:00,30.291540573796432
2025-02-16 08:30:00,27.44375951912609
2025-02-16 08:45:00,27.344407544967893
2025-02-16 09:00:00,22.84975517237187
2025-02-16 09:15:00,25.295012813020268
2025-02-16 09:30:00,23.807350047436355
2025-02-16 09:45:00,26.67894074206567
2025-02-16 10:00:00,17.341095043123683
2025-02-16 10:15:00,16.88467714260382
2025-02-16 10:30:00,15.054279824117607
2025-02-16 10:45:00,16.226343629936636
2025-02-16 11:00:00,16.078491775214932
2025-02-16 11:15:00,14.599797878523242
2025-02-16 11:30:00,17.194147755256775
2025-02-16 11:45:00,12.778275003541758
2025-02-16 12:00:00,16.695376731598238
2025-02-16 12:15:00,15.530650746067272
2025-02-16 12:30:00,14.140686823109755
2025-02-16 12:45:00,13.395452609203733
2025-02-16 13:00:00,20.287103677179743
2025-02-16 13:15:00,12.246568515479808
2025-02-16 13:30:00,15.144168056551331
2025-02-16 13:45:00,12.691258887320807
2025-02-16 14:00:00,19.276118893090278
2025-02-16 14:15:00,17.37718472127542
2025-02-16 14:30:00,13.943381348892114
2025-02-16 14:45:00,17.56047392832324
2025-02-16 15:00:00,17.751121369238085
2025-02-16 15:15:00,16.852846444017388
2025-02-16 15:30:00,21.297453516987165
2025-02-16 15:45:00,21.847536809699996
2025-02-16 16:00:00,23.07454962639446
2025-02-16 16:15:00,24.231624440985797
2025-02-16 16:30:00,27.283596346254964
2025-02-16 16:45:00,28.625882002827097
2025-02-16 17:00:00,29.918691279939797
2025-02-16 17:15:00,29.650298366283636
2025-02-16 17:30:00,36.63097901662105
2025-02-16 17:45:00,30.49330160039809
2025-02-16 18:00:00,34.436117980930774
2025-02-16 18:15:00,32.320138652671545
2025-02-16 18:30:00,36.79820968764196
2025-02-16 18:45:00,28.998298962112475
2025-02-16 19:00:00,27.938355991381375
2025-02-16 19:15:00,25.634812938332587
2025-02-16 19:30:00,27.0229570366717
2025-02-16 19:45:00,20.913520405355047
2025-02-16 20:00:00,21.350093958519476
2025-02-16 20:15:00,15.5058600749672
2025-02-16 20:30:00,20.016986379775915
2025-02-16 20:45:00,16.90914926262062
2025-02-16 21:00:00,13.403404340935603
2025-02-16 21:15:00,19.01105470878362
2025-02-16 21:30:00,12.38949966661526
2025-02-16 21:45:00,17.173218042293293
2025-02-16 22:00:00,13.081443158018246
2025-02-16 22:15:00,18.593738280221388
2025-02-16 22:30:00,16.29675980627022
2025-02-16 22:45:00,11.792028413892576
2025-02-16 23:00:00,11.948156202668793
2025-02-16 23:15:00,15.710175548119096
2025-02-16 23:30:00,13.5135228953215
2025-02-16 23:45:00,13.730428984486585
2025-02-17 00:00:00,26.31429326321584
2025-02-17 00:15:00,21.26266863787886
2025-02-17 00:30:00,23.363320375268938
2025-02-17 00:45:00,25.522351789500217
2025-02-17 01:00:00,25.159275961157316
2025-02-17 01:15:00,22.73816041944592
2025-02-17 01:30:00,22.415663619452847
2025-02-17 01:45:00,18.791693277921993
2025-02-17 02:00:00,20.499088106759913
2025-02-17 02:15:00,23.936954949784614
2025-02-17 02:30:00,22.79858044016808
2025-02-17 02:45:00,23.334715307842046
2025-02-17 03:00:00,25.753532879537126
2025-02-17 03:15:00,20.202783841334707
2025-02-17 03:30:00,22.610882245747945
2025-02-17 03:45:00,23.729653132546677
2025-02-17 04:00:00,21.59941783409334
2025-02-17 04:15:00,27.115182960004347
2025-02-17 04:30:00,26.101753779537077
2025-02-17 04:45:00,25.023841715373052
2025-02-17 05:00:00,29.498461695203293
2025-02-17 05:15:00,22.30795803227251
2025-02-17 05:30:00,27.48840863947975
2025-02-17 05:45:00,30.35385413757539
2025-02-17 06:00:00,29.592790774484058
2025-02-17 06:15:00,35.56071368465312
2025-02-17 06:30:00,35.36585109875004
2025-02-17 06:45:00,43.40056515884011
2025-02-17 07:00:00,47.83103980355269
2025-02-17 07:15:00,49.053383054032565
2025-02-17 07:30:00,46.29477521906034
2025-02-17 07:45:00,50.16508472103746
2025-02-17 08:00:00,54.5676958694451
2025-02-17 08:15:00,52.636454272603025
2025-02-17 08:30:00,44.19454158652582
2025-02-17 08:45:00,51.4837933937607
2025-02-17 09:00:00,45.533652234641806
2025-02-17 09:15:00,39.63343517295221
2025-02-17 09:30:00,40.628042134538696
2025-02-17 09:45:00,33.124827985649844
2025-02-17 10:00:00,30.169223784139106
2025-02-17 10:15:00,30.34653756201912
2025-02-17 10:30:00,31.97452485031377
2025-02-17 10:45:00,30.130116112089816
2025-02-17 11:00:00,25.9302333248436
2025-02-17 11:15:00,25.475386023628143
2025-02-17 11:30:00,25.83414272908987
2025-02-17 11:45:00,20.425805780784138
2025-02-17 12:00:00,25.01300910803218
2025-02-17 12:15:00,21.48409452919329
2025-02-17 12:30:00,24.090096956942446
2025-02-17 12:45:00,22.74654190650776
2025-02-17 13:00:00,24.636100035278105
2025-02-17 13:15:00,23.802598472391473
2025-02-17 13:30:00,16.024641288498657
2025-02-17 13:45:00,24.45837154049245
2025-02-17 14:00:00,26.0618845009553
2025-02-17 14:15:00,26.203576339357333
2025-02-17 14:30:00,25.702880803979564
2025-02-17 14:45:00,31.22732783128525
2025-02-17 15:00:00,29.405052942678594
2025-02-17 15:15:00,31.606646546237872
2025-02-17 15:30:00,35.40973319231667
2025-02-17 15:45:00,36.381200177975515
2025-02-17 16:00:00,36.24915870168477
2025-02-17 16:15:00,35.67255653484189
2025-02-17 16:30:00,43.97418664968402
2025-02-17 16:45:00,50.42597126155372
2025-02-17 17:00:00,50.764925822139396
2025-02-17 17:15:00,56.344371986301184
2025-02-17 17:30:00,56.79217871774138
2025-02-17 17:45:00,60.954115286107914
2025-02-17 18:00:00,57.4456600495395
2025-02-17 18:15:00,58.90437622652502
2025-02-17 18:30:00,57.68784903857222
2025-02-17 18:45:00,58.09959788604852
2025-02-17 19:00:00,47.386629583065684
2025-02-17 19:15:00,47.384532007121706
2025-02-17 19:30:00,47.29661345994834
2025-02-17 19:45:00,45.64286459375699
2025-02-17 20:00:00,39.10549418494115
2025-02-17 20:15:00,34.7554584477656
2025-02-17 20:30:00,34.705189009922904
2025-02-17 20:45:00,32.69949682882949
2025-02-17 21:00:00,27.744126407865267
2025-02-17 21:15:00,27.96572609299571
2025-02-17 21:30:00,28.930045377774434
2025-02-17 21:45:00,29.83556446578878
2025-02-17 22:00:00,26.334790952676038
2025-02-17 22:15:00,24.143993216837057
2025-02-17 22:30:00,23.5943872847126
2025-02-17 22:45:00,24.92116133769983
2025-02-17 23:00:00,23.108309576596685
2025-02-17 23:15:00,23.79011550433418
2025-02-17 23:30:00,20.621856597024532
2025-02-17 23:45:00,26.480107510979455
2025-02-18 00:00:00,20.349908674523114
2025-02-18 00:15:00,22.120785803780432
2025-02-18 00:30:00,23.44574348056905
2025-02-18 00:45:00,28.17992388870026
2025-02-18 01:00:00,22.14644916167171
2025-02-18 01:15:00,21.53882693695582
2025-02-18 01:30:00,21.827560411859224
2025-02-18 01:45:00,27.352649236861815
2025-02-18 02:00:00,16.175507488267066
2025-02-18 02:15:00,20.700886236585525
2025-02-18 02:30:00,30.038182069031766
2025-02-18 02:45:00,24.69127717876479
2025-02-18 03:00:00,20.45711086571314
2025-02-18 03:15:00,23.13297104216268
2025-02-18 03:30:00,23.43664380010844
2025-02-18 03:45:00,25.43986322239186
2025-02-18 04:00:00,28.025247068695254
2025-02-18 04:15:00,24.574543761993056
2025-02-18 04:30:00,22.547490401581022
2025-02-18 04:45:00,26.332893886505886
2025-02-18 05:00:00,23.33392488833389
2025-02-18 05:15:00,23.538526874934508
2025-02-18 05:30:00,23.174626545962056
2025-02-18 05:45:00,25.591865112598448
2025-02-18 06:00:00,29.7047398847674
2025-02-18 06:15:00,31.931127294465842
2025-02-18 06:30:00,38.98207303526575
2025-02-18 06:45:00,38.7423416822036
2025-02-18 07:00:00,37.393961511777775
2025-02-18 07:15:00,45.82944449834729
2025-02-18 07:30:00,49.813795021028376
2025-02-18 07:45:00,51.13511918788185
2025-02-18 08:00:00,57.02140694329437
2025-02-18 08:15:00,51.11627564920845
2025-02-18 08:30:00,53.19853117236425
2025-02-18 08:45:00,48.39593531849715
2025-02-18 09:00:00,45.15292353843495
2025-02-18 09:15:00,39.659345494441446
2025-02-18 09:30:00,38.060370895279334
2025-02-18 09:45:00,32.97261208428277
2025-02-18 10:00:00,32.38208924739528
2025-02-18 10:15:00,28.926706236534024
2025-02-18 10:30:00,25.227033252838247
2025-02-18 10:45:00,28.6175584000183
2025-02-18 11:00:00,26.164730161246112
2025-02-18 11:15:00,23.26593942475594
2025-02-18 11:30:00,24.285802400075298
2025-02-18 11:45:00,23.425383049061818
2025-02-18 12:00:00,21.300335305603255
2025-02-18 12:15:00,23.56219315571423
2025-02-18 12:30:00,21.808046786541773
2025-02-18 12:45:00,21.01955077008507
2025-02-18 13:00:00,19.39283527543547
2025-02-18 13:15:00,22.67749580963796
2025-02-18 13:30:00,25.191317998120425
2025-02-18 13:45:00,22.341168261391562
2025-02-18 14:00:00,30.824948234211284
2025-02-18 14:15:00,27.369643986252242
2025-02-18 14:30:00,29.28684538476142
2025-02-18 14:45:00,29.17670551525285
2025-02-18 15:00:00,33.32545694083009
2025-02-18 15:15:00,28.611632720682966
2025-02-18 15:30:00,26.463334376652917
2025-02-18 15:45:00,34.426078041461025
2025-02-18 16:00:00,39.95642390769833
2025-02-18 16:15:00,42.2138668822701
2025-02-18 16:30:00,45.922344815757896
2025-02-18 16:45:00,51.89255683713483
2025-02-18 17:00:00,52.669484970449375
2025-02-18 17:15:00,56.405382758183634
2025-02-18 17:30:00,54.13812580691801
2025-02-18 17:45:00,55.062140271021576
2025-02-18 18:00:00,62.28566100851158
2025-02-18 18:15:00,58.05426738158268
2025-02-18 18:30:00,54.9317378022277
2025-02-18 18:45:00,52.85878135421196
2025-02-18 19:00:00,50.09708942841495
2025-02-18 19:15:00,46.82482952449921
2025-02-18 19:30:00,42.03412807357714
2025-02-18 19:45:00,38.09374677236831
2025-02-18 20:00:00,38.08447884280912
2025-02-18 20:15:00,34.07157856662754
2025-02-18 20:30:00,35.64696568545424
2025-02-18 20:45:00,31.327106157526785
2025-02-18 21:00:00,29.373249188337706
2025-02-18 21:15:00,25.34883117727493
2025-02-18 21:30:00,25.742830565903784
2025-02-18 21:45:00,26.07859412529047
2025-02-18 22:00:00,26.33544228747871
2025-02-18 22:15:00,23.865590792486373
2025-02-18 22:30:00,26.494059056727107
2025-02-18 22:45:00,23.614317600594845
2025-02-18 23:00:00,25.446283862698728
2025-02-18 23:15:00,22.15805811891455
2025-02-18 23:30:00,18.80175072553933
2025-02-18 23:45:00,23.97503637340708
2025-02-19 00:00:00,25.080355033870585
2025-02-19 00:15:00,24.706107918041102
2025-02-19 00:30:00,24.32390136564233
2025-02-19 00:45:00,22.39766365770041
2025-02-19 01:00:00,21.252965378797764
2025-02-19 01:15:00,24.64986152807548
2025-02-19 01:30:00,24.337395629298605
2025-02-19 01:45:00,21.869832974333185
2025-02-19 02:00:00,26.046609828621477
2025-02-19 02:15:00,21.067241864197204
2025-02-19 02:30:00,21.817826232764503
2025-02-19 02:45:00,27.371809409499072
2025-02-19 03:00:00,25.460202467005182
2025-02-19 03:15:00,22.40941711648127
2025-02-19 03:30:00,24.053133542656873
2025-02-19 03:45:00,23.778205102546654
2025-02-19 04:00:00,16.629131782804613
2025-02-19 04:15:00,21.40365406872078
2025-02-19 04:30:00,23.83651899994943
2025-02-19 04:45:00,23.540328473471327
2025-02-19 05:00:00,25.763987426176307
2025-02-19 05:15:00,29.01225078088609
2025-02-19 05:30:00,26.837233647827563
2025-02-19 05:45:00,26.927223492151505
2025-02-19 06:00:00,32.824656304964904
2025-02-19 06:15:00,34.12571776340772
2025-02-19 06:30:00,37.875497348383405
2025-02-19 06:45:00,41.07808633249021
2025-02-19 07:00:00,50.92439615047632
2025-02-19 07:15:00,42.90413766593531
2025-02-19 07:30:00,50.08928376610952
2025-02-19 07:45:00,52.70619472704999
2025-02-19 08:00:00,51.33641339792368
2025-02-19 08:15:00,54.96637101136125
2025-02-19 08:30:00,53.09604109477457
2025-02-19 08:45:00,48.39067965508717
2025-02-19 09:00:00,44.64867534786642
2025-02-19 09:15:00,41.53457851459163
2025-02-19 09:30:00,38.01203527372094
2025-02-19 09:45:00,34.75609421482112
2025-02-19 10:00:00,31.553705091576074
2025-02-19 10:15:00,30.21512798818344
2025-02-19 10:30:00,29.538307631496124
2025-02-19 10:45:00,23.128846565379583
2025-02-19 11:00:00,22.53764359671889
2025-02-19 11:15:00,20.081475570011964
2025-02-19 11:30:00,26.15473766699023
2025-02-19 11:45:00,24.3274219694021
2025-02-19 12:00:00,24.79915582220258
2025-02-19 12:15:00,19.878881370861862
2025-02-19 12:30:00,27.889620864369768
2025-02-19 12:45:00,21.926432472381137
2025-02-19 13:00:00,23.936942502489135
2025-02-19 13:15:00,25.77665022878968
2025-02-19 13:30:00,21.373116343280152
2025-02-19 13:45:00,22.778680132166258
2025-02-19 14:00:00,25.03778032392776
2025-02-19 14:15:00,32.365786924391394
2025-02-19 14:30:00,26.845506293849503
2025-02-19 14:45:00,31.27117524525446
2025-02-19 15:00:00,31.77415175007276
2025-02-19 15:15:00,31.56583715420983
2025-02-19 15:30:00,30.45886279533198
2025-02-19 15:45:00,38.25745047299803
2025-02-19 16:00:00,34.88227599831859
2025-02-19 16:15:00,45.9039366457021
2025-02-19 16:30:00,45.80035094249328
2025-02-19 16:45:00,42.03139734582392
2025-02-19 17:00:00,50.92975018032274
2025-02-19 17:15:00,56.10964437512264
2025-02-19 17:30:00,55.961147362559714
2025-02-19 17:45:00,59.65481340515482
2025-02-19 18:00:00,56.191990165278845
2025-02-19 18:15:00,54.603731995355204
2025-02-19 18:30:00,56.377871636833234
2025-02-19 18:45:00,54.55785613991375
2025-02-19 19:00:00,50.915610738464004
2025-02-19 19:15:00,51.732129327328515
2025-02-19 19:30:00,43.18315352584786
2025-02-19 19:45:00,42.69438617985966
2025-02-19 20:00:00,38.80858909846344
2025-02-19 20:15:00,31.72877774569754
2025-02-19 20:30:00,29.648166396283937
2025-02-19 20:45:00,30.690866448590285
2025-02-19 21:00:00,33.729629368469375
2025-02-19 21:15:00,28.7214811095173
2025-02-19 21:30:00,21.797988926101354
2025-02-19 21:45:00,17.466545587022736
2025-02-19 22:00:00,26.444261304317184
2025-02-19 22:15:00,23.926461035071
2025-02-19 22:30:00,26.716088915801723
2025-02-19 22:45:00,21.459223910155597
2025-02-19 23:00:00,24.406371694660056
2025-02-19 23:15:00,25.564796681566296
2025-02-19 23:30:00,22.281236930053943
2025-02-19 23:45:00,22.30559936139232
2025-02-20 00:00:00,23.396876337359213
2025-02-20 00:15:00,24.691104838532215
2025-02-20 00:30:00,23.299274084378165
2025-02-20 00:45:00,25.77079630059581
2025-02-20 01:00:00,22.181667417853387
2025-02-20 01:15:00,20.016227225417467
2025-02-20 01:30:00,28.280389892695084
2025-02-20 01:45:00,21.82717074369585
2025-02-20 02:00:00,21.91861852995618
2025-02-20 02:15:00,23.17657173149496
2025-02-20 02:30:00,23.51126183748627
2025-02-20 02:45:00,22.380711656033416
2025-02-20 03:00:00,23.31183726390709
2025-02-20 03:15:00,23.271709186247605
2025-02-20 03:30:00,23.83840446970923
2025-02-20 03:45:00,17.56418022737798
2025-02-20 04:00:00,28.2620315963769
2025-02-20 04:15:00,23.368292542177056
2025-02-20 04:30:00,25.481866474949314
2025-02-20 04:45:00,21.053278194643745
2025-02-20 05:00:00,24.035404744586344
2025-02-20 05:15:00,24.57442971632447
2025-02-20 05:30:00,31.38205690434296
2025-02-20 05:45:00,28.173500848978172
2025-02-20 06:00:00,33.97440150964673
2025-02-20 06:15:00,33.382899349253464
2025-02-20 06:30:00,37.20078313491251
2025-02-20 06:45:00,41.2603196009804
2025-02-20 07:00:00,48.59608885113131
2025-02-20 07:15:00,43.847941054464094
2025-02-20 07:30:00,47.83763401936427
2025-02-20 07:45:00,47.913828760555646
2025-02-20 08:00:00,50.63718871283621
2025-02-20 08:15:00,50.75448068666948
2025-02-20 08:30:00,47.093368146358706
2025-02-20 08:45:00,46.74137121838106
2025-02-20 09:00:00,40.35524791750134
2025-02-20 09:15:00,39.336173174360766
2025-02-20 09:30:00,41.341727291225176
2025-02-20 09:45:00,36.0276713444475
2025-02-20 10:00:00,32.5590464094086
2025-02-20 10:15:00,27.143732694613888
2025-02-20 10:30:00,23.881739455423865
2025-02-20 10:45:00,23.423281129149537
2025-02-20 11:00:00,25.12295316117094
2025-02-20 11:15:00,26.689886976646658
2025-02-20 11:30:00,26.31133709254375
2025-02-20 11:45:00,25.34481902624349
2025-02-20 12:00:00,21.758769255810005
2025-02-20 12:15:00,23.58067593138972
2025-02-20 12:30:00,22.69056861568552
2025-02-20 12:45:00,23.01225971761687
2025-02-20 13:00:00,28.67592211071974
2025-02-20 13:15:00,19.302362368193933
2025-02-20 13:30:00,23.320548076573896
2025-02-20 13:45:00,27.24053768004753
2025-02-20 14:00:00,20.99179653345094
2025-02-20 14:15:00,23.679410056173218
2025-02-20 14:30:00,24.836772576409555
2025-02-20 14:45:00,26.76372244715192
2025-02-20 15:00:00,24.83675037168654
2025-02-20 15:15:00,32.200701597427845
2025-02-20 15:30:00,34.66424481430076
2025-02-20 15:45:00,36.94567914210653
2025-02-20 16:00:00,36.51829205032021
2025-02-20 16:15:00,42.184700197086826
2025-02-20 16:30:00,43.11841145663414
2025-02-20 16:45:00,47.8921389457498
2025-02-20 17:00:00,57.23135961943875
2025-02-20 17:15:00,54.78068765041514
2025-02-20 17:30:00,53.65156498880041
2025-02-20 17:45:00,58.38481161293988
2025-02-20 18:00:00,55.00423515301052
2025-02-20 18:15:00,54.93783632964591
2025-02-20 18:30:00,54.020351688189486
2025-02-20 18:45:00,53.43484272480897
2025-02-20 19:00:00,54.195668488702026
2025-02-20 19:15:00,50.17657133937434
2025-02-20 19:30:00,46.68283466792304
2025-02-20 19:45:00,39.230835131161655
2025-02-20 20:00:00,37.352052665574476
2025-02-20 20:15:00,36.36724477685493
2025-02-20 20:30:00,31.441616275593397
2025-02-20 20:45:00,30.031847190825175
2025-02-20 21:00:00,29.94670048668605
2025-02-20 21:15:00,26.46804926037623
2025-02-20 21:30:00,26.743899345327215
2025-02-20 21:45:00,29.29126127347922
2025-02-20 22:00:00,24.248654707947956
2025-02-20 22:15:00,27.182013650298728
2025-02-20 22:30:00,25.32802354390341
2025-02-20 22:45:00,20.0595881118265
2025-02-20 23:00:00,20.842172260464142
2025-02-20 23:15:00,21.43204769993111
2025-02-20 23:30:00,21.329483116847403
2025-02-20 23:45:00,23.211763305312164
2025-02-21 00:00:00,24.937003763427008
2025-02-21 00:15:00,26.538984397502414
2025-02-21 00:30:00,24.17222120107986
2025-02-21 00:45:00,22.288280949673283
2025-02-21 01:00:00,18.197576665555488
2025-02-21 01:15:00,23.5803635612278
2025-02-21 01:30:00,23.469051340258826
2025-02-21 01:45:00,23.862751352508575
2025-02-21 02:00:00,28.67199886711809
2025-02-21 02:15:00,26.509245783267314
2025-02-21 02:30:00,25.372635742585494
2025-02-21 02:45:00,21.008902320684335
2025-02-21 03:00:00,22.139609516896968
2025-02-21 03:15:00,23.200677631105997
2025-02-21 03:30:00,21.52951272574054
2025-02-21 03:45:00,24.77573457091828
2025-02-21 04:00:00,24.518787335505753
2025-02-21 04:15:00,21.08241822698593
2025-02-21 04:30:00,27.089026082681375
2025-02-21 04:45:00,24.82098176661017
2025-02-21 05:00:00,20.956901914463053
2025-02-21 05:15:00,26.193536619872297
2025-02-21 05:30:00,28.477438016488072
2025-02-21 05:45:00,32.13669015326644
2025-02-21 06:00:00,31.30218491808918
2025-02-21 06:15:00,37.145470533163675
2025-02-21 06:30:00,38.86685983458213
2025-02-21 06:45:00,38.653232874997386
2025-02-21 07:00:00,41.91523348396099
2025-02-21 07:15:00,51.44564676102197
2025-02-21 07:30:00,54.18342773711399
2025-02-21 07:45:00,53.65603913440121
2025-02-21 08:00:00,57.161885198799126
2025-02-21 08:15:00,55.491679820862984
2025-02-21 08:30:00,52.9053174888932
2025-02-21 08:45:00,46.36513624669277
2025-02-21 09:00:00,49.78728038102494
2025-02-21 09:15:00,43.28857294790986
2025-02-21 09:30:00,37.44275373852984
2025-02-21 09:45:00,33.41470053909071
2025-02-21 10:00:00,32.79901106637114
2025-02-21 10:15:00,25.539705756824752
2025-02-21 10:30:00,29.537809425027042
2025-02-21 10:45:00,23.953918664859387
2025-02-21 11:00:00,26.22417238408091
2025-02-21 11:15:00,23.2820685675438
2025-02-21 11:30:00,23.461046151502902
2025-02-21 11:45:00,21.942687821731706
2025-02-21 12:00:00,23.266262221637074
2025-02-21 12:15:00,28.309424599032347
2025-02-21 12:30:00,27.023248392009453
2025-02-21 12:45:00,24.4681058974516
2025-02-21 13:00:00,23.586541088017043
2025-02-21 13:15:00,25.884540321044394
2025-02-21 13:30:00,26.79884048525765
2025-02-21 13:45:00,22.20329384014753
2025-02-21 14:00:00,24.529602485563498
2025-02-21 14:15:00,20.800557429027855
2025-02-21 14:30:00,29.033798479590104
2025-02-21 14:45:00,32.551181780148234
2025-02-21 15:00:00,29.093524215869014
2025-02-21 15:15:00,25.46663551793442
2025-02-21 15:30:00,34.58742728306969
2025-02-21 15:45:00,33.481192297798174
2025-02-21 16:00:00,37.10252701549599
2025-02-21 16:15:00,43.601538578205314
2025-02-21 16:30:00,46.07007175294788
2025-02-21 16:45:00,47.57003304294128
2025-02-21 17:00:00,50.2903501036166
2025-02-21 17:15:00,54.9227137280858
2025-02-21 17:30:00,55.66339193109664
2025-02-21 17:45:00,55.22755481088179
2025-02-21 18:00:00,57.6189913980821
2025-02-21 18:15:00,58.85101825268061
2025-02-21 18:30:00,56.24457524462159
2025-02-21 18:45:00,51.078519243286934
2025-02-21 19:00:00,54.392581936777084
2025-02-21 19:15:00,41.95022163558313
2025-02-21 19:30:00,44.32610784334285
2025-02-21 19:45:00,40.494324792362434
2025-02-21 20:00:00,39.14246013245135
2025-02-21 20:15:00,37.158070912763016
2025-02-21 20:30:00,35.896002643326234
2025-02-21 20:45:00,29.013425491806736
2025-02-21 21:00:00,30.376433982304096
2025-02-21 21:15:00,27.896201316692352
2025-02-21 21:30:00,21.966576318223307
2025-02-21 21:45:00,30.127465155624783
2025-02-21 22:00:00,21.14803827092416
2025-02-21 22:15:00,25.349086690384215
2025-02-21 22:30:00,24.971172619738596
2025-02-21 22:45:00,24.48345943497532
2025-02-21 23:00:00,22.42774701182815
2025-02-21 23:15:00,25.650843419066323
2025-02-21 23:30:00,19.632326107930833
2025-02-21 23:45:00,23.339590082503605
2025-02-22 00:00:00,13.057381299831878
2025-02-22 00:15:00,12.7745177641036
2025-02-22 00:30:00,15.540326942017813
2025-02-22 00:45:00,17.162849364652857
2025-02-22 01:00:00,13.61171110358778
2025-02-22 01:15:00,16.42225618559741
2025-02-22 01:30:00,14.595622588902923
2025-02-22 01:45:00,12.24019492532148
2025-02-22 02:00:00,13.82799051129623
2025-02-22 02:15:00,13.725214515801703
2025-02-22 02:30:00,12.733817963737033
2025-02-22 02:45:00,15.549249037209947
2025-02-22 03:00:00,15.06937040521945
2025-02-22 03:15:00,10.515074243653308
2025-02-22 03:30:00,10.379828800438172
2025-02-22 03:45:00,15.601765955203104
2025-02-22 04:00:00,12.558219361081601
2025-02-22 04:15:00,15.44902073042781
2025-02-22 04:30:00,16.80814745429826
2025-02-22 04:45:00,11.936270843865383
2025-02-22 05:00:00,11.978027954188853
2025-02-22 05:15:00,20.26653552421954
2025-02-22 05:30:00,17.75858627283097
2025-02-22 05:45:00,16.893528265062766
2025-02-22 06:00:00,16.9497329832292
2025-02-22 06:15:00,19.620156445001797
2025-02-22 06:30:00,19.747999264870902
2025-02-22 06:45:00,26.881298568017925
2025-02-22 07:00:00,24.662957345990588
2025-02-22 07:15:00,31.09133740410995
2025-02-22 07:30:00,28.761062283348455
2025-02-22 07:45:00,28.064985981879776
2025-02-22 08:00:00,29.92353879266454
2025-02-22 08:15:00,24.11433359644412
2025-02-22 08:30:00,29.46349139150002
2025-02-22 08:45:00,27.936370508365986
2025-02-22 09:00:00,28.6722493329389
2025-02-22 09:15:00,19.963953657953503
2025-02-22 09:30:00,25.63743663546233
2025-02-22 09:45:00,22.95749518948305
2025-02-22 10:00:00,22.425840230536636
2025-02-22 10:15:00,17.822406438436715
2025-02-22 10:30:00,19.428464522125317
2025-02-22 10:45:00,12.417995591496595
2025-02-22 11:00:00,17.306930653682514
2025-02-22 11:15:00,13.205374385999942
2025-02-22 11:30:00,10.749874683672138
2025-02-22 11:45:00,11.910418769173083
2025-02-22 12:00:00,14.64381576009992
2025-02-22 12:15:00,12.523704393075839
2025-02-22 12:30:00,15.510991753751904
2025-02-22 12:45:00,10.06224662524184
2025-02-22 13:00:00,9.302736722966952
2025-02-22 13:15:00,18.12010502934923
2025-02-22 13:30:00,17.058881739289163
2025-02-22 13:45:00,12.343610774796902
2025-02-22 14:00:00,15.20461421451595
2025-02-22 14:15:00,18.108932851436002
2025-02-22 14:30:00,17.08730386837677
2025-02-22 14:45:00,17.04959048685915
2025-02-22 15:00:00,20.244813570983474
2025-02-22 15:15:00,16.717673462606466
2025-02-22 15:30:00,19.880035397233588
2025-02-22 15:45:00,21.229698037863272
2025-02-22 16:00:00,22.253444024157258
2025-02-22 16:15:00,23.761956242195023
2025-02-22 16:30:00,26.788177010982345
2025-02-22 16:45:00,28.53847789071505
2025-02-22 17:00:00,27.549935142696224
2025-02-22 17:15:00,33.65737423265895
2025-02-22 17:30:00,30.355646696954462
2025-02-22 17:45:00,32.9738141490568
2025-02-22 18:00:00,33.02887255358656
2025-02-22 18:15:00,34.416045841728454
2025-02-22 18:30:00,27.501627965130663
2025-02-22 18:45:00,33.88432614415101
2025-02-22 19:00:00,28.484084578407078
2025-02-22 19:15:00,31.509312635085067
2025-02-22 19:30:00,25.418928399660075
2025-02-22 19:45:00,24.62408439159691
2025-02-22 20:00:00,27.730926597240234
2025-02-22 20:15:00,20.59347541177403
2025-02-22 20:30:00,22.91310400779462
2025-02-22 20:45:00,18.65734542507796
2025-02-22 21:00:00,18.562139578154245
2025-02-22 21:15:00,16.871973976532193
2025-02-22 21:30:00,18.1783422799832
2025-02-22 21:45:00,13.867076086745412
2025-02-22 22:00:00,12.77397021209508
2025-02-22 22:15:00,13.393415661195553
2025-02-22 22:30:00,15.072205701420367
2025-02-22 22:45:00,14.160147428857105
2025-02-22 23:00:00,16.416596076027783
2025-02-22 23:15:00,17.858238086267406
2025-02-22 23:30:00,12.12991868066468
2025-02-22 23:45:00,12.71895957466045
2025-02-23 00:00:00,10.943143829040103
2025-02-23 00:15:00,19.610369479778154
2025-02-23 00:30:00,15.296805604797731
2025-02-23 00:45:00,15.735333191591808
2025-02-23 01:00:00,11.18600392921154
2025-02-23 01:15:00,14.534302871874994
2025-02-23 01:30:00,15.811065269933355
2025-02-23 01:45:00,13.906805605689655
2025-02-23 02:00:00,17.22880919007409
2025-02-23 02:15:00,20.320181440497027
2025-02-23 02:30:00,12.174485060874986
2025-02-23 02:45:00,11.989497984237834
2025-02-23 03:00:00,12.355039155745324
2025-02-23 03:15:00,18.573870772977294
2025-02-23 03:30:00,17.181206464719992
2025-02-23 03:45:00,14.267909661313812
2025-02-23 04:00:00,14.754508977679336
2025-02-23 04:15:00,12.71923316079441
2025-02-23 04:30:00,17.147560786992464
2025-02-23 04:45:00,14.230572760717113
2025-02-23 05:00:00,14.92335412560103
2025-02-23 05:15:00,17.669105130663663
2025-02-23 05:30:00,16.476346353825985
2025-02-23 05:45:00,17.420889306610544
2025-02-23 06:00:00,19.37769651227676
2025-02-23 06:15:00,22.951321485361902
2025-02-23 06:30:00,26.90733717747297
2025-02-23 06:45:00,26.20315809701587
2025-02-23 07:00:00,28.679795172676272
2025-02-23 07:15:00,27.924540161925687
2025-02-23 07:30:00,28.059814308460904
2025-02-23 07:45:00,32.37500140512007
2025-02-23 08:00:00,31.484069207809682
2025-02-23 08:15:00,27.184853301932502
2025-02-23 08:30:00,29.011913158230257
2025-02-23 08:45:00,28.221100311096713
2025-02-23 09:00:00,25.400922182606998
2025-02-23 09:15:00,28.450729347876482
2025-02-23 09:30:00,23.999042709168215
2025-02-23 09:45:00,24.405608630319744
2025-02-23 10:00:00,20.02096885902959
2025-02-23 10:15:00,18.22435385311897
2025-02-23 10:30:00,14.618902276452022
2025-02-23 10:45:00,16.192603895364492
2025-02-23 11:00:00,15.623620938468997
2025-02-23 11:15:00,11.782170964773435
2025-02-23 11:30:00,13.596234973912706
2025-02-23 11:45:00,13.979237951902293
2025-02-23 12:00:00,15.73036115727526
2025-02-23 12:15:00,15.804502077193328
2025-02-23 12:30:00,13.184186103208607
2025-02-23 12:45:00,15.82168890271581
2025-02-23 13:00:00,14.231957642244527
2025-02-23 13:15:00,7.581760765462112
2025-02-23 13:30:00,13.654300719515938
2025-02-23 13:45:00,17.730998848546584
2025-02-23 14:00:00,11.074273315232311
2025-02-23 14:15:00,15.908567585580759
2025-02-23 14:30:00,20.069129766722693
2025-02-23 14:45:00,14.844174747483464
2025-02-23 15:00:00,17.578975452380412
2025-02-23 15:15:00,15.351088391148927
2025-02-23 15:30:00,23.93684151334016
2025-02-23 15:45:00,21.132662449711933
2025-02-23 16:00:00,23.118590633929124
2025-02-23 16:15:00,28.188895568120174
2025-02-23 16:30:00,28.326376786634036
2025-02-23 16:45:00,26.330061703118595
2025-02-23 17:00:00,28.61948382242346
2025-02-23 17:15:00,32.95688710282529
2025-02-23 17:30:00,31.302981462321974
2025-02-23 17:45:00,28.292963863732638
2025-02-23 18:00:00,33.70064612239821
2025-02-23 18:15:00,29.88692954087761
2025-02-23 18:30:00,36.90676658319252
2025-02-23 18:45:00,32.16569508484446
2025-02-23 19:00:00,27.980297189187766
2025-02-23 19:15:00,26.77949774509551
2025-02-23 19:30:00,21.957521124874873
2025-02-23 19:45:00,22.06421302258989
2025-02-23 20:00:00,25.553943887030137
2025-02-23 20:15:00,26.93296068109839
2025-02-23 20:30:00,21.69864496271758
2025-02-23 20:45:00,18.3963007482232
2025-02-23 21:00:00,16.510368446894944
2025-02-23 21:15:00,14.372512352672066
2025-02-23 21:30:00,21.274802346191457
2025-02-23 21:45:00,15.175707747826317
2025-02-23 22:00:00,20.589840478408515
2025-02-23 22:15:00,18.540329294772473
2025-02-23 22:30:00,10.53761306585367
2025-02-23 22:45:00,13.113987786943914
2025-02-23 23:00:00,13.034970458024501
2025-02-23 23:15:00,14.463467310058471
2025-02-23 23:30:00,14.485403274577031
2025-02-23 23:45:00,22.111103675799853
2025-02-24 00:00:00,20.907347107863195
2025-02-24 00:15:00,24.17353634572922
2025-02-24 00:30:00,25.143075986264307
2025-02-24 00:45:00,23.59857297946096
2025-02-24 01:00:00,23.87865436991121
2025-02-24 01:15:00,20.99189053774563
2025-02-24 01:30:00,23.870864493355697
2025-02-24 01:45:00,24.883950109924747
2025-02-24 02:00:00,24.425422734365224
2025-02-24 02:15:00,25.033279828392505
2025-02-24 02:30:00,27.14152634937875
2025-02-24 02:45:00,25.956534651476833
2025-02-24 03:00:00,23.800356074460066
2025-02-24 03:15:00,20.708416419546698
2025-02-24 03:30:00,22.168040499816268
2025-02-24 03:45:00,23.17551852948959
2025-02-24 04:00:00,24.45740294164775
2025-02-24 04:15:00,22.807378956701815
2025-02-24 04:30:00,21.95767446280783
2025-02-24 04:45:00,21.794732360114818
2025-02-24 05:00:00,21.351658534507497
2025-02-24 05:15:00,25.93454015712594
2025-02-24 05:30:00,24.300281422332688
2025-02-24 05:45:00,27.403418190111253
2025-02-24 06:00:00,31.361144394622603
2025-02-24 06:15:00,31.935854741894715
2025-02-24 06:30:00,39.548408489730974
2025-02-24 06:45:00,43.991450207433196
2025-02-24 07:00:00,44.27960601905642
2025-02-24 07:15:00,47.746701967451244
2025-02-24 07:30:00,52.7370648673349
2025-02-24 07:45:00,51.263801466130346
2025-02-24 08:00:00,51.665806767683456
2025-02-24 08:15:00,56.041424544552335
2025-02-24 08:30:00,53.60673816280351
2025-02-24 08:45:00,50.34731312521439
2025-02-24 09:00:00,47.972843207756966
2025-02-24 09:15:00,37.20464570479841
2025-02-24 09:30:00,41.9919626928693
2025-02-24 09:45:00,36.26555399464095
2025-02-24 10:00:00,34.88402822342848
2025-02-24 10:15:00,30.885281067539434
2025-02-24 10:30:00,28.110961449172922
2025-02-24 10:45:00,25.84959582151696
2025-02-24 11:00:00,26.415536205063344
2025-02-24 11:15:00,24.00677278950546
2025-02-24 11:30:00,26.491806334305085
2025-02-24 11:45:00,20.06884404309151
2025-02-24 12:00:00,22.51541929593103
2025-02-24 12:15:00,28.898057006008223
2025-02-24 12:30:00,22.19542131628451
2025-02-24 12:45:00,23.185222353131905
2025-02-24 13:00:00,21.643347569381877
2025-02-24 13:15:00,24.81367467735438
2025-02-24 13:30:00,22.333275425460915
2025-02-24 13:45:00,24.01383560947637
2025-02-24 14:00:00,27.045389145559323
2025-02-24 14:15:00,23.808567606738656
2025-02-24 14:30:00,28.397594152928562
2025-02-24 14:45:00,29.644217575624626
2025-02-24 15:00:00,31.730731041937176
2025-02-24 15:15:00,31.33053646831471
2025-02-24 15:30:00,41.36837183489671
2025-02-24 15:45:00,38.57777260535372
2025-02-24 16:00:00,39.77311783150184
2025-02-24 16:15:00,40.04530971935111
2025-02-24 16:30:00,45.391061775308366
2025-02-24 16:45:00,52.556145574365516
2025-02-24 17:00:00,56.38822387501408
2025-02-24 17:15:00,58.50396949196193
2025-02-24 17:30:00,58.850059730029244
2025-02-24 17:45:00,55.061520279978026
2025-02-24 18:00:00,59.86832704716983
2025-02-24 18:15:00,55.0985539002378
2025-02-24 18:30:00,53.17117907904642
2025-02-24 18:45:00,55.410210601178136
2025-02-24 19:00:00,53.42794215234025
2025-02-24 19:15:00,51.255716124971116
2025-02-24 19:30:00,46.884884482706816
2025-02-24 19:45:00,43.57380904393173
2025-02-24 20:00:00,36.51040462611951
2025-02-24 20:15:00,35.69149783237215
2025-02-24 20:30:00,29.511321809415065
2025-02-24 20:45:00,25.98603800251429
2025-02-24 21:00:00,30.961608064405716
2025-02-24 21:15:00,25.72386751333894
2025-02-24 21:30:00,28.62669416236664
2025-02-24 21:45:00,28.34700661256725
2025-02-24 22:00:00,23.39670592829431
2025-02-24 22:15:00,25.97614439682582
2025-02-24 22:30:00,22.543404088537763
2025-02-24 22:45:00,19.37969344341321
2025-02-24 23:00:00,24.172485879165958
2025-02-24 23:15:00,22.605550242753306
2025-02-24 23:30:00,22.633045417148388
2025-02-24 23:45:00,28.64254299962987
2025-02-25 00:00:00,19.85244872082763
2025-02-25 00:15:00,24.62496372860614
2025-02-25 00:30:00,21.181462920842137
2025-02-25 00:45:00,25.939830897411472
2025-02-25 01:00:00,24.415955399504693
2025-02-25 01:15:00,24.618948030072843
2025-02-25 01:30:00,21.309099346452555
2025-02-25 01:45:00,21.758157219877226
2025-02-25 02:00:00,25.991221925661332
2025-02-25 02:15:00,28.101446256540395
2025-02-25 02:30:00,24.877450524457853
2025-02-25 02:45:00,21.43724087837161
2025-02-25 03:00:00,24.536140230480857
2025-02-25 03:15:00,29.773166793708132
2025-02-25 03:30:00,23.99078509700056
2025-02-25 03:45:00,27.445872941376344
2025-02-25 04:00:00,22.042389332306563
2025-02-25 04:15:00,23.96467011496855
2025-02-25 04:30:00,25.91259485969178
2025-02-25 04:45:00,25.825224237182034
2025-02-25 05:00:00,23.63030561547764
2025-02-25 05:15:00,24.564797657345082
2025-02-25 05:30:00,30.51183041887431
2025-02-25 05:45:00,32.95028381573931
2025-02-25 06:00:00,36.19293235564737
2025-02-25 06:15:00,39.852148607114685
2025-02-25 06:30:00,39.00225099289994
2025-02-25 06:45:00,41.4295688214492
2025-02-25 07:00:00,49.097325299050304
2025-02-25 07:15:00,50.68861782471442
2025-02-25 07:30:00,49.004026678927445
2025-02-25 07:45:00,50.53137442902898
2025-02-25 08:00:00,54.919141433676685
2025-02-25 08:15:00,52.67366607898582
2025-02-25 08:30:00,51.396868312779006
2025-02-25 08:45:00,51.59144591473929
2025-02-25 09:00:00,47.62299890034353
2025-02-25 09:15:00,45.539200022872116
2025-02-25 09:30:00,33.845207943562336
2025-02-25 09:45:00,35.98556787984381
2025-02-25 10:00:00,34.160470453016366
2025-02-25 10:15:00,26.16758636163853
2025-02-25 10:30:00,26.418084667806816
2025-02-25 10:45:00,24.503330330209014
2025-02-25 11:00:00,25.618595074106835
2025-02-25 11:15:00,28.922451867111214
2025-02-25 11:30:00,29.44526397941377
2025-02-25 11:45:00,22.06594115539802
2025-02-25 12:00:00,25.252426460259873
2025-02-25 12:15:00,25.24966789878161
2025-02-25 12:30:00,24.796361287611575
2025-02-25 12:45:00,24.8460551312479
2025-02-25 13:00:00,24.6758305424946
2025-02-25 13:15:00,28.259660180765085
2025-02-25 13:30:00,26.99677832034576
2025-02-25 13:45:00,21.89415258610754
2025-02-25 14:00:00,26.97919989128223
2025-02-25 14:15:00,27.85308397366354
2025-02-25 14:30:00,27.280158956254198
2025-02-25 14:45:00,30.483879596589773
2025-02-25 15:00:00,29.63020027449575
2025-02-25 15:15:00,31.547027667319448
2025-02-25 15:30:00,33.63499988775658
2025-02-25 15:45:00,30.962502533108555
2025-02-25 16:00:00,38.8266021693293
2025-02-25 16:15:00,40.63116870202823
2025-02-25 16:30:00,42.73426402812154
2025-02-25 16:45:00,52.642048227573454
2025-02-25 17:00:00,53.44158051589377
2025-02-25 17:15:00,54.80024342210921
2025-02-25 17:30:00,55.54174496905834
2025-02-25 17:45:00,59.00776914089801
2025-02-25 18:00:00,61.19568711950865
2025-02-25 18:15:00,56.20131962011216
2025-02-25 18:30:00,56.94446051541601
2025-02-25 18:45:00,57.049154520472186
2025-02-25 19:00:00,47.34661509506476
2025-02-25 19:15:00,48.9200233563648
2025-02-25 19:30:00,44.63548983898194
2025-02-25 19:45:00,41.97694381879649
2025-02-25 20:00:00,37.784639081279906
2025-02-25 20:15:00,36.364675440711274
2025-02-25 20:30:00,38.154856208167296
2025-02-25 20:45:00,30.251329024802615
2025-02-25 21:00:00,29.905953196142512
2025-02-25 21:15:00,32.660218927448334
2025-02-25 21:30:00,25.137083344686836
2025-02-25 21:45:00,30.17950042379879
2025-02-25 22:00:00,25.024981140029286
2025-02-25 22:15:00,29.0217816087091
2025-02-25 22:30:00,26.13847310604688
2025-02-25 22:45:00,24.828835920045538
2025-02-25 23:00:00,23.766810046952557
2025-02-25 23:15:00,22.289305725953895
2025-02-25 23:30:00,23.989421202136313
2025-02-25 23:45:00,26.01426323617533
2025-02-26 00:00:00,23.700986983776843
2025-02-26 00:15:00,22.942903261132034
2025-02-26 00:30:00,23.108199061868795
2025-02-26 00:45:00,26.21704329181001
2025-02-26 01:00:00,26.799455330425882
2025-02-26 01:15:00,22.069385256309598
2025-02-26 01:30:00,22.06652813044869
2025-02-26 01:45:00,24.68719868587503
2025-02-26 02:00:00,27.558600202798967
2025-02-26 02:15:00,26.606102106612102
2025-02-26 02:30:00,20.61372483455682
2025-02-26 02:45:00,23.087277138929753
2025-02-26 03:00:00,21.42895942121112
2025-02-26 03:15:00,23.102379761685178
2025-02-26 03:30:00,27.812427443900884
2025-02-26 03:45:00,20.301443554544015
2025-02-26 04:00:00,19.912723897312084
2025-02-26 04:15:00,22.065174244084726
2025-02-26 04:30:00,25.148632734427114
2025-02-26 04:45:00,26.45046490173598
2025-02-26 05:00:00,26.706572786518585
2025-02-26 05:15:00,29.59447919185833
2025-02-26 05:30:00,23.700079809142057
2025-02-26 05:45:00,33.008922513620504
2025-02-26 06:00:00,31.69900954383606
2025-02-26 06:15:00,37.2377325571039
2025-02-26 06:30:00,35.42381321879465
2025-02-26 06:45:00,42.28663305816008
2025-02-26 07:00:00,46.37719926218588
2025-02-26 07:15:00,51.86199659744072
2025-02-26 07:30:00,47.56370265268622
2025-02-26 07:45:00,53.25901934777273
2025-02-26 08:00:00,51.04290208603977
2025-02-26 08:15:00,54.44726722682572
2025-02-26 08:30:00,53.47265892438028
2025-02-26 08:45:00,52.194712492843244
2025-02-26 09:00:00,44.45450678571922
2025-02-26 09:15:00,44.59925749965723
2025-02-26 09:30:00,42.142976561797596
2025-02-26 09:45:00,31.310630045761354
2025-02-26 10:00:00,34.021285830878696
2025-02-26 10:15:00,32.44700352141722
2025-02-26 10:30:00,27.475182188722368
2025-02-26 10:45:00,23.64428367582775
2025-02-26 11:00:00,27.988413420340418
2025-02-26 11:15:00,21.920719260090877
2025-02-26 11:30:00,24.009586265083474
2025-02-26 11:45:00,24.068024277182115
2025-02-26 12:00:00,25.79155284689515
2025-02-26 12:15:00,22.352768753253706
2025-02-26 12:30:00,22.182512020364282
2025-02-26 12:45:00,24.162569124916807
2025-02-26 13:00:00,26.499124864024864
2025-02-26 13:15:00,29.82603426399112
2025-02-26 13:30:00,20.538583418587894
2025-02-26 13:45:00,25.399566758178867
2025-02-26 14:00:00,22.340234007104343
2025-02-26 14:15:00,28.235853029010983
2025-02-26 14:30:00,24.213053753710856
2025-02-26 14:45:00,26.035372508486354
2025-02-26 15:00:00,27.753512424697377
2025-02-26 15:15:00,30.92203540143852
2025-02-26 15:30:00,34.20656690181995
2025-02-26 15:45:00,37.284040615238226
2025-02-26 16:00:00,39.079853672246244
2025-02-26 16:15:00,39.043741965672424
2025-02-26 16:30:00,47.586523732987615
2025-02-26 16:45:00,48.99128024017629
2025-02-26 17:00:00,55.152073078203586
2025-02-26 17:15:00,53.17214855937995
2025-02-26 17:30:00,53.01474091204614
2025-02-26 17:45:00,58.248954556227694
2025-02-26 18:00:00,62.023652990534735
2025-02-26 18:15:00,58.73776395412885
2025-02-26 18:30:00,56.524031331784606
2025-02-26 18:45:00,52.76979511280988
2025-02-26 19:00:00,56.647708468086364
2025-02-26 19:15:00,46.556615658775584
2025-02-26 19:30:00,43.961907004889405
2025-02-26 19:45:00,43.80327833700335
2025-02-26 20:00:00,34.4653331311019
2025-02-26 20:15:00,39.27376497475559
2025-02-26 20:30:00,34.9729453262631
2025-02-26 20:45:00,33.37588727276098
2025-02-26 21:00:00,30.638642586890597
2025-02-26 21:15:00,27.337218471393843
2025-02-26 21:30:00,23.920924898838877
2025-02-26 21:45:00,25.359297832023177
2025-02-26 22:00:00,22.640257227689148
2025-02-26 22:15:00,25.84910370284696
2025-02-26 22:30:00,26.34659425366055
2025-02-26 22:45:00,27.819760975194217
2025-02-26 23:00:00,24.9269802366604
2025-02-26 23:15:00,26.227522100749102
2025-02-26 23:30:00,23.12375486775929
2025-02-26 23:45:00,22.641841127213993
2025-02-27 00:00:00,24.984619671919738
2025-02-27 00:15:00,22.834952475603618
2025-02-27 00:30:00,24.474794252991583
2025-02-27 00:45:00,21.14954566812304
2025-02-27 01:00:00,21.599156870094706
2025-02-27 01:15:00,25.392459176885467
2025-02-27 01:30:00,26.021397346191872
2025-02-27 01:45:00,21.34133534789976
2025-02-27 02:00:00,25.4829802007811
2025-02-27 02:15:00,22.47596153685173
2025-02-27 02:30:00,23.85129268911659
2025-02-27 02:45:00,27.35650248699524
2025-02-27 03:00:00,25.840860776601485
2025-02-27 03:15:00,25.82751542013802
2025-02-27 03:30:00,28.640052733564126
2025-02-27 03:45:00,22.164921207486277
2025-02-27 04:00:00,21.561874076640407
2025-02-27 04:15:00,22.397928335706467
2025-02-27 04:30:00,23.86077797807981
2025-02-27 04:45:00,19.07887569801357
2025-02-27 05:00:00,25.16105549123194
2025-02-27 05:15:00,25.360513237652725
2025-02-27 05:30:00,30.133867596830594
2025-02-27 05:45:00,30.985803998857477
2025-02-27 06:00:00,31.04418065813766
2025-02-27 06:15:00,36.95057327960821
2025-02-27 06:30:00,40.6072088188713
2025-02-27 06:45:00,40.419551224768085
2025-02-27 07:00:00,44.62063608086652
2025-02-27 07:15:00,43.47588541955893
2025-02-27 07:30:00,48.86686365689164
2025-02-27 07:45:00,51.39263845898574
2025-02-27 08:00:00,54.00808013901939
2025-02-27 08:15:00,50.88674480151471
2025-02-27 08:30:00,50.31266199922641
2025-02-27 08:45:00,45.980134566225736
2025-02-27 09:00:00,46.28653955142755
2025-02-27 09:15:00,43.41215215550674
2025-02-27 09:30:00,39.81331034776373
2025-02-27 09:45:00,35.51632468377239
2025-02-27 10:00:00,28.704415422988294
2025-02-27 10:15:00,28.567515610844044
2025-02-27 10:30:00,27.17040585750396
2025-02-27 10:45:00,25.729653720948175
2025-02-27 11:00:00,25.885151458650068
2025-02-27 11:15:00,28.550019143522032
2025-02-27 11:30:00,26.552379766681444
2025-02-27 11:45:00,21.766214355677917
2025-02-27 12:00:00,25.76538928948595
2025-02-27 12:15:00,25.58677795480859
2025-02-27 12:30:00,21.94547694366422
2025-02-27 12:45:00,26.10411961820684
2025-02-27 13:00:00,23.648881463721548
2025-02-27 13:15:00,20.649199920931352
2025-02-27 13:30:00,25.5119676132369
2025-02-27 13:45:00,25.220290656357946
2025-02-27 14:00:00,24.554051883334715
2025-02-27 14:15:00,25.661866592145092
2025-02-27 14:30:00,24.828375808371995
2025-02-27 14:45:00,29.313993697044154
2025-02-27 15:00:00,29.18473736969427
2025-02-27 15:15:00,31.595329241717817
2025-02-27 15:30:00,34.35810210435458
2025-02-27 15:45:00,33.254997478760345
2025-02-27 16:00:00,36.925239366607286
2025-02-27 16:15:00,36.91028275634256
2025-02-27 16:30:00,47.24558838704738
2025-02-27 16:45:00,46.15982622357616
2025-02-27 17:00:00,52.64583476151518
2025-02-27 17:15:00,55.93564045403788
2025-02-27 17:30:00,58.59298421126414
2025-02-27 17:45:00,55.39065166195444
2025-02-27 18:00:00,58.68754160808156
2025-02-27 18:15:00,62.57778404816732
2025-02-27 18:30:00,61.37566691328675
2025-02-27 18:45:00,57.480644775630054
2025-02-27 19:00:00,53.16369953204062
2025-02-27 19:15:00,46.6845305574833
2025-02-27 19:30:00,47.63862109604685
2025-02-27 19:45:00,42.049814158535405
2025-02-27 20:00:00,40.573379927610205
2025-02-27 20:15:00,34.57185405778117
2025-02-27 20:30:00,33.04680414222911
2025-02-27 20:45:00,31.60485237703348
2025-02-27 21:00:00,29.92571966936032
2025-02-27 21:15:00,29.041008434794605
2025-02-27 21:30:00,25.1974835965244
2025-02-27 21:45:00,22.417949688419288
2025-02-27 22:00:00,29.206984990429433
2025-02-27 22:15:00,30.923525233823604
2025-02-27 22:30:00,25.51487083890546
2025-02-27 22:45:00,20.884433543982638
2025-02-27 23:00:00,22.13124772678026
2025-02-27 23:15:00,25.255552015497774
2025-02-27 23:30:00,27.286080123647075
2025-02-27 23:45:00,20.871981769489057
2025-02-28 00:00:00,23.556282276364694
2025-02-28 00:15:00,24.357639202115028
2025-02-28 00:30:00,26.029950292746342
2025-02-28 00:45:00,23.010197789069856
2025-02-28 01:00:00,19.96036373158986
2025-02-28 01:15:00,25.423604206581206
2025-02-28 01:30:00,26.68333645421394
2025-02-28 01:45:00,23.665671499562777
2025-02-28 02:00:00,24.88621903639034
2025-02-28 02:15:00,22.688247029481456
2025-02-28 02:30:00,21.762272145410293
2025-02-28 02:45:00,26.44688003249588
2025-02-28 03:00:00,24.857556694689478
2025-02-28 03:15:00,25.13043133219646
2025-02-28 03:30:00,27.690039091017454
2025-02-28 03:45:00,21.35418810792355
2025-02-28 04:00:00,22.713170227332434
2025-02-28 04:15:00,24.6647417669739
2025-02-28 04:30:00,23.152921900802458
2025-02-28 04:45:00,26.989767955533644
2025-02-28 05:00:00,25.277802414323222
2025-02-28 05:15:00,24.307282432256244
2025-02-28 05:30:00,28.405571749914465
2025-02-28 05:45:00,30.597276861958562
2025-02-28 06:00:00,34.94930176841105
2025-02-28 06:15:00,36.525197807678715
2025-02-28 06:30:00,40.01859153132068
2025-02-28 06:45:00,43.208319292873895
2025-02-28 07:00:00,45.44931479970195
2025-02-28 07:15:00,47.31541998313494
2025-02-28 07:30:00,52.3822838555725
2025-02-28 07:45:00,52.482674828944795
2025-02-28 08:00:00,58.11389563221609
2025-02-28 08:15:00,56.67233162045651
2025-02-28 08:30:00,53.24506418133741
2025-02-28 08:45:00,50.05630300202391
2025-02-28 09:00:00,45.70553156125564
2025-02-28 09:15:00,39.26173072428584
2025-02-28 09:30:00,38.33364080201848
2025-02-28 09:45:00,35.80559632113159
2025-02-28 10:00:00,33.197413483962656
2025-02-28 10:15:00,31.35791507172495
2025-02-28 10:30:00,30.5586724166036
2025-02-28 10:45:00,25.074181207626783
2025-02-28 11:00:00,24.056683779262162
2025-02-28 11:15:00,28.67998179556159
2025-02-28 11:30:00,26.51626759156203
2025-02-28 11:45:00,23.324755833575566
2025-02-28 12:00:00,23.868028562472983
2025-02-28 12:15:00,23.795911552566213
2025-02-28 12:30:00,24.106255315355806
2025-02-28 12:45:00,25.230336925823988
2025-02-28 13:00:00,30.4539793024435
2025-02-28 13:15:00,24.715149432483308
2025-02-28 13:30:00,26.097130561316384
2025-02-28 13:45:00,20.528368715455493
2025-02-28 14:00:00,23.97767035796141
2025-02-28 14:15:00,28.89421119500407
2025-02-28 14:30:00,27.698552367593905
2025-02-28 14:45:00,16.882555358998502
2025-02-28 15:00:00,31.04509634536629
2025-02-28 15:15:00,36.041292502028384
2025-02-28 15:30:00,28.542152711592124
2025-02-28 15:45:00,40.006605087549154
2025-02-28 16:00:00,32.297732228356814
2025-02-28 16:15:00,44.84681565162583
2025-02-28 16:30:00,45.87878555939997
2025-02-28 16:45:00,43.38209762844075
2025-02-28 17:00:00,53.49642943848473
2025-02-28 17:15:00,57.951943648178364
2025-02-28 17:30:00,58.06349400719599
2025-02-28 17:45:00,59.929437422802835
2025-02-28 18:00:00,57.88792975619485
2025-02-28 18:15:00,53.8152829917546
2025-02-28 18:30:00,58.88621465277783
2025-02-28 18:45:00,59.45339622278763
2025-02-28 19:00:00,55.21059320417138
2025-02-28 19:15:00,44.29428133920259
2025-02-28 19:30:00,42.12150539815109
2025-02-28 19:45:00,40.39662225951837
2025-02-28 20:00:00,35.25629499483695
2025-02-28 20:15:00,36.33111187741077
2025-02-28 20:30:00,34.529350820889455
2025-02-28 20:45:00,27.685525152345715
2025-02-28 21:00:00,31.31951997242371
2025-02-28 21:15:00,29.376135892303232
2025-02-28 21:30:00,25.341747629336606
2025-02-28 21:45:00,25.41153023734405
2025-02-28 22:00:00,20.33719383515658
2025-02-28 22:15:00,23.93640880415674
2025-02-28 22:30:00,24.48145587983454
2025-02-28 22:45:00,24.6829571524876
2025-02-28 23:00:00,25.0781021825471
2025-02-28 23:15:00,24.660036834555996
2025-02-28 23:30:00,23.3391062348889
2025-02-28 23:45:00,24.686370095838704
2025-03-01 00:00:00,17.438868659753144
2025-03-01 00:15:00,14.695738121261567
2025-03-01 00:30:00,15.72916538572764
2025-03-01 00:45:00,14.470446036457853
2025-03-01 01:00:00,13.319673902245516
2025-03-01 01:15:00,16.244473313341476
2025-03-01 01:30:00,13.549926750130414
2025-03-01 01:45:00,15.904113386161477
2025-03-01 02:00:00,15.010229858438503
2025-03-01 02:15:00,14.18081323674488
2025-03-01 02:30:00,14.121831349898496
2025-03-01 02:45:00,13.674459919795645
2025-03-01 03:00:00,10.834972690999514
2025-03-01 03:15:00,15.915656912495582
2025-03-01 03:30:00,15.554231536996866
2025-03-01 03:45:00,17.13095113857445
2025-03-01 04:00:00,13.73451386256545
2025-03-01 04:15:00,19.899097591633165
2025-03-01 04:30:00,14.373199324665705
2025-03-01 04:45:00,13.39259951715704
2025-03-01 05:00:00,13.489379476287152
2025-03-01 05:15:00,12.212370995421647
2025-03-01 05:30:00,21.177949731672143
2025-03-01 05:45:00,21.836019068932096
2025-03-01 06:00:00,21.25316770732125
2025-03-01 06:15:00,19.122757233095044
2025-03-01 06:30:00,27.719319994316475
2025-03-01 06:45:00,24.260190914251808
2025-03-01 07:00:00,26.398991337204258
2025-03-01 07:15:00,32.41736931992397
2025-03-01 07:30:00,31.876631729240163
2025-03-01 07:45:00,36.64283997307405
2025-03-01 08:00:00,32.07781909876109
2025-03-01 08:15:00,30.148894226515345
2025-03-01 08:30:00,28.702621309800048
2025-03-01 08:45:00,24.210898728479318
2025-03-01 09:00:00,26.38062371981797
2025-03-01 09:15:00,28.0079200102449
2025-03-01 09:30:00,24.69657685020813
2025-03-01 09:45:00,21.423487653654423
2025-03-01 10:00:00,17.275115897013652
2025-03-01 10:15:00,18.988113108743402
2025-03-01 10:30:00,19.89247738512136
2025-03-01 10:45:00,17.63962450520332
2025-03-01 11:00:00,16.407870350019078
2025-03-01 11:15:00,13.607607843311287
2025-03-01 11:30:00,17.513054485274008
2025-03-01 11:45:00,7.35772870298803
2025-03-01 12:00:00,16.053822870954104
2025-03-01 12:15:00,21.476978051245844
2025-03-01 12:30:00,11.266595141447285
2025-03-01 12:45:00,14.446137561262965
2025-03-01 13:00:00,15.067423791959287
2025-03-01 13:15:00,13.999400094113344
2025-03-01 13:30:00,17.857037707447525
2025-03-01 13:45:00,16.614701085734172
2025-03-01 14:00:00,16.059584939825093
2025-03-01 14:15:00,18.02006728912039
2025-03-01 14:30:00,16.547899805594113
2025-03-01 14:45:00,25.095414653723736
2025-03-01 15:00:00,18.352016387108332
2025-03-01 15:15:00,19.499380582098276
2025-03-01 15:30:00,15.992639836903326
2025-03-01 15:45:00,20.38241450060019
2025-03-01 16:00:00,26.270514033098888
2025-03-01 16:15:00,21.86454858011172
2025-03-01 16:30:00,21.67883416592073
2025-03-01 16:45:00,28.999968513984665
2025-03-01 17:00:00,34.06458620298448
2025-03-01 17:15:00,32.225558214912645
2025-03-01 17:30:00,32.42301889506874
2025-03-01 17:45:00,29.339898601336785
2025-03-01 18:00:00,35.36442972740667
2025-03-01 18:15:00,35.64069526755252
2025-03-01 18:30:00,28.811777253185742
2025-03-01 18:45:00,34.9601034138349
2025-03-01 19:00:00,32.55751994743226
2025-03-01 19:15:00,31.756914939775292
2025-03-01 19:30:00,28.539874125798313
2025-03-01 19:45:00,26.84712081322473
2025-03-01 20:00:00,24.71498442908802
2025-03-01 20:15:00,23.924722422775687
2025-03-01 20:30:00,15.735805558565673
2025-03-01 20:45:00,15.273804812377271
2025-03-01 21:00:00,16.15029343721059
2025-03-01 21:15:00,16.839247759086874
2025-03-01 21:30:00,17.49577620776784
2025-03-01 21:45:00,16.859329937214664
2025-03-01 22:00:00,18.49357673354762
2025-03-01 22:15:00,18.327815068853482
2025-03-01 22:30:00,13.108687675140157
2025-03-01 22:45:00,15.775355353123604
2025-03-01 23:00:00,12.988050700809746
2025-03-01 23:15:00,14.592511926094188
2025-03-01 23:30:00,15.840713631637938
2025-03-01 23:45:00,6.4987720477805535
2025-03-02 00:00:00,21.028573159185946
2025-03-02 00:15:00,16.41717938163858
2025-03-02 00:30:00,13.512594353724147
2025-03-02 00:45:00,19.82097246480293
2025-03-02 01:00:00,14.134667650838171
2025-03-02 01:15:00,15.335246994226823
2025-03-02 01:30:00,13.786876468171073
2025-03-02 01:45:00,19.135400110898566
2025-03-02 02:00:00,14.7438040475079
2025-03-02 02:15:00,15.381034563503226
2025-03-02 02:30:00,18.018318196437978
2025-03-02 02:45:00,16.474285428096767
2025-03-02 03:00:00,14.880279841996083
2025-03-02 03:15:00,17.80107098909422
2025-03-02 03:30:00,21.38824693098016
2025-03-02 03:45:00,15.866976013060984
2025-03-02 04:00:00,15.421730721623065
2025-03-02 04:15:00,15.653880620598416
2025-03-02 04:30:00,18.665287329977797
2025-03-02 04:45:00,14.149053668670689
2025-03-02 05:00:00,15.344472260223874
2025-03-02 05:15:00,12.770244014288416
2025-03-02 05:30:00,14.453384727698602
2025-03-02 05:45:00,17.18052496887473
2025-03-02 06:00:00,19.678136698567513
2025-03-02 06:15:00,25.852361950569005
2025-03-02 06:30:00,24.597807186340948
2025-03-02 06:45:00,22.92596692619068
2025-03-02 07:00:00,25.318279085469815
2025-03-02 07:15:00,32.32776771051964
2025-03-02 07:30:00,33.11255552322017
2025-03-02 07:45:00,31.277131285357285
2025-03-02 08:00:00,30.416371667725674
2025-03-02 08:15:00,34.02047769833298
2025-03-02 08:30:00,27.815490085247035
2025-03-02 08:45:00,29.875139550208907
2025-03-02 09:00:00,32.825435012676024
2025-03-02 09:15:00,25.726500252414308
2025-03-02 09:30:00,21.32714210402316
2025-03-02 09:45:00,22.465313777541468
2025-03-02 10:00:00,18.65410459262532
2025-03-02 10:15:00,15.002315337937237
2025-03-02 10:30:00,19.17970757292241
2025-03-02 10:45:00,19.424086749011877
2025-03-02 11:00:00,15.280440129363464
2025-03-02 11:15:00,14.723587174882834
2025-03-02 11:30:00,13.007860855798617
2025-03-02 11:45:00,14.87932613228878
2025-03-02 12:00:00,13.75746202509248
2025-03-02 12:15:00,12.590265765735422
2025-03-02 12:30:00,19.834625069385133
2025-03-02 12:45:00,16.282467623499365
2025-03-02 13:00:00,16.5848634209537
2025-03-02 13:15:00,17.43103043519507
2025-03-02 13:30:00,17.260367026558804
2025-03-02 13:45:00,14.467473051463347
2025-03-02 14:00:00,16.42688994949468
2025-03-02 14:15:00,15.420984059154756
2025-03-02 14:30:00,17.66885647846562
2025-03-02 14:45:00,18.066655030169574
2025-03-02 15:00:00,17.08367278441519
2025-03-02 15:15:00,15.754602912178731
2025-03-02 15:30:00,20.701076986859498
2025-03-02 15:45:00,21.297040982949717
2025-03-02 16:00:00,18.74281359293668
2025-03-02 16:15:00,26.53901951184241
2025-03-02 16:30:00,29.552756765891775
2025-03-02 16:45:00,35.30674540764732
2025-03-02 17:00:00,29.726405559604597
2025-03-02 17:15:00,30.839499785408872
2025-03-02 17:30:00,30.55645220914571
2025-03-02 17:45:00,34.57439759551597
2025-03-02 18:00:00,34.806264255656295
2025-03-02 18:15:00,32.02594104198725
2025-03-02 18:30:00,32.8954581795381
2025-03-02 18:45:00,27.243782508477683
2025-03-02 19:00:00,33.02589738589432
2025-03-02 19:15:00,27.066101317835727
2025-03-02 19:30:00,27.061094901291725
2025-03-02 19:45:00,21.712854871561202
2025-03-02 20:00:00,22.023972567288954
2025-03-02 20:15:00,21.12123811883809
2025-03-02 20:30:00,20.32114724758261
2025-03-02 20:45:00,20.292459068846558
2025-03-02 21:00:00,21.654675280009783
2025-03-02 21:15:00,19.06224992880086
2025-03-02 21:30:00,18.997519640972218
2025-03-02 21:45:00,19.729560462609598
2025-03-02 22:00:00,17.191756292323497
2025-03-02 22:15:00,15.431483216964331
2025-03-02 22:30:00,17.87910459512149
2025-03-02 22:45:00,17.928112676510782
2025-03-02 23:00:00,16.795718548638643
2025-03-02 23:15:00,11.493234912997062
2025-03-02 23:30:00,12.999259209889294
2025-03-02 23:45:00,14.400091362492784
2025-03-03 00:00:00,26.01619003115434
2025-03-03 00:15:00,24.014466144156348
2025-03-03 00:30:00,26.910698898985707
2025-03-03 00:45:00,27.357315247759153
2025-03-03 01:00:00,27.06784978241533
2025-03-03 01:15:00,27.08448486997731
2025-03-03 01:30:00,21.478884930466695
2025-03-03 01:45:00,25.27876205339276
2025-03-03 02:00:00,22.55431935656336
2025-03-03 02:15:00,19.95183242547878
2025-03-03 02:30:00,23.35804945291308
2025-03-03 02:45:00,27.392681396023605
2025-03-03 03:00:00,25.240695251277128
2025-03-03 03:15:00,29.149056413534126
2025-03-03 03:30:00,24.577849735028845
2025-03-03 03:45:00,30.310823978529896
2025-03-03 04:00:00,24.73706211235126
2025-03-03 04:15:00,24.52613228609914
2025-03-03 04:30:00,21.565252926229466
2025-03-03 04:45:00,28.008356618912078
2025-03-03 05:00:00,24.691010795059626
2025-03-03 05:15:00,25.371018503305045
2025-03-03 05:30:00,31.644242122179378
2025-03-03 05:45:00,33.267009757759126
2025-03-03 06:00:00,35.642748180024554
2025-03-03 06:15:00,34.836890865500344
2025-03-03 06:30:00,38.9383090404856
2025-03-03 06:45:00,42.45797723944384
2025-03-03 07:00:00,48.07618970544041
2025-03-03 07:15:00,53.18990259297632
2025-03-03 07:30:00,52.78057751524772
2025-03-03 07:45:00,58.45273760787494
2025-03-03 08:00:00,56.33234827702385
2025-03-03 08:15:00,52.92990054906506
2025-03-03 08:30:00,53.93476801660847
2025-03-03 08:45:00,53.57500950139102
2025-03-03 09:00:00,51.12117479788956
2025-03-03 09:15:00,45.58179156497902
2025-03-03 09:30:00,39.13828064529603
2025-03-03 09:45:00,35.21038625330629
2025-03-03 10:00:00,34.263969207582115
2025-03-03 10:15:00,34.56903354319064
2025-03-03 10:30:00,29.539792878273158
2025-03-03 10:45:00,28.140919217358622
2025-03-03 11:00:00,26.092890583905064
2025-03-03 11:15:00,24.433135590453308
2025-03-03 11:30:00,24.38350050279701
2025-03-03 11:45:00,24.840271302850333
2025-03-03 12:00:00,28.631329626280774
2025-03-03 12:15:00,23.6534351237541
2025-03-03 12:30:00,24.358873350258442
2025-03-03 12:45:00,22.085208195038827
2025-03-03 13:00:00,26.108098254204453
2025-03-03 13:15:00,27.85747912720003
2025-03-03 13:30:00,28.70190295097279
2025-03-03 13:45:00,25.45299494349777
2025-03-03 14:00:00,26.825829198934233
2025-03-03 14:15:00,25.6383210336151
2025-03-03 14:30:00,28.212833739266316
2025-03-03 14:45:00,28.84027785323627
2025-03-03 15:00:00,29.705722458532158
2025-03-03 15:15:00,31.79028889697693
2025-03-03 15:30:00,34.86175053620337
2025-03-03 15:45:00,35.672777962149105
2025-03-03 16:00:00,38.82140247555419
2025-03-03 16:15:00,46.97024647399883
2025-03-03 16:30:00,52.876797197374174
2025-03-03 16:45:00,46.44613144604482
2025-03-03 17:00:00,49.43243001027276
2025-03-03 17:15:00,52.88198535660548
2025-03-03 17:30:00,57.09557861087331
2025-03-03 17:45:00,60.90684275857459
2025-03-03 18:00:00,60.59527554299083
2025-03-03 18:15:00,59.098858372585966
2025-03-03 18:30:00,58.67891661515756
2025-03-03 18:45:00,53.54881918342861
2025-03-03 19:00:00,51.976357290048824
2025-03-03 19:15:00,49.413757693094105
2025-03-03 19:30:00,42.14822371982645
2025-03-03 19:45:00,39.808289253032875
2025-03-03 20:00:00,36.6348416206708
2025-03-03 20:15:00,38.33093078855775
2025-03-03 20:30:00,34.35922183019682
2025-03-03 20:45:00,32.988834511464134
2025-03-03 21:00:00,24.97758450055637
2025-03-03 21:15:00,24.36448246795183
2025-03-03 21:30:00,28.570207192914744
2025-03-03 21:45:00,19.096184248966523
2025-03-03 22:00:00,28.473293319116316
2025-03-03 22:15:00,20.408794486895093
2025-03-03 22:30:00,26.771378825148812
2025-03-03 22:45:00,22.23964975335236
2025-03-03 23:00:00,26.953192341253263
2025-03-03 23:15:00,32.269857912098445
2025-03-03 23:30:00,18.5170445535779
2025-03-03 23:45:00,25.909348759932175
2025-03-04 00:00:00,19.613405078939458
2025-03-04 00:15:00,25.20142888098572
2025-03-04 00:30:00,23.618271290088778
2025-03-04 00:45:00,24.460353865662267
2025-03-04 01:00:00,21.857382303510935
2025-03-04 01:15:00,26.08866061612706
2025-03-04 01:30:00,20.51714948079675
2025-03-04 01:45:00,27.242940845609382
2025-03-04 02:00:00,23.11669057603566
2025-03-04 02:15:00,20.634445943978264
2025-03-04 02:30:00,28.13074372501363
2025-03-04 02:45:00,23.97915673354181
2025-03-04 03:00:00,28.924604535695252
2025-03-04 03:15:00,27.22459769141196
2025-03-04 03:30:00,22.20608449350169
2025-03-04 03:45:00,24.04551697581497
2025-03-04 04:00:00,24.66252828132678
2025-03-04 04:15:00,28.352363929290114
2025-03-04 04:30:00,25.924196813060206
2025-03-04 04:45:00,25.73935570453052
2025-03-04 05:00:00,25.51329903327427
2025-03-04 05:15:00,26.92891939579948
2025-03-04 05:30:00,31.769320310577978
2025-03-04 05:45:00,30.447390846372134
2025-03-04 06:00:00,31.891800967361633
2025-03-04 06:15:00,34.397775170212796
2025-03-04 06:30:00,37.748010202767546
2025-03-04 06:45:00,39.16904762718577
2025-03-04 07:00:00,44.31063036655243
2025-03-04 07:15:00,53.118715994475764
2025-03-04 07:30:00,51.410387359442176
2025-03-04 07:45:00,55.343213449481006
2025-03-04 08:00:00,47.95914532079833
2025-03-04 08:15:00,55.00435169037502
2025-03-04 08:30:00,51.526282123972464
2025-03-04 08:45:00,48.17323313100203
2025-03-04 09:00:00,46.64452661669827
2025-03-04 09:15:00,41.44167445256046
2025-03-04 09:30:00,33.83108159503936
2025-03-04 09:45:00,38.12441362498515
2025-03-04 10:00:00,33.49801373565833
2025-03-04 10:15:00,29.66591555175261
2025-03-04 10:30:00,26.106581026165152
2025-03-04 10:45:00,23.396620131027973
2025-03-04 11:00:00,26.590802099391688
2025-03-04 11:15:00,29.35314003120395
2025-03-04 11:30:00,25.36342734486861
2025-03-04 11:45:00,21.111476708113656
2025-03-04 12:00:00,24.96554583688644
2025-03-04 12:15:00,24.1860365480735
2025-03-04 12:30:00,26.45412660927478
2025-03-04 12:45:00,25.83215967319363
2025-03-04 13:00:00,16.918638636355972
2025-03-04 13:15:00,25.870561075084677
2025-03-04 13:30:00,22.198634195929905
2025-03-04 13:45:00,21.45693616174596
2025-03-04 14:00:00,24.985434348411445
2025-03-04 14:15:00,27.116298995224437
2025-03-04 14:30:00,22.85762489792216
2025-03-04 14:45:00,29.88348039824133
2025-03-04 15:00:00,31.53508299284165
2025-03-04 15:15:00,31.630019540642063
2025-03-04 15:30:00,31.629560135760844
2025-03-04 15:45:00,34.026388422399
2025-03-04 16:00:00,42.059149168309055
2025-03-04 16:15:00,38.990459107189395
2025-03-04 16:30:00,48.82828081091537
2025-03-04 16:45:00,49.11072530316305
2025-03-04 17:00:00,52.40819615571498
2025-03-04 17:15:00,51.07132254620176
2025-03-04 17:30:00,57.05368245675744
2025-03-04 17:45:00,60.2680296546191
2025-03-04 18:00:00,55.842792351849404
2025-03-04 18:15:00,59.982044582373625
2025-03-04 18:30:00,57.645782765569585
2025-03-04 18:45:00,53.73631992402799
2025-03-04 19:00:00,54.79002131926785
2025-03-04 19:15:00,44.025026525196424
2025-03-04 19:30:00,47.04214082247456
2025-03-04 19:45:00,46.82682704363181
2025-03-04 20:00:00,43.10528900522581
2025-03-04 20:15:00,37.46185141430384
2025-03-04 20:30:00,33.05830690204788
2025-03-04 20:45:00,29.93834950351941
2025-03-04 21:00:00,28.88608187390764
2025-03-04 21:15:00,29.499591686484816
2025-03-04 21:30:00,24.96073346223418
2025-03-04 21:45:00,28.003092281866817
2025-03-04 22:00:00,30.811295603734326
2025-03-04 22:15:00,24.879053641492796
2025-03-04 22:30:00,21.368703970737318
2025-03-04 22:45:00,21.16592383306295
2025-03-04 23:00:00,26.339021316212463
2025-03-04 23:15:00,24.16676456351531
2025-03-04 23:30:00,26.45874025265006
2025-03-04 23:45:00,22.903494650991394
2025-03-05 00:00:00,26.277045115382595
2025-03-05 00:15:00,23.80543302542686
2025-03-05 00:30:00,22.370615944267854
2025-03-05 00:45:00,23.200076246110918
2025-03-05 01:00:00,21.21063648938265
2025-03-05 01:15:00,29.177381122449052
2025-03-05 01:30:00,23.963763925435696
2025-03-05 01:45:00,25.816807293677236
2025-03-05 02:00:00,22.86431789399333
2025-03-05 02:15:00,21.57802746614565
2025-03-05 02:30:00,23.62537477297626
2025-03-05 02:45:00,26.9671690826219
2025-03-05 03:00:00,22.920359514703687
2025-03-05 03:15:00,22.061551819914282
2025-03-05 03:30:00,24.656783749999853
2025-03-05 03:45:00,25.572222363560417
2025-03-05 04:00:00,28.533728237910015
2025-03-05 04:15:00,25.487656508864468
2025-03-05 04:30:00,26.50705860957972
2025-03-05 04:45:00,27.163486627699392
2025-03-05 05:00:00,23.197133929797676
2025-03-05 05:15:00,24.713656192871426
2025-03-05 05:30:00,25.864773755977254
2025-03-05 05:45:00,27.174437463758547
2025-03-05 06:00:00,34.934618216392295
2025-03-05 06:15:00,36.600842697015615
2025-03-05 06:30:00,39.39783762869578
2025-03-05 06:45:00,36.25917071239623
2025-03-05 07:00:00,51.391935167524395
2025-03-05 07:15:00,47.20365967857528
2025-03-05 07:30:00,57.12309178431752
2025-03-05 07:45:00,50.02575496007168
2025-03-05 08:00:00,52.19170810276828
2025-03-05 08:15:00,48.14312434529546
2025-03-05 08:30:00,52.90165070836121
2025-03-05 08:45:00,46.69036551980943
2025-03-05 09:00:00,43.576300721508765
2025-03-05 09:15:00,39.31662642776375
2025-03-05 09:30:00,41.15083093521412
2025-03-05 09:45:00,37.66412728458339
2025-03-05 10:00:00,37.48722894359403
2025-03-05 10:15:00,28.803179519549023
2025-03-05 10:30:00,29.135767267572458
2025-03-05 10:45:00,23.914600311400143
2025-03-05 11:00:00,25.260147158492465
2025-03-05 11:15:00,24.089098731046825
2025-03-05 11:30:00,26.08331043036378
2025-03-05 11:45:00,27.177609623000414
2025-03-05 12:00:00,26.947095129978397
2025-03-05 12:15:00,22.279037656755506
2025-03-05 12:30:00,26.85686168925592
2025-03-05 12:45:00,24.271788270504036
2025-03-05 13:00:00,23.638377115497452
2025-03-05 13:15:00,22.802851230575452
2025-03-05 13:30:00,23.37416761739545
2025-03-05 13:45:00,29.433717014467504
2025-03-05 14:00:00,26.291819174189627
2025-03-05 14:15:00,26.592075225011637
2025-03-05 14:30:00,26.37051866090607
2025-03-05 14:45:00,34.30366026780173
2025-03-05 15:00:00,32.95593647973793
2025-03-05 15:15:00,29.77659814650555
2025-03-05 15:30:00,33.181255958176116
2025-03-05 15:45:00,36.00589645805417
2025-03-05 16:00:00,39.9256731686742
2025-03-05 16:15:00,41.082125225459784
2025-03-05 16:30:00,47.330820350880884
2025-03-05 16:45:00,53.220617914696646
2025-03-05 17:00:00,49.43038651592093
2025-03-05 17:15:00,52.58784935061412
2025-03-05 17:30:00,56.279252027444855
2025-03-05 17:45:00,57.7087513479303
2025-03-05 18:00:00,64.24665664195341
2025-03-05 18:15:00,61.30640234789032
2025-03-05 18:30:00,59.8507323952769
2025-03-05 18:45:00,54.75146910843446
2025-03-05 19:00:00,52.00422946968177
2025-03-05 19:15:00,45.96807929683853
2025-03-05 19:30:00,48.19646390434404
2025-03-05 19:45:00,44.072550044079755
2025-03-05 20:00:00,42.78709895277908
2025-03-05 20:15:00,36.026934713176324
2025-03-05 20:30:00,33.52473536048322
2025-03-05 20:45:00,32.019644099899295
2025-03-05 21:00:00,31.9398146810487
2025-03-05 21:15:00,24.53120889505557
2025-03-05 21:30:00,28.885657693837867
2025-03-05 21:45:00,26.124968214918002
2025-03-05 22:00:00,22.89847552245099
2025-03-05 22:15:00,19.888921731285333
2025-03-05 22:30:00,24.45518108285891
2025-03-05 22:45:00,28.213742540648372
2025-03-05 23:00:00,28.650993487396224
2025-03-05 23:15:00,25.271244921200875
2025-03-05 23:30:00,29.23835155570476
2025-03-05 23:45:00,24.19690195010712
2025-03-06 00:00:00,26.650419509249186
2025-03-06 00:15:00,23.139778120394322
2025-03-06 00:30:00,22.982053367976565
2025-03-06 00:45:00,22.575474034524497
2025-03-06 01:00:00,19.118624393739175
2025-03-06 01:15:00,27.488387259471516
2025-03-06 01:30:00,22.66731174509609
2025-03-06 01:45:00,22.26859950619297
2025-03-06 02:00:00,21.323235905747854
2025-03-06 02:15:00,23.763622813363707
2025-03-06 02:30:00,28.68548121027967
2025-03-06 02:45:00,29.515309259839913
2025-03-06 03:00:00,20.1366961873034
2025-03-06 03:15:00,23.41843614540633
2025-03-06 03:30:00,21.74890309745196
2025-03-06 03:45:00,26.862184598404067
2025-03-06 04:00:00,25.20976606762109
2025-03-06 04:15:00,23.078531378092855
2025-03-06 04:30:00,25.145183998338396
2025-03-06 04:45:00,24.23842636548853
2025-03-06 05:00:00,30.18196200417571
2025-03-06 05:15:00,28.556059540194603
2025-03-06 05:30:00,30.31574741589169
2025-03-06 05:45:00,23.904182541514633
2025-03-06 06:00:00,32.84567121575347
2025-03-06 06:15:00,41.15041924911303
2025-03-06 06:30:00,42.58109452966808
2025-03-06 06:45:00,38.18991241971035
2025-03-06 07:00:00,45.53635282287807
2025-03-06 07:15:00,46.50221540777158
2025-03-06 07:30:00,56.33798817898653
2025-03-06 07:45:00,54.32622875099896
2025-03-06 08:00:00,52.36989648344024
2025-03-06 08:15:00,53.802317044030715
2025-03-06 08:30:00,45.544598829442464
2025-03-06 08:45:00,46.79777869680529
2025-03-06 09:00:00,46.41658480492965
2025-03-06 09:15:00,44.92877477544227
2025-03-06 09:30:00,34.42083236048533
2025-03-06 09:45:00,34.999254270017666
2025-03-06 10:00:00,35.548032945803335
2025-03-06 10:15:00,26.955487144907487
2025-03-06 10:30:00,29.228350310525105
2025-03-06 10:45:00,27.369548946279245
2025-03-06 11:00:00,30.45036989983148
2025-03-06 11:15:00,24.87754591507989
2025-03-06 11:30:00,24.559858424296767
2025-03-06 11:45:00,26.83912887347587
2025-03-06 12:00:00,21.220231116385502
2025-03-06 12:15:00,23.900534704531598
2025-03-06 12:30:00,23.288053784206358
2025-03-06 12:45:00,24.10139596511999
2025-03-06 13:00:00,26.637559861256303
2025-03-06 13:15:00,26.026208043937395
2025-03-06 13:30:00,22.968975715586854
2025-03-06 13:45:00,25.48635479090417
2025-03-06 14:00:00,29.316070676815094
2025-03-06 14:15:00,24.143805742874576
2025-03-06 14:30:00,27.45572714185018
2025-03-06 14:45:00,27.772486430469304
2025-03-06 15:00:00,29.60257210163914
2025-03-06 15:15:00,27.569283761488244
2025-03-06 15:30:00,37.458875114327405
2025-03-06 15:45:00,34.672302447870194
2025-03-06 16:00:00,42.192847531960744
2025-03-06 16:15:00,41.3484230705288
2025-03-06 16:30:00,44.736691796346456
2025-03-06 16:45:00,52.68988009437124
2025-03-06 17:00:00,55.26584268073536
2025-03-06 17:15:00,55.996555324363456
2025-03-06 17:30:00,59.456699173813135
2025-03-06 17:45:00,58.14603268116809
2025-03-06 18:00:00,59.29624726940057
2025-03-06 18:15:00,57.21474270030289
2025-03-06 18:30:00,59.81676327184111
2025-03-06 18:45:00,53.745524397908795
2025-03-06 19:00:00,56.499578232602644
2025-03-06 19:15:00,48.87443179406168
2025-03-06 19:30:00,46.36005912787455
2025-03-06 19:45:00,44.80840796730284
2025-03-06 20:00:00,39.69844097766655
2025-03-06 20:15:00,35.87591259446268
2025-03-06 20:30:00,33.870798990072245
2025-03-06 20:45:00,33.895750546000876
2025-03-06 21:00:00,28.11961457054841
2025-03-06 21:15:00,27.95782981572532
2025-03-06 21:30:00,27.137908561444835
2025-03-06 21:45:00,28.404344492778435
2025-03-06 22:00:00,25.362129641265856
2025-03-06 22:15:00,29.687858232764015
2025-03-06 22:30:00,24.47169330187627
2025-03-06 22:45:00,24.066925370059213
2025-03-06 23:00:00,24.10337590010762
2025-03-06 23:15:00,21.157875206489823
2025-03-06 23:30:00,21.808194662811644
2025-03-06 23:45:00,23.044261816760464
2025-03-07 00:00:00,27.173409635876773
2025-03-07 00:15:00,24.25171457786458
2025-03-07 00:30:00,23.12361437575689
2025-03-07 00:45:00,27.402258074351792
2025-03-07 01:00:00,28.214563977389822
2025-03-07 01:15:00,27.47578714548285
2025-03-07 01:30:00,22.20534223346245
2025-03-07 01:45:00,23.100749288706037
2025-03-07 02:00:00,28.874179669175554
2025-03-07 02:15:00,24.944045018313684
2025-03-07 02:30:00,23.674357155249332
2025-03-07 02:45:00,26.143406419719426
2025-03-07 03:00:00,26.873785428813108
2025-03-07 03:15:00,22.942606591635588
2025-03-07 03:30:00,24.950071802845248
2025-03-07 03:45:00,26.774414802027128
2025-03-07 04:00:00,21.659238718095853
2025-03-07 04:15:00,24.76749272371701
2025-03-07 04:30:00,22.244451547843273
2025-03-07 04:45:00,23.03969606029999
2025-03-07 05:00:00,24.80527095814692
2025-03-07 05:15:00,28.448133980962393
2025-03-07 05:30:00,27.90280667561447
2025-03-07 05:45:00,29.017105307785076
2025-03-07 06:00:00,33.20820370474711
2025-03-07 06:15:00,33.14165941440858
2025-03-07 06:30:00,40.40445428277037
2025-03-07 06:45:00,45.70277767301611
2025-03-07 07:00:00,46.18858168572624
2025-03-07 07:15:00,49.06606597292707
2025-03-07 07:30:00,53.06050954472748
2025-03-07 07:45:00,48.71103388183953
2025-03-07 08:00:00,55.69810340787272
2025-03-07 08:15:00,61.53831107815012
2025-03-07 08:30:00,51.82299648293609
2025-03-07 08:45:00,49.27904375476512
2025-03-07 09:00:00,48.25116737422229
2025-03-07 09:15:00,46.994592408413084
2025-03-07 09:30:00,41.77821165667323
2025-03-07 09:45:00,30.62979972642407
2025-03-07 10:00:00,34.49899007727236
2025-03-07 10:15:00,37.08062020255407
2025-03-07 10:30:00,30.278170224072547
2025-03-07 10:45:00,24.384782288944077
2025-03-07 11:00:00,26.935667543595724
2025-03-07 11:15:00,22.317842653115527
2025-03-07 11:30:00,28.137543527015808
2025-03-07 11:45:00,22.37869740410355
2025-03-07 12:00:00,24.78838625684813
2025-03-07 12:15:00,22.37496709953834
2025-03-07 12:30:00,23.12792055104687
2025-03-07 12:45:00,28.23072649514319
2025-03-07 13:00:00,24.841861034692663
2025-03-07 13:15:00,23.309472530526875
2025-03-07 13:30:00,22.04428594330095
2025-03-07 13:45:00,20.532027450196757
2025-03-07 14:00:00,22.52843944136628
2025-03-07 14:15:00,26.568792477087996
2025-03-07 14:30:00,29.610068996273522
2025-03-07 14:45:00,26.921183775369588
2025-03-07 15:00:00,33.753118026637836
2025-03-07 15:15:00,29.91885114515039
2025-03-07 15:30:00,33.40361305495641
2025-03-07 15:45:00,33.97591478285674
2025-03-07 16:00:00,42.17124632660577
2025-03-07 16:15:00,48.212315509368224
2025-03-07 16:30:00,41.962585407354574
2025-03-07 16:45:00,48.85834118023004
2025-03-07 17:00:00,56.009755173274854
2025-03-07 17:15:00,51.92420115699871
2025-03-07 17:30:00,59.03720695033427
2025-03-07 17:45:00,61.98776951593724
2025-03-07 18:00:00,59.57941275819909
2025-03-07 18:15:00,60.31113574242198
2025-03-07 18:30:00,62.02553124751869
2025-03-07 18:45:00,60.41679849468926
2025-03-07 19:00:00,52.69844372128102
2025-03-07 19:15:00,48.39974697522238
2025-03-07 19:30:00,44.07551182375869
2025-03-07 19:45:00,45.420672675348
2025-03-07 20:00:00,36.27601541382438
2025-03-07 20:15:00,36.05592266880716
2025-03-07 20:30:00,34.26925642058881
2025-03-07 20:45:00,30.470372763919247
2025-03-07 21:00:00,30.542970172047198
2025-03-07 21:15:00,34.75138001324959
2025-03-07 21:30:00,26.874869650844005
2025-03-07 21:45:00,25.221041819000032
2025-03-07 22:00:00,28.21674702050829
2025-03-07 22:15:00,25.832743990502728
2025-03-07 22:30:00,28.528053557801666
2025-03-07 22:45:00,25.13952789923092
2025-03-07 23:00:00,23.97657256783358
2025-03-07 23:15:00,20.056840941507676
2025-03-07 23:30:00,20.41734942878822
2025-03-07 23:45:00,19.848356698649653
2025-03-08 00:00:00,16.34885727745262
2025-03-08 00:15:00,11.995580290131528
2025-03-08 00:30:00,18.540842258711404
2025-03-08 00:45:00,15.478210790522532
2025-03-08 01:00:00,14.79282458095477
2025-03-08 01:15:00,13.294357143301117
2025-03-08 01:30:00,16.96035916649594
2025-03-08 01:45:00,13.39422227008947
2025-03-08 02:00:00,12.942867104753185
2025-03-08 02:15:00,18.37824541482311
2025-03-08 02:30:00,16.2954620174672
2025-03-08 02:45:00,14.824159515478678
2025-03-08 03:00:00,17.01977876832084
2025-03-08 03:15:00,15.447469542632597
2025-03-08 03:30:00,16.399618035194774
2025-03-08 03:45:00,13.431376436779077
2025-03-08 04:00:00,20.70587332587349
2025-03-08 04:15:00,14.178309294015433
2025-03-08 04:30:00,19.67930069692923
2025-03-08 04:45:00,15.574922184647086
2025-03-08 05:00:00,18.45805525029572
2025-03-08 05:15:00,18.849456436325642
2025-03-08 05:30:00,20.680230073828934
2025-03-08 05:45:00,16.77351200936458
2025-03-08 06:00:00,22.90711398857101
2025-03-08 06:15:00,26.445799565077593
2025-03-08 06:30:00,23.01113902757853
2025-03-08 06:45:00,25.69297467117575
2025-03-08 07:00:00,26.229659994335
2025-03-08 07:15:00,28.42485167363553
2025-03-08 07:30:00,34.974632950633705
2025-03-08 07:45:00,29.096216496126548
2025-03-08 08:00:00,29.56743707860111
2025-03-08 08:15:00,35.6354442517626
2025-03-08 08:30:00,32.260225268434944
2025-03-08 08:45:00,34.59603547932669
2025-03-08 09:00:00,26.417737242533345
2025-03-08 09:15:00,25.92886019153487
2025-03-08 09:30:00,22.014519744402946
2025-03-08 09:45:00,22.197691244137147
2025-03-08 10:00:00,15.793930948608214
2025-03-08 10:15:00,20.600037640613575
2025-03-08 10:30:00,18.635849016128272
2025-03-08 10:45:00,16.88566039312806
2025-03-08 11:00:00,15.481842299701018
2025-03-08 11:15:00,13.829837693358552
2025-03-08 11:30:00,17.631102915340378
2025-03-08 11:45:00,12.726486470854464
2025-03-08 12:00:00,16.84316906417885
2025-03-08 12:15:00,20.704022271172487
2025-03-08 12:30:00,19.218053016652146
2025-03-08 12:45:00,11.753462026604247
2025-03-08 13:00:00,14.212076801677345
2025-03-08 13:15:00,16.67620466590763
2025-03-08 13:30:00,15.557117981278699
2025-03-08 13:45:00,12.401779939404367
2025-03-08 14:00:00,17.108844572405022
2025-03-08 14:15:00,16.46856433367094
2025-03-08 14:30:00,21.75855723968871
2025-03-08 14:45:00,16.97940236038583
2025-03-08 15:00:00,21.360378201547455
2025-03-08 15:15:00,16.310175013313575
2025-03-08 15:30:00,18.16550740135974
2025-03-08 15:45:00,24.011915903646972
2025-03-08 16:00:00,26.5781174653823
2025-03-08 16:15:00,23.276429576089917
2025-03-08 16:30:00,27.599641303149895
2025-03-08 16:45:00,25.931952587457534
2025-03-08 17:00:00,30.651396053797836
2025-03-08 17:15:00,34.67863279249714
2025-03-08 17:30:00,32.64265483905874
2025-03-08 17:45:00,33.83025236609423
2025-03-08 18:00:00,31.876026610175554
2025-03-08 18:15:00,32.8333321465471
2025-03-08 18:30:00,38.128106476738836
2025-03-08 18:45:00,32.77280520664919
2025-03-08 19:00:00,28.60423240133999
2025-03-08 19:15:00,28.60591589387645
2025-03-08 19:30:00,23.55421302856305
2025-03-08 19:45:00,23.1442354961104
2025-03-08 20:00:00,27.280752215214306
2025-03-08 20:15:00,21.864056243320682
2025-03-08 20:30:00,25.476246106892987
2025-03-08 20:45:00,19.254804485455416
2025-03-08 21:00:00,18.367087132470775
2025-03-08 21:15:00,19.232754269888062
2025-03-08 21:30:00,10.310685629213385
2025-03-08 21:45:00,17.026694798540973
2025-03-08 22:00:00,16.04506667001966
2025-03-08 22:15:00,19.63839474145497
2025-03-08 22:30:00,18.16806961654818
2025-03-08 22:45:00,12.811406549394924
2025-03-08 23:00:00,18.67969680194779
2025-03-08 23:15:00,14.874063893290115
2025-03-08 23:30:00,13.241822828541085
2025-03-08 23:45:00,15.980031051402284
2025-03-09 00:00:00,14.96026035619169
2025-03-09 00:15:00,19.314041658480697
2025-03-09 00:30:00,16.320128298750184
2025-03-09 00:45:00,15.983416064206875
2025-03-09 01:00:00,17.721583969456756
2025-03-09 01:15:00,18.202848260152958
2025-03-09 01:30:00,17.430399415172886
2025-03-09 01:45:00,19.020799884592098
2025-03-09 02:00:00,16.99469253082157
2025-03-09 02:15:00,15.893173658735705
2025-03-09 02:30:00,18.573513654358933
2025-03-09 02:45:00,15.250917119503226
2025-03-09 03:00:00,15.565986980957415
2025-03-09 03:15:00,19.79575653670735
2025-03-09 03:30:00,19.563569862562858
2025-03-09 03:45:00,15.519731059018621
2025-03-09 04:00:00,14.462672243942107
2025-03-09 04:15:00,19.351967347336455
2025-03-09 04:30:00,17.856980157951536
2025-03-09 04:45:00,16.9027218270109
2025-03-09 05:00:00,15.702305069292663
2025-03-09 05:15:00,17.909813519156003
2025-03-09 05:30:00,17.82550391984378
2025-03-09 05:45:00,17.280900211951668
2025-03-09 06:00:00,20.607305690451156
2025-03-09 06:15:00,22.559934435507227
2025-03-09 06:30:00,22.786058191991806
2025-03-09 06:45:00,27.932448108453457
2025-03-09 07:00:00,30.827031964922075
2025-03-09 07:15:00,31.78236092184603
2025-03-09 07:30:00,30.072129373876706
2025-03-09 07:45:00,33.563030955532206
2025-03-09 08:00:00,32.18431201048735
2025-03-09 08:15:00,28.585501347920992
2025-03-09 08:30:00,32.44735203356761
2025-03-09 08:45:00,29.727113342721967
2025-03-09 09:00:00,34.09437822588046
2025-03-09 09:15:00,29.323008890246562
2025-03-09 09:30:00,25.510761879777977
2025-03-09 09:45:00,22.52903895934757
2025-03-09 10:00:00,20.705152713073232
2025-03-09 10:15:00,16.4451021235025
2025-03-09 10:30:00,13.546370123006863
2025-03-09 10:45:00,14.914823660198156
2025-03-09 11:00:00,16.405134949383317
2025-03-09 11:15:00,10.869548849865556
2025-03-09 11:30:00,14.517690538185816
2025-03-09 11:45:00,15.10185323591113
2025-03-09 12:00:00,15.09153728395131
2025-03-09 12:15:00,13.930259172287697
2025-03-09 12:30:00,14.717139142697114
2025-03-09 12:45:00,19.892690837199748
2025-03-09 13:00:00,17.275959539871323
2025-03-09 13:15:00,14.288500255883125
2025-03-09 13:30:00,15.628627699018882
2025-03-09 13:45:00,15.896185279588964
2025-03-09 14:00:00,14.29234049298013
2025-03-09 14:15:00,14.637455410711269
2025-03-09 14:30:00,19.565728152605253
2025-03-09 14:45:00,16.62968755674662
2025-03-09 15:00:00,15.770303154263017
2025-03-09 15:15:00,19.43671954457412
2025-03-09 15:30:00,21.097229412533036
2025-03-09 15:45:00,17.34267482724788
2025-03-09 16:00:00,23.833599002930093
2025-03-09 16:15:00,27.906535610755764
2025-03-09 16:30:00,28.734195634353917
2025-03-09 16:45:00,35.02706269287687
2025-03-09 17:00:00,34.2988937089512
2025-03-09 17:15:00,36.27533527392317
2025-03-09 17:30:00,40.79694031029414
2025-03-09 17:45:00,36.41490416899945
2025-03-09 18:00:00,35.17486500935666
2025-03-09 18:15:00,36.95525329779696
2025-03-09 18:30:00,32.401412486324716
2025-03-09 18:45:00,32.92638315970299
2025-03-09 19:00:00,29.557357093879915
2025-03-09 19:15:00,30.454481546187846
2025-03-09 19:30:00,25.98468374503912
2025-03-09 19:45:00,24.028987860415853
2025-03-09 20:00:00,24.980260483971147
2025-03-09 20:15:00,21.942658085944988
2025-03-09 20:30:00,15.997292210957314
2025-03-09 20:45:00,15.92095616202455
2025-03-09 21:00:00,15.655542027905073
2025-03-09 21:15:00,15.489763491857033
2025-03-09 21:30:00,18.094887292067696
2025-03-09 21:45:00,17.128367990695338
2025-03-09 22:00:00,18.89740570302925
2025-03-09 22:15:00,17.871976448630747
2025-03-09 22:30:00,18.502802905204994
2025-03-09 22:45:00,17.233300625518947
2025-03-09 23:00:00,16.16522291171678
2025-03-09 23:15:00,18.344903946570955
2025-03-09 23:30:00,17.86816225724066
2025-03-09 23:45:00,16.49418572671847
2025-03-10 00:00:00,27.711537841729445
2025-03-10 00:15:00,18.670082270838755
2025-03-10 00:30:00,23.80909006527267
2025-03-10 00:45:00,23.77146819703362
2025-03-10 01:00:00,27.418351489690735
2025-03-10 01:15:00,28.465841636418016
2025-03-10 01:30:00,20.91264195185233
2025-03-10 01:45:00,28.066811925391008
2025-03-10 02:00:00,21.611249679150728
2025-03-10 02:15:00,21.68818082523922
2025-03-10 02:30:00,23.957733712498754
2025-03-10 02:45:00,23.752043486888514
2025-03-10 03:00:00,20.659517711953278
2025-03-10 03:15:00,26.195948603515312
2025-03-10 03:30:00,26.30000111893957
2025-03-10 03:45:00,27.293141770221304
2025-03-10 04:00:00,23.676341409378466
2025-03-10 04:15:00,24.837695443548178
2025-03-10 04:30:00,25.154380919041095
2025-03-10 04:45:00,29.918659057115818
2025-03-10 05:00:00,19.327432346092273
2025-03-10 05:15:00,25.062997414618604
2025-03-10 05:30:00,28.921738505016943
2025-03-10 05:45:00,28.124248183744974
2025-03-10 06:00:00,32.633539554084564
2025-03-10 06:15:00,35.89390054497752
2025-03-10 06:30:00,37.888254117032055
2025-03-10 06:45:00,43.23550623420465
2025-03-10 07:00:00,48.15698813341845
2025-03-10 07:15:00,49.18204549442774
2025-03-10 07:30:00,51.19394497759437
2025-03-10 07:45:00,53.567818288111354
2025-03-10 08:00:00,54.537492050591716
2025-03-10 08:15:00,49.63282080627955
2025-03-10 08:30:00,53.483594981453734
2025-03-10 08:45:00,48.649376416266605
2025-03-10 09:00:00,49.746010711828355
2025-03-10 09:15:00,44.558917577852
2025-03-10 09:30:00,42.46598120696467
2025-03-10 09:45:00,33.69133058942332
2025-03-10 10:00:00,32.362049530974566
2025-03-10 10:15:00,27.744671771634003
2025-03-10 10:30:00,27.159112735678214
2025-03-10 10:45:00,30.601573784222573
2025-03-10 11:00:00,30.149843078183068
2025-03-10 11:15:00,22.849250695284688
2025-03-10 11:30:00,24.10986328387809
2025-03-10 11:45:00,24.777937844941132
2025-03-10 12:00:00,26.26681442547017
2025-03-10 12:15:00,20.319914596504372
2025-03-10 12:30:00,20.686563641923392
2025-03-10 12:45:00,25.939438391000603
2025-03-10 13:00:00,19.91064485099125
2025-03-10 13:15:00,23.790508350321645
2025-03-10 13:30:00,25.512608542742502
2025-03-10 13:45:00,26.450469241855785
2025-03-10 14:00:00,25.50236893714106
2025-03-10 14:15:00,25.574525726685867
2025-03-10 14:30:00,29.470934874585705
2025-03-10 14:45:00,29.235100473167126
2025-03-10 15:00:00,28.409240620789287
2025-03-10 15:15:00,32.0069325932542
2025-03-10 15:30:00,35.15658806962423
2025-03-10 15:45:00,41.170472838155966
2025-03-10 16:00:00,41.86017431174272
2025-03-10 16:15:00,46.2049542649693
2025-03-10 16:30:00,45.04063246977364
2025-03-10 16:45:00,48.61331223700692
2025-03-10 17:00:00,52.45937872444493
2025-03-10 17:15:00,55.382656494794944
2025-03-10 17:30:00,55.300457939226966
2025-03-10 17:45:00,62.298946232637995
2025-03-10 18:00:00,61.79224296753163
2025-03-10 18:15:00,58.37130656264553
2025-03-10 18:30:00,59.427575055561945
2025-03-10 18:45:00,56.303003167773625
2025-03-10 19:00:00,54.85295485702331
2025-03-10 19:15:00,46.56994694048402
2025-03-10 19:30:00,46.21133256927699
2025-03-10 19:45:00,43.033189130339366
2025-03-10 20:00:00,41.464582708158574
2025-03-10 20:15:00,35.31628691165748
2025-03-10 20:30:00,27.96272833382429
2025-03-10 20:45:00,29.223652902336475
2025-03-10 21:00:00,29.890822696049764
2025-03-10 21:15:00,28.699830432103663
2025-03-10 21:30:00,31.588259584100463
2025-03-10 21:45:00,27.966445140041394
2025-03-10 22:00:00,26.082266308460024
2025-03-10 22:15:00,25.352829839012973
2025-03-10 22:30:00,27.890195736025095
2025-03-10 22:45:00,23.45255587011567
2025-03-10 23:00:00,24.44694426923731
2025-03-10 23:15:00,21.99303101222595
2025-03-10 23:30:00,28.213974435883472
2025-03-10 23:45:00,25.618873918049086
2025-03-11 00:00:00,22.83172430817844
2025-03-11 00:15:00,24.31508973491069
2025-03-11 00:30:00,25.87604929224871
2025-03-11 00:45:00,23.97582146296647
2025-03-11 01:00:00,23.267142125314525
2025-03-11 01:15:00,22.968344312689478
2025-03-11 01:30:00,25.452169509089988
2025-03-11 01:45:00,23.710432675600316
2025-03-11 02:00:00,23.472142690918748
2025-03-11 02:15:00,21.267738935111975
2025-03-11 02:30:00,24.804223793244304
2025-03-11 02:45:00,24.16117545384942
2025-03-11 03:00:00,23.81811442324977
2025-03-11 03:15:00,25.1348547471149
2025-03-11 03:30:00,26.538175097572022
2025-03-11 03:45:00,26.47862584327251
2025-03-11 04:00:00,26.208475369681747
2025-03-11 04:15:00,24.40165091799921
2025-03-11 04:30:00,23.879627375053815
2025-03-11 04:45:00,23.155555733747782
2025-03-11 05:00:00,24.99682741793933
2025-03-11 05:15:00,27.571157908542
2025-03-11 05:30:00,27.008845477515457
2025-03-11 05:45:00,31.14499100243655
2025-03-11 06:00:00,30.932373136091908
2025-03-11 06:15:00,32.12328404699396
2025-03-11 06:30:00,41.647659074784436
2025-03-11 06:45:00,41.95497181414257
2025-03-11 07:00:00,44.5607051895734
2025-03-11 07:15:00,47.104768137370854
2025-03-11 07:30:00,53.45119613295142
2025-03-11 07:45:00,57.48617424202517
2025-03-11 08:00:00,53.61507264829955
2025-03-11 08:15:00,53.51138566656836
2025-03-11 08:30:00,55.07546416988243
2025-03-11 08:45:00,45.31743961259702
2025-03-11 09:00:00,51.57601901569161
2025-03-11 09:15:00,49.25820902817096
2025-03-11 09:30:00,32.84164575647454
2025-03-11 09:45:00,36.04175638502792
2025-03-11 10:00:00,31.559822937878437
2025-03-11 10:15:00,30.255562946624902
2025-03-11 10:30:00,27.94280246757093
2025-03-11 10:45:00,29.567382352758703
2025-03-11 11:00:00,26.216366249566065
2025-03-11 11:15:00,23.50899028040516
2025-03-11 11:30:00,24.891768935042705
2025-03-11 11:45:00,26.322062001016246
2025-03-11 12:00:00,21.910171385141727
2025-03-11 12:15:00,20.670530416529864
2025-03-11 12:30:00,29.742595231442003
2025-03-11 12:45:00,23.175980715657722
2025-03-11 13:00:00,24.50653318959647
2025-03-11 13:15:00,23.979687734714098
2025-03-11 13:30:00,26.54427266515997
2025-03-11 13:45:00,29.909953508359816
2025-03-11 14:00:00,27.373173163933064
2025-03-11 14:15:00,22.75967903906393
2025-03-11 14:30:00,23.965873541382397
2025-03-11 14:45:00,27.591348102544657
2025-03-11 15:00:00,29.422873560443985
2025-03-11 15:15:00,27.674421561291314
2025-03-11 15:30:00,36.31369219702906
2025-03-11 15:45:00,34.22575272343303
2025-03-11 16:00:00,43.694293429937375
2025-03-11 16:15:00,47.78681800170796
2025-03-11 16:30:00,46.01319151255149
2025-03-11 16:45:00,51.08787548729911
2025-03-11 17:00:00,50.03463503487612
2025-03-11 17:15:00,57.36745331119736
2025-03-11 17:30:00,56.64171365875748
2025-03-11 17:45:00,56.48269824588428
2025-03-11 18:00:00,58.9272007861114
2025-03-11 18:15:00,58.0378055784951
2025-03-11 18:30:00,57.07707430912714
2025-03-11 18:45:00,58.18662940091415
2025-03-11 19:00:00,51.15679030671476
2025-03-11 19:15:00,54.334946632341996
2025-03-11 19:30:00,43.329510553816405
2025-03-11 19:45:00,47.28353551665956
2025-03-11 20:00:00,37.43087528797193
2025-03-11 20:15:00,36.95152221688049
2025-03-11 20:30:00,33.05373924394445
2025-03-11 20:45:00,31.135254901308354
2025-03-11 21:00:00,32.11351013482511
2025-03-11 21:15:00,32.35636124502658
2025-03-11 21:30:00,30.421875423536324
2025-03-11 21:45:00,25.564112591150742
2025-03-11 22:00:00,26.4057530500019
2025-03-11 22:15:00,23.545287730404876
2025-03-11 22:30:00,22.717535882773344
2025-03-11 22:45:00,22.12875411979681
2025-03-11 23:00:00,23.7703948547377
2025-03-11 23:15:00,25.406864773718276
2025-03-11 23:30:00,19.953845798375664
2025-03-11 23:45:00,24.588416702702354
2025-03-12 00:00:00,28.457269743171327
2025-03-12 00:15:00,27.472679317000985
2025-03-12 00:30:00,23.20563657652556
2025-03-12 00:45:00,21.177110855174412
2025-03-12 01:00:00,25.819568829367306
2025-03-12 01:15:00,18.87713228574077
2025-03-12 01:30:00,27.446824434303107
2025-03-12 01:45:00,24.138274112528144
2025-03-12 02:00:00,29.25146221287833
2025-03-12 02:15:00,20.35715399241854
2025-03-12 02:30:00,26.97216229855518
2025-03-12 02:45:00,24.429636342402908
2025-03-12 03:00:00,23.861283349783694
2025-03-12 03:15:00,21.279993773971956
2025-03-12 03:30:00,26.224213591120783
2025-03-12 03:45:00,26.4817300089727
2025-03-12 04:00:00,29.35614800595628
2025-03-12 04:15:00,27.59012665534921
2025-03-12 04:30:00,23.879059276126792
2025-03-12 04:45:00,23.3223627616193
2025-03-12 05:00:00,23.125164486087783
2025-03-12 05:15:00,31.27176791840846
2025-03-12 05:30:00,27.095799454561213
2025-03-12 05:45:00,34.67209721068043
2025-03-12 06:00:00,34.72536931663595
2025-03-12 06:15:00,37.167195357105626
2025-03-12 06:30:00,38.898647374830915
2025-03-12 06:45:00,44.859364968672025
2025-03-12 07:00:00,46.68128679915034
2025-03-12 07:15:00,48.983027145551645
2025-03-12 07:30:00,54.20029254635513
2025-03-12 07:45:00,53.75564907391164
2025-03-12 08:00:00,52.69359473757706
2025-03-12 08:15:00,55.61653542548566
2025-03-12 08:30:00,52.30309481469755
2025-03-12 08:45:00,51.13250328649653
2025-03-12 09:00:00,45.590872146133684
2025-03-12 09:15:00,40.19182939426185
2025-03-12 09:30:00,44.011848869919646
2025-03-12 09:45:00,40.218717367837954
2025-03-12 10:00:00,35.63332730431647
2025-03-12 10:15:00,30.01464004406027
2025-03-12 10:30:00,28.304644592317274
2025-03-12 10:45:00,31.06047760491068
2025-03-12 11:00:00,25.679890306676725
2025-03-12 11:15:00,24.271542608646023
2025-03-12 11:30:00,30.06949291098086
2025-03-12 11:45:00,24.982581588184754
2025-03-12 12:00:00,29.35721240944876
2025-03-12 12:15:00,21.356809245839028
2025-03-12 12:30:00,26.12287481992417
2025-03-12 12:45:00,30.026428296579564
2025-03-12 13:00:00,24.990966902151644
2025-03-12 13:15:00,24.380839402217756
2025-03-12 13:30:00,22.321347994567777
2025-03-12 13:45:00,28.250510720329537
2025-03-12 14:00:00,24.06469273661735
2025-03-12 14:15:00,26.38524489304815
2025-03-12 14:30:00,24.406600793031405
2025-03-12 14:45:00,32.547670924714744
2025-03-12 15:00:00,33.04734421970057
2025-03-12 15:15:00,31.9670122457342
2025-03-12 15:30:00,31.44664194123485
2025-03-12 15:45:00,40.84799612485252
2025-03-12 16:00:00,39.112884590614335
2025-03-12 16:15:00,40.538898790259076
2025-03-12 16:30:00,42.295204696559786
2025-03-12 16:45:00,48.44220544012842
2025-03-12 17:00:00,49.54458216737098
2025-03-12 17:15:00,54.31788478730172
2025-03-12 17:30:00,59.814890935196914
2025-03-12 17:45:00,58.32896052352629
2025-03-12 18:00:00,60.606446095637345
2025-03-12 18:15:00,57.460513334287135
2025-03-12 18:30:00,58.11956986615632
2025-03-12 18:45:00,60.68135608269752
2025-03-12 19:00:00,52.31551847684606
2025-03-12 19:15:00,51.02513711056567
2025-03-12 19:30:00,42.795015950817906
2025-03-12 19:45:00,47.111899523364464
2025-03-12 20:00:00,38.84580965398571
2025-03-12 20:15:00,39.647063806597494
2025-03-12 20:30:00,34.03795317185145
2025-03-12 20:45:00,33.590199376314224
2025-03-12 21:00:00,31.85432249557296
2025-03-12 21:15:00,27.542367786781973
2025-03-12 21:30:00,30.24200413416106
2025-03-12 21:45:00,24.74546564563183
2025-03-12 22:00:00,27.956624927668585
2025-03-12 22:15:00,24.59164356276867
2025-03-12 22:30:00,26.13698091939944
2025-03-12 22:45:00,23.906198261842043
2025-03-12 23:00:00,25.055942442573723
2025-03-12 23:15:00,22.162790825560716
2025-03-12 23:30:00,25.418950543085625
2025-03-12 23:45:00,24.88144493016244
2025-03-13 00:00:00,23.38349743022555
2025-03-13 00:15:00,24.59700611194915
2025-03-13 00:30:00,25.070282341871213
2025-03-13 00:45:00,23.195074878827807
2025-03-13 01:00:00,24.41477100749028
2025-03-13 01:15:00,22.223497442631434
2025-03-13 01:30:00,30.602446125608147
2025-03-13 01:45:00,27.38671379136592
2025-03-13 02:00:00,25.42262105912292
2025-03-13 02:15:00,27.67152440866065
2025-03-13 02:30:00,19.795339927435364
2025-03-13 02:45:00,18.353383473462603
2025-03-13 03:00:00,23.757356407698346
2025-03-13 03:15:00,21.32486646160626
2025-03-13 03:30:00,24.210004396829884
2025-03-13 03:45:00,25.372202532127012
2025-03-13 04:00:00,27.261039130502297
2025-03-13 04:15:00,22.291015421118907
2025-03-13 04:30:00,26.429548697525526
2025-03-13 04:45:00,25.93466783715288
2025-03-13 05:00:00,27.481840728335676
2025-03-13 05:15:00,26.355951561035006
2025-03-13 05:30:00,32.565747398520394
2025-03-13 05:45:00,30.779425300787057
2025-03-13 06:00:00,37.91481915684942
2025-03-13 06:15:00,34.433140902524386
2025-03-13 06:30:00,41.58956088972975
2025-03-13 06:45:00,43.12518586837429
2025-03-13 07:00:00,45.96728204818465
2025-03-13 07:15:00,51.553523109001745
2025-03-13 07:30:00,51.77902126536987
2025-03-13 07:45:00,47.52734038768036
2025-03-13 08:00:00,47.09893576009756
2025-03-13 08:15:00,57.364698271153365
2025-03-13 08:30:00,55.60537948207742
2025-03-13 08:45:00,54.6952550063511
2025-03-13 09:00:00,46.74837555492292
2025-03-13 09:15:00,40.04972003457873
2025-03-13 09:30:00,38.691878740615664
2025-03-13 09:45:00,36.44742451294152
2025-03-13 10:00:00,30.972943724058002
2025-03-13 10:15:00,35.172277948539836
2025-03-13 10:30:00,34.720871107938514
2025-03-13 10:45:00,28.867035125604176
2025-03-13 11:00:00,26.60398041745898
2025-03-13 11:15:00,22.6821896369374
2025-03-13 11:30:00,29.32166534588907
2025-03-13 11:45:00,25.359217202951264
2025-03-13 12:00:00,24.27991247574683
2025-03-13 12:15:00,26.12239862785959
2025-03-13 12:30:00,23.42980817409917
2025-03-13 12:45:00,25.28258411495179
2025-03-13 13:00:00,21.377097296999555
2025-03-13 13:15:00,27.825242989627547
2025-03-13 13:30:00,25.04637456933386
2025-03-13 13:45:00,28.508329619435663
2025-03-13 14:00:00,25.553846882224235
2025-03-13 14:15:00,26.34844140317239
2025-03-13 14:30:00,24.52873730539225
2025-03-13 14:45:00,30.621501240625733
2025-03-13 15:00:00,28.03720544143785
2025-03-13 15:15:00,30.896592569378175
2025-03-13 15:30:00,34.40130662901773
2025-03-13 15:45:00,37.37796334457854
2025-03-13 16:00:00,35.829145941297014
2025-03-13 16:15:00,42.79157061219204
2025-03-13 16:30:00,48.75524965795964
2025-03-13 16:45:00,49.17794756716231
2025-03-13 17:00:00,52.68602247177175
2025-03-13 17:15:00,56.34762638932482
2025-03-13 17:30:00,57.70564240319434
2025-03-13 17:45:00,56.75784656110458
2025-03-13 18:00:00,59.69302171479502
2025-03-13 18:15:00,61.82070729174168
2025-03-13 18:30:00,55.39538171568723
2025-03-13 18:45:00,55.009573687377134
2025-03-13 19:00:00,49.79932974568482
2025-03-13 19:15:00,52.4841927763516
2025-03-13 19:30:00,46.54461288600352
2025-03-13 19:45:00,41.25280951691685
2025-03-13 20:00:00,40.33616461031503
2025-03-13 20:15:00,34.07840352820182
2025-03-13 20:30:00,31.828839466206908
2025-03-13 20:45:00,28.477591522741964
2025-03-13 21:00:00,27.576517717261172
2025-03-13 21:15:00,32.133486979172496
2025-03-13 21:30:00,25.74611660015916
2025-03-13 21:45:00,27.875164995852487
2025-03-13 22:00:00,23.98771021131914
2025-03-13 22:15:00,27.532665546202256
2025-03-13 22:30:00,22.76455542910022
2025-03-13 22:45:00,25.2259249707413
2025-03-13 23:00:00,25.12980516408882
2025-03-13 23:15:00,30.735712804465827
2025-03-13 23:30:00,26.44279568492327
2025-03-13 23:45:00,23.35538969054951
2025-03-14 00:00:00,26.51317810814223
2025-03-14 00:15:00,30.146686587747123
2025-03-14 00:30:00,20.727855308849918
2025-03-14 00:45:00,22.696436789177984
2025-03-14 01:00:00,24.211097932640435
2025-03-14 01:15:00,23.76133111062307
2025-03-14 01:30:00,23.972896165990154
2025-03-14 01:45:00,21.545010860471564
2025-03-14 02:00:00,28.31645031252829
2025-03-14 02:15:00,21.251394977386582
2025-03-14 02:30:00,24.309613478697777
2025-03-14 02:45:00,27.428833681058574
2025-03-14 03:00:00,24.746796302817692
2025-03-14 03:15:00,22.389465786963825
2025-03-14 03:30:00,21.496503450625024
2025-03-14 03:45:00,24.349737324179525
2025-03-14 04:00:00,23.13410335363382
2025-03-14 04:15:00,25.716427494673603
2025-03-14 04:30:00,21.99351849642411
2025-03-14 04:45:00,27.99795733010057
2025-03-14 05:00:00,26.96861564502334
2025-03-14 05:15:00,28.196646807409408
2025-03-14 05:30:00,32.77727587807435
2025-03-14 05:45:00,30.010382559540922
2025-03-14 06:00:00,31.731496244866154
2025-03-14 06:15:00,35.10637784947197
2025-03-14 06:30:00,39.31785049964194
2025-03-14 06:45:00,43.113619216406505
2025-03-14 07:00:00,44.776568131956346
2025-03-14 07:15:00,44.981696008859444
2025-03-14 07:30:00,51.19130684475546
2025-03-14 07:45:00,55.14849227990012
2025-03-14 08:00:00,55.16342621727628
2025-03-14 08:15:00,57.24920342861703
2025-03-14 08:30:00,57.48512408089687
2025-03-14 08:45:00,51.941911452966615
2025-03-14 09:00:00,50.31517216525815
2025-03-14 09:15:00,45.26491715384047
2025-03-14 09:30:00,44.082260870670844
2025-03-14 09:45:00,41.11267169387561
2025-03-14 10:00:00,35.93512659532731
2025-03-14 10:15:00,32.883465890775845
2025-03-14 10:30:00,28.67570786259496
2025-03-14 10:45:00,27.634664554978173
2025-03-14 11:00:00,25.85322083943803
2025-03-14 11:15:00,27.53941049397033
2025-03-14 11:30:00,23.721384895709786
2025-03-14 11:45:00,24.757359034988088
2025-03-14 12:00:00,19.18157314243682
2025-03-14 12:15:00,29.29386252671373
2025-03-14 12:30:00,24.40957492371555
2025-03-14 12:45:00,26.121021659097895
2025-03-14 13:00:00,28.69440554450142
2025-03-14 13:15:00,25.924932993708623
2025-03-14 13:30:00,28.984935811015834
2025-03-14 13:45:00,22.57365732108143
2025-03-14 14:00:00,32.11680318443175
2025-03-14 14:15:00,29.473390554963466
2025-03-14 14:30:00,28.149211490947962
2025-03-14 14:45:00,32.351481523253206
2025-03-14 15:00:00,27.371892495131362
2025-03-14 15:15:00,31.457785689061723
2025-03-14 15:30:00,38.07598903842655
2025-03-14 15:45:00,32.47392681672696
2025-03-14 16:00:00,41.562207112847645
2025-03-14 16:15:00,44.765700059134176
2025-03-14 16:30:00,51.756913037014975
2025-03-14 16:45:00,46.23307848777569
2025-03-14 17:00:00,57.33860388349335
2025-03-14 17:15:00,54.609608787954954
2025-03-14 17:30:00,56.96969421839142
2025-03-14 17:45:00,56.345798733283324
2025-03-14 18:00:00,57.130931313904185
2025-03-14 18:15:00,60.411004618970956
2025-03-14 18:30:00,55.30916618051078
2025-03-14 18:45:00,57.86316362883318
2025-03-14 19:00:00,51.662667321707346
2025-03-14 19:15:00,47.16482776911334
2025-03-14 19:30:00,45.52265992080769
2025-03-14 19:45:00,44.28675096393148
2025-03-14 20:00:00,39.47879183873875
2025-03-14 20:15:00,37.23960374488167
2025-03-14 20:30:00,36.21977133305735
2025-03-14 20:45:00,34.90065336002301
2025-03-14 21:00:00,29.53490192329031
2025-03-14 21:15:00,26.196262363841797
2025-03-14 21:30:00,27.83582300928115
2025-03-14 21:45:00,27.952900538093186
2025-03-14 22:00:00,22.493324879888277
2025-03-14 22:15:00,23.47398482288446
2025-03-14 22:30:00,23.59846757513037
2025-03-14 22:45:00,24.674974063145182
2025-03-14 23:00:00,23.161766513958696
2025-03-14 23:15:00,26.750475659750812
2025-03-14 23:30:00,20.920573844936026
2025-03-14 23:45:00,20.955027366995846
2025-03-15 00:00:00,15.032508018227864
2025-03-15 00:15:00,15.428792664715033
2025-03-15 00:30:00,12.232009847032185
2025-03-15 00:45:00,14.352442957028233
2025-03-15 01:00:00,14.867403020425716
2025-03-15 01:15:00,14.887470649021099
2025-03-15 01:30:00,16.25113668930815
2025-03-15 01:45:00,14.218240293151093
2025-03-15 02:00:00,19.56762355021307
2025-03-15 02:15:00,17.094602897908164
2025-03-15 02:30:00,13.85784599919084
2025-03-15 02:45:00,16.11448250478279
2025-03-15 03:00:00,16.192955288265058
2025-03-15 03:15:00,18.9286642313648
2025-03-15 03:30:00,14.407849772039183
2025-03-15 03:45:00,17.858563622283647
2025-03-15 04:00:00,16.101233678317627
2025-03-15 04:15:00,19.82299618959241
2025-03-15 04:30:00,19.483209196417306
2025-03-15 04:45:00,17.00626325465428
2025-03-15 05:00:00,16.25132659388266
2025-03-15 05:15:00,18.74713314822344
2025-03-15 05:30:00,17.828696303400402
2025-03-15 05:45:00,23.542559727485276
2025-03-15 06:00:00,20.880921366080884
2025-03-15 06:15:00,21.282314041781397
2025-03-15 06:30:00,22.975554445762857
2025-03-15 06:45:00,23.040341225588175
2025-03-15 07:00:00,29.396395106033193
2025-03-15 07:15:00,27.70763498276402
2025-03-15 07:30:00,33.90816726903635
2025-03-15 07:45:00,28.841185861712628
2025-03-15 08:00:00,32.707558440925666
2025-03-15 08:15:00,34.95047199223479
2025-03-15 08:30:00,25.78495722741944
2025-03-15 08:45:00,34.80749440146535
2025-03-15 09:00:00,26.9473415293672
2025-03-15 09:15:00,26.432616489110792
2025-03-15 09:30:00,25.561555852887814
2025-03-15 09:45:00,24.12148164807129
2025-03-15 10:00:00,21.380603222732677
2025-03-15 10:15:00,21.847833393506473
2025-03-15 10:30:00,19.591561274966455
2025-03-15 10:45:00,21.898470584638112
2025-03-15 11:00:00,18.230292653601172
2025-03-15 11:15:00,21.445032146751018
2025-03-15 11:30:00,18.531238421117113
2025-03-15 11:45:00,11.60655680595682
2025-03-15 12:00:00,22.557906665289842
2025-03-15 12:15:00,14.548754198220298
2025-03-15 12:30:00,19.709830018310235
2025-03-15 12:45:00,16.049986176343975
2025-03-15 13:00:00,18.67336828180655
2025-03-15 13:15:00,14.368101222619298
2025-03-15 13:30:00,17.763904829303044
2025-03-15 13:45:00,15.734038556888903
2025-03-15 14:00:00,20.559783157960513
2025-03-15 14:15:00,18.05699767526871
2025-03-15 14:30:00,19.77932100669767
2025-03-15 14:45:00,12.66900262351127
2025-03-15 15:00:00,18.693158724023913
2025-03-15 15:15:00,20.97099579404875
2025-03-15 15:30:00,21.761288597464777
2025-03-15 15:45:00,25.077374723682375
2025-03-15 16:00:00,23.420750586284722
2025-03-15 16:15:00,26.258599839126973
2025-03-15 16:30:00,30.959235383242095
2025-03-15 16:45:00,24.155898697931335
2025-03-15 17:00:00,33.04454255892188
2025-03-15 17:15:00,32.21833444871744
2025-03-15 17:30:00,31.915976460779547
2025-03-15 17:45:00,35.76092037690819
2025-03-15 18:00:00,38.23586403320182
2025-03-15 18:15:00,37.518808444584366
2025-03-15 18:30:00,33.86176729420092
2025-03-15 18:45:00,35.24656607202323
2025-03-15 19:00:00,33.74689224934559
2025-03-15 19:15:00,29.64113827770301
2025-03-15 19:30:00,26.281801386773434
2025-03-15 19:45:00,24.558270333919605
2025-03-15 20:00:00,26.441256925033013
2025-03-15 20:15:00,22.581615955269967
2025-03-15 20:30:00,18.600685802578
2025-03-15 20:45:00,15.747737678187242
2025-03-15 21:00:00,21.003333188454963
2025-03-15 21:15:00,16.730293503136693
2025-03-15 21:30:00,18.28484465916634
2025-03-15 21:45:00,20.08033444234434
2025-03-15 22:00:00,13.361942383302825
2025-03-15 22:15:00,16.27717474164949
2025-03-15 22:30:00,15.796356450856461
2025-03-15 22:45:00,17.061713637596323
2025-03-15 23:00:00,19.138970936694424
2025-03-15 23:15:00,12.672941355851082
2025-03-15 23:30:00,17.394171451310115
2025-03-15 23:45:00,18.53280304697303
2025-03-16 00:00:00,15.467961770723777
2025-03-16 00:15:00,15.590981576441079
2025-03-16 00:30:00,16.981417335248963
2025-03-16 00:45:00,16.79803214198083
2025-03-16 01:00:00,17.392568466000462
2025-03-16 01:15:00,17.340591216188717
2025-03-16 01:30:00,13.483176600655009
2025-03-16 01:45:00,18.41452813208157
2025-03-16 02:00:00,18.856665089277193
2025-03-16 02:15:00,16.405972916409194
2025-03-16 02:30:00,12.20691591802919
2025-03-16 02:45:00,15.658013889972846
2025-03-16 03:00:00,16.43560606771168
2025-03-16 03:15:00,13.09703433426252
2025-03-16 03:30:00,15.075135068996742
2025-03-16 03:45:00,12.483467792695073
2025-03-16 04:00:00,17.581502434936755
2025-03-16 04:15:00,16.575642569334835
2025-03-16 04:30:00,12.208197036392388
2025-03-16 04:45:00,17.459151530736943
2025-03-16 05:00:00,16.832435161556294
2025-03-16 05:15:00,18.83832846452003
2025-03-16 05:30:00,17.367664670438963
2025-03-16 05:45:00,17.404767844291097
2025-03-16 06:00:00,18.82430898810305
2025-03-16 06:15:00,21.017669465301694
2025-03-16 06:30:00,24.2383292860095
2025-03-16 06:45:00,26.509500735756138
2025-03-16 07:00:00,27.594871974888843
2025-03-16 07:15:00,28.766038500480697
2025-03-16 07:30:00,30.35096285216249
2025-03-16 07:45:00,38.40950984409311
2025-03-16 08:00:00,30.529316323356227
2025-03-16 08:15:00,30.746656958234887
2025-03-16 08:30:00,39.466884543508115
2025-03-16 08:45:00,30.881038181745478
2025-03-16 09:00:00,24.62727724121245
2025-03-16 09:15:00,28.253270427257817
2025-03-16 09:30:00,21.924509949703296
2025-03-16 09:45:00,24.645487160904363
2025-03-16 10:00:00,20.23516206226598
2025-03-16 10:15:00,18.32155669412625
2025-03-16 10:30:00,22.383471298340098
2025-03-16 10:45:00,18.978945499814678
2025-03-16 11:00:00,19.42362177369691
2025-03-16 11:15:00,17.68741692945238
2025-03-16 11:30:00,15.23410439464944
2025-03-16 11:45:00,17.715992554632212
2025-03-16 12:00:00,19.119862834640603
2025-03-16 12:15:00,16.38813396181644
2025-03-16 12:30:00,20.54175087478138
2025-03-16 12:45:00,18.17589496015936
2025-03-16 13:00:00,16.617273395838343
2025-03-16 13:15:00,16.784689210937543
2025-03-16 13:30:00,16.60931067760735
2025-03-16 13:45:00,13.305592339996652
2025-03-16 14:00:00,16.453769273073494
2025-03-16 14:15:00,17.57996785368832
2025-03-16 14:30:00,16.465925983886645
2025-03-16 14:45:00,18.990061732564897
2025-03-16 15:00:00,19.027033532992473
2025-03-16 15:15:00,21.945520817759146
2025-03-16 15:30:00,22.926706667639053
2025-03-16 15:45:00,23.15903929195907
2025-03-16 16:00:00,20.98415335448258
2025-03-16 16:15:00,30.68011330685254
2025-03-16 16:30:00,27.718115359385973
2025-03-16 16:45:00,29.71707945591611
2025-03-16 17:00:00,30.781538566686777
2025-03-16 17:15:00,31.898691757146693
2025-03-16 17:30:00,38.12359127577413
2025-03-16 17:45:00,38.45134500079265
2025-03-16 18:00:00,36.34489368373358
2025-03-16 18:15:00,34.71887286340632
2025-03-16 18:30:00,35.81401921761109
2025-03-16 18:45:00,33.308380500653506
2025-03-16 19:00:00,31.16783959103245
2025-03-16 19:15:00,30.771505641310966
2025-03-16 19:30:00,26.97828278298956
2025-03-16 19:45:00,26.843690455343225
2025-03-16 20:00:00,24.923850250525973
2025-03-16 20:15:00,24.260997426305718
2025-03-16 20:30:00,19.734973341824656
2025-03-16 20:45:00,21.801910032760624
2025-03-16 21:00:00,16.724650209446967
2025-03-16 21:15:00,16.73249731335337
2025-03-16 21:30:00,16.20323700577124
2025-03-16 21:45:00,14.367612127346552
2025-03-16 22:00:00,19.240083667509907
2025-03-16 22:15:00,14.034061386066323
2025-03-16 22:30:00,14.542475356496169
2025-03-16 22:45:00,19.317550108352243
2025-03-16 23:00:00,14.681288569618426
2025-03-16 23:15:00,15.592888563271075
2025-03-16 23:30:00,13.50627846086357
2025-03-16 23:45:00,18.103046012154703
2025-03-17 00:00:00,27.11741946032125
2025-03-17 00:15:00,26.84863832267036
2025-03-17 00:30:00,26.345793256373153
2025-03-17 00:45:00,25.186637823976138
2025-03-17 01:00:00,23.692423313906346
2025-03-17 01:15:00,22.96665156264054
2025-03-17 01:30:00,28.22957487954666
2025-03-17 01:45:00,26.91762535459879
2025-03-17 02:00:00,23.273322761479836
2025-03-17 02:15:00,25.10751904496361
2025-03-17 02:30:00,24.259880921119134
2025-03-17 02:45:00,22.193753588220098
2025-03-17 03:00:00,25.466410038063223
2025-03-17 03:15:00,23.999242694450402
2025-03-17 03:30:00,22.686874076648348
2025-03-17 03:45:00,21.42692707972222
2025-03-17 04:00:00,21.31719166857345
2025-03-17 04:15:00,24.4748075970072
2025-03-17 04:30:00,25.48443209049991
2025-03-17 04:45:00,23.977139113303362
2025-03-17 05:00:00,28.506613557082886
2025-03-17 05:15:00,27.758212617898455
2025-03-17 05:30:00,30.81682035979857
2025-03-17 05:45:00,30.84761748082896
2025-03-17 06:00:00,31.77826704450909
2025-03-17 06:15:00,36.961103999013325
2025-03-17 06:30:00,36.842503794231924
2025-03-17 06:45:00,44.88965090580409
2025-03-17 07:00:00,44.71046260800558
2025-03-17 07:15:00,52.535013608603364
2025-03-17 07:30:00,51.947513132175914
2025-03-17 07:45:00,57.10528505578533
2025-03-17 08:00:00,52.2162456309994
2025-03-17 08:15:00,52.75591615305805
2025-03-17 08:30:00,53.74876823893646
2025-03-17 08:45:00,53.169842908714976
2025-03-17 09:00:00,51.225415980852524
2025-03-17 09:15:00,43.6514199832125
2025-03-17 09:30:00,44.60189995864692
2025-03-17 09:45:00,35.96139938441151
2025-03-17 10:00:00,36.50415587511507
2025-03-17 10:15:00,28.96208618314376
2025-03-17 10:30:00,30.43931271042416
2025-03-17 10:45:00,22.083798306074478
2025-03-17 11:00:00,24.09385978950852
2025-03-17 11:15:00,27.352996612762247
2025-03-17 11:30:00,22.44118100943449
2025-03-17 11:45:00,26.502521737238467
2025-03-17 12:00:00,27.535666308241126
2025-03-17 12:15:00,23.932860458814407
2025-03-17 12:30:00,22.738402141823492
2025-03-17 12:45:00,23.99662717694725
2025-03-17 13:00:00,22.835431160590097
2025-03-17 13:15:00,25.121188655893523
2025-03-17 13:30:00,25.8293262688301
2025-03-17 13:45:00,25.11299969454547
2025-03-17 14:00:00,30.509282961732193
2025-03-17 14:15:00,25.157128660351752
2025-03-17 14:30:00,31.304811358697286
2025-03-17 14:45:00,26.385708251736943
2025-03-17 15:00:00,30.675446785786306
2025-03-17 15:15:00,35.33710955818328
2025-03-17 15:30:00,37.49377907888154
2025-03-17 15:45:00,36.29095567554142
2025-03-17 16:00:00,41.74876012645663
2025-03-17 16:15:00,44.6882305195095
2025-03-17 16:30:00,45.684023699305364
2025-03-17 16:45:00,51.93036503077911
2025-03-17 17:00:00,58.170779821872834
2025-03-17 17:15:00,57.38756045931143
2025-03-17 17:30:00,59.70313196667537
2025-03-17 17:45:00,61.28122029701222
2025-03-17 18:00:00,56.39814304001129
2025-03-17 18:15:00,60.75278358417951
2025-03-17 18:30:00,55.74812018119549
2025-03-17 18:45:00,54.73775859378403
2025-03-17 19:00:00,58.92496004293063
2025-03-17 19:15:00,49.76428141041557
2025-03-17 19:30:00,45.19177067679951
2025-03-17 19:45:00,46.526462582621846
2025-03-17 20:00:00,38.003005637288
2025-03-17 20:15:00,36.235553739403116
2025-03-17 20:30:00,37.8019062492602
2025-03-17 20:45:00,32.501541795078175
2025-03-17 21:00:00,26.606170732775205
2025-03-17 21:15:00,30.366814589416382
2025-03-17 21:30:00,26.85444525768623
2025-03-17 21:45:00,30.825928439986257
2025-03-17 22:00:00,24.829693926560466
2025-03-17 22:15:00,28.52859365054588
2025-03-17 22:30:00,30.03570304677965
2025-03-17 22:45:00,23.267194626244837
2025-03-17 23:00:00,24.78134187195782
2025-03-17 23:15:00,26.15446018319733
2025-03-17 23:30:00,22.990065618024275
2025-03-17 23:45:00,25.78008462757913
2025-03-18 00:00:00,24.504952514687822
2025-03-18 00:15:00,24.455279016987543
2025-03-18 00:30:00,25.19098905126779
2025-03-18 00:45:00,25.24750121898307
2025-03-18 01:00:00,25.479741287550624
2025-03-18 01:15:00,23.573683349272844
2025-03-18 01:30:00,23.683556135377316
2025-03-18 01:45:00,24.77582008682945
2025-03-18 02:00:00,24.961363610000625
2025-03-18 02:15:00,23.977490658148444
2025-03-18 02:30:00,25.886692142405927
2025-03-18 02:45:00,20.544050364405695
2025-03-18 03:00:00,23.2627903328468
2025-03-18 03:15:00,24.404829173150464
2025-03-18 03:30:00,22.994602158420264
2025-03-18 03:45:00,29.264427885708066
2025-03-18 04:00:00,25.340529419509217
2025-03-18 04:15:00,25.91197149541777
2025-03-18 04:30:00,24.555767130257763
2025-03-18 04:45:00,26.19261822138597
2025-03-18 05:00:00,23.9083057107922
2025-03-18 05:15:00,27.56421076572739
2025-03-18 05:30:00,27.098760395421774
2025-03-18 05:45:00,30.678059878017038
2025-03-18 06:00:00,27.41294410037982
2025-03-18 06:15:00,33.9224764336672
2025-03-18 06:30:00,43.72568046917278
2025-03-18 06:45:00,45.683723360590534
2025-03-18 07:00:00,50.41760834768571
2025-03-18 07:15:00,53.77540985005626
2025-03-18 07:30:00,54.54279544180111
2025-03-18 07:45:00,53.383453935171914
2025-03-18 08:00:00,52.49635062041535
2025-03-18 08:15:00,57.38387630211356
2025-03-18 08:30:00,53.02452519139272
2025-03-18 08:45:00,56.545331599712064
2025-03-18 09:00:00,46.212823153647555
2025-03-18 09:15:00,48.546918594570734
2025-03-18 09:30:00,39.68223078854986
2025-03-18 09:45:00,40.09235663573106
2025-03-18 10:00:00,38.065640545897985
2025-03-18 10:15:00,28.826838238699455
2025-03-18 10:30:00,28.242990631148068
2025-03-18 10:45:00,25.422257227578477
2025-03-18 11:00:00,23.88965048160498
2025-03-18 11:15:00,27.920646127481923
2025-03-18 11:30:00,25.29738159792246
2025-03-18 11:45:00,25.63273790185006
2025-03-18 12:00:00,26.72679322725263
2025-03-18 12:15:00,20.609368239932028
2025-03-18 12:30:00,28.444373924510842
2025-03-18 12:45:00,24.376032691843516
2025-03-18 13:00:00,26.647639607754417
2025-03-18 13:15:00,26.992679032613896
2025-03-18 13:30:00,29.067765492128714
2025-03-18 13:45:00,25.68255591643912
2025-03-18 14:00:00,21.080965597267024
2025-03-18 14:15:00,27.165131626812308
2025-03-18 14:30:00,28.39466993957222
2025-03-18 14:45:00,26.469828578276154
2025-03-18 15:00:00,30.928903880623995
2025-03-18 15:15:00,31.543474333606586
2025-03-18 15:30:00,31.375175708651184
2025-03-18 15:45:00,39.086987040924434
2025-03-18 16:00:00,39.01844733264299
2025-03-18 16:15:00,42.68600915711548
2025-03-18 16:30:00,45.94409891117871
2025-03-18 16:45:00,53.54586106517851
2025-03-18 17:00:00,53.47893337091764
2025-03-18 17:15:00,56.472732731628625
2025-03-18 17:30:00,57.25232501664192
2025-03-18 17:45:00,60.82467429075692
2025-03-18 18:00:00,63.490554063135036
2025-03-18 18:15:00,61.28854832848927
2025-03-18 18:30:00,60.07386090523817
2025-03-18 18:45:00,57.79472584384861
2025-03-18 19:00:00,50.136173365290674
2025-03-18 19:15:00,48.27381273892396
2025-03-18 19:30:00,46.59641183714647
2025-03-18 19:45:00,41.89702041274451
2025-03-18 20:00:00,37.777529966113164
2025-03-18 20:15:00,32.74033663131009
2025-03-18 20:30:00,31.37962718006864
2025-03-18 20:45:00,31.819983372060985
2025-03-18 21:00:00,30.40327181215353
2025-03-18 21:15:00,27.09088049689261
2025-03-18 21:30:00,28.109597378119783
2025-03-18 21:45:00,25.958390004998922
2025-03-18 22:00:00,29.138269647689633
2025-03-18 22:15:00,25.563138689778185
2025-03-18 22:30:00,27.40395955297887
2025-03-18 22:45:00,25.96926147511971
2025-03-18 23:00:00,21.825871209352382
2025-03-18 23:15:00,25.022925942102482
2025-03-18 23:30:00,22.111044134697217
2025-03-18 23:45:00,24.900719548876463
2025-03-19 00:00:00,23.27110057398529
2025-03-19 00:15:00,26.089529913292193
2025-03-19 00:30:00,21.779431609441218
2025-03-19 00:45:00,25.172768376844466
2025-03-19 01:00:00,26.567752704877723
2025-03-19 01:15:00,27.406412519796508
2025-03-19 01:30:00,23.227740435150352
2025-03-19 01:45:00,25.18334087301868
2025-03-19 02:00:00,25.600299528978258
2025-03-19 02:15:00,29.00910409048112
2025-03-19 02:30:00,21.44019226892475
2025-03-19 02:45:00,22.86987275702528
2025-03-19 03:00:00,32.166786595568595
2025-03-19 03:15:00,24.488579912376878
2025-03-19 03:30:00,20.474079984847805
2025-03-19 03:45:00,23.801731873924638
2025-03-19 04:00:00,18.437866132645148
2025-03-19 04:15:00,26.13902346460261
2025-03-19 04:30:00,27.854980184476176
2025-03-19 04:45:00,24.0195839655057
2025-03-19 05:00:00,25.83630394952948
2025-03-19 05:15:00,30.36456312799657
2025-03-19 05:30:00,25.1324171884052
2025-03-19 05:45:00,28.134315193017795
2025-03-19 06:00:00,33.309121945456184
2025-03-19 06:15:00,34.928321744718176
2025-03-19 06:30:00,39.397871597812184
2025-03-19 06:45:00,40.51502757291459
2025-03-19 07:00:00,47.722468106310615
2025-03-19 07:15:00,49.99969834653819
2025-03-19 07:30:00,54.29997750058171
2025-03-19 07:45:00,55.0832987834297
2025-03-19 08:00:00,55.67287755092868
2025-03-19 08:15:00,50.967920785773245
2025-03-19 08:30:00,54.161258518145644
2025-03-19 08:45:00,49.549782937855404
2025-03-19 09:00:00,46.7757467081596
2025-03-19 09:15:00,46.30201428220577
2025-03-19 09:30:00,38.342295757606216
2025-03-19 09:45:00,40.19687034734102
2025-03-19 10:00:00,37.501773834858795
2025-03-19 10:15:00,33.33284853617138
2025-03-19 10:30:00,27.0706081835659
2025-03-19 10:45:00,22.605646561366687
2025-03-19 11:00:00,29.72827337150961
2025-03-19 11:15:00,26.598116038106465
2025-03-19 11:30:00,23.99263323010057
2025-03-19 11:45:00,28.50240233687294
2025-03-19 12:00:00,23.24897257123412
2025-03-19 12:15:00,24.259121562251174
2025-03-19 12:30:00,26.6063592090199
2025-03-19 12:45:00,22.531435404765332
2025-03-19 13:00:00,25.109608451751317
2025-03-19 13:15:00,28.230414277935147
2025-03-19 13:30:00,26.23522533288115
2025-03-19 13:45:00,29.12993961156512
2025-03-19 14:00:00,29.29073952349856
2025-03-19 14:15:00,27.108332812841667
2025-03-19 14:30:00,22.117723736883963
2025-03-19 14:45:00,26.35772437169739
2025-03-19 15:00:00,32.535186909112085
2025-03-19 15:15:00,28.63706625331831
2025-03-19 15:30:00,33.982003493999294
2025-03-19 15:45:00,38.32115072123302
2025-03-19 16:00:00,44.168361332900474
2025-03-19 16:15:00,42.331082336431336
2025-03-19 16:30:00,45.558501140297814
2025-03-19 16:45:00,50.3927245388886
2025-03-19 17:00:00,54.525180583485586
2025-03-19 17:15:00,55.95604049538305
2025-03-19 17:30:00,61.04376065843165
2025-03-19 17:45:00,57.736322036157695
2025-03-19 18:00:00,60.48433565906518
2025-03-19 18:15:00,60.848602443999766
2025-03-19 18:30:00,57.4227858607456
2025-03-19 18:45:00,58.44509955414688
2025-03-19 19:00:00,54.02585071028368
2025-03-19 19:15:00,52.502898484661706
2025-03-19 19:30:00,47.660814974875585
2025-03-19 19:45:00,44.719366331304855
2025-03-19 20:00:00,38.92456751948898
2025-03-19 20:15:00,35.910521104117684
2025-03-19 20:30:00,37.87361579633515
2025-03-19 20:45:00,34.116747760327534
2025-03-19 21:00:00,28.08609919725395
2025-03-19 21:15:00,29.59234788246534
2025-03-19 21:30:00,22.044518596182364
2025-03-19 21:45:00,25.674798081630534
2025-03-19 22:00:00,28.881079254413994
2025-03-19 22:15:00,25.721013511671597
2025-03-19 22:30:00,26.02458840724887
2025-03-19 22:45:00,17.986948336691665
2025-03-19 23:00:00,24.417089145731353
2025-03-19 23:15:00,26.161926324622662
2025-03-19 23:30:00,26.430003455123988
2025-03-19 23:45:00,27.64358530636389
2025-03-20 00:00:00,24.67495762123766
2025-03-20 00:15:00,24.787157181629013
2025-03-20 00:30:00,21.87169826319128
2025-03-20 00:45:00,24.69138434932209
2025-03-20 01:00:00,22.049450476084456
2025-03-20 01:15:00,20.584422680619692
2025-03-20 01:30:00,22.491885788193684
2025-03-20 01:45:00,28.977350095619887
2025-03-20 02:00:00,24.530203476525347
2025-03-20 02:15:00,25.757656182791827
2025-03-20 02:30:00,23.92645117641417
2025-03-20 02:45:00,20.737925954682375
2025-03-20 03:00:00,27.56258755966188
2025-03-20 03:15:00,19.80750215623706
2025-03-20 03:30:00,23.88125720123606
2025-03-20 03:45:00,25.18824441377911
2025-03-20 04:00:00,26.002947678489907
2025-03-20 04:15:00,23.787222055749265
2025-03-20 04:30:00,21.30228895975241
2025-03-20 04:45:00,24.3626810586982
2025-03-20 05:00:00,25.207893169718307
2025-03-20 05:15:00,26.1893683852958
2025-03-20 05:30:00,31.999776709648597
2025-03-20 05:45:00,28.470910661778017
2025-03-20 06:00:00,34.698532469449894
2025-03-20 06:15:00,37.27157581503923
2025-03-20 06:30:00,42.60035091878454
2025-03-20 06:45:00,43.408248075697784
2025-03-20 07:00:00,49.23118619310995
2025-03-20 07:15:00,50.00890509786213
2025-03-20 07:30:00,54.07965696507035
2025-03-20 07:45:00,50.89162169772008
2025-03-20 08:00:00,48.627131562570064
2025-03-20 08:15:00,55.59423068962238
2025-03-20 08:30:00,54.07441183774075
2025-03-20 08:45:00,51.632379158855436
2025-03-20 09:00:00,45.94658557400617
2025-03-20 09:15:00,47.472333355363894
2025-03-20 09:30:00,39.05786449316512
2025-03-20 09:45:00,37.93778145898366
2025-03-20 10:00:00,35.44385053254547
2025-03-20 10:15:00,35.814412225742444
2025-03-20 10:30:00,28.796260544619084
2025-03-20 10:45:00,26.505071793470353
2025-03-20 11:00:00,23.35249700843066
2025-03-20 11:15:00,30.26724528504416
2025-03-20 11:30:00,26.975828558384794
2025-03-20 11:45:00,26.767823625828903
2025-03-20 12:00:00,33.261304760347656
2025-03-20 12:15:00,26.19879594440349
2025-03-20 12:30:00,22.10500416908655
2025-03-20 12:45:00,24.892357929929297
2025-03-20 13:00:00,23.01302908725657
2025-03-20 13:15:00,24.584574715304026
2025-03-20 13:30:00,24.767648850551023
2025-03-20 13:45:00,24.61048717544751
2025-03-20 14:00:00,23.040201748704288
2025-03-20 14:15:00,31.136915444577575
2025-03-20 14:30:00,28.77337167248263
2025-03-20 14:45:00,28.62514940659428
2025-03-20 15:00:00,32.58762058554944
2025-03-20 15:15:00,33.757037374764224
2025-03-20 15:30:00,35.554636180931006
2025-03-20 15:45:00,39.25411875253671
2025-03-20 16:00:00,40.89594583650255
2025-03-20 16:15:00,45.51085960365556
2025-03-20 16:30:00,49.11667554880929
2025-03-20 16:45:00,50.99731017631858
2025-03-20 17:00:00,53.16358630882926
2025-03-20 17:15:00,60.23432645111727
2025-03-20 17:30:00,57.29251032039275
2025-03-20 17:45:00,60.779140003406454
2025-03-20 18:00:00,61.28537873607445
2025-03-20 18:15:00,58.27835042133235
2025-03-20 18:30:00,56.47048630584072
2025-03-20 18:45:00,55.52786904418154
2025-03-20 19:00:00,52.48958660784799
2025-03-20 19:15:00,46.952132181293074
2025-03-20 19:30:00,45.613491382064524
2025-03-20 19:45:00,44.510586747782405
2025-03-20 20:00:00,43.737080255593085
2025-03-20 20:15:00,38.94010308863904
2025-03-20 20:30:00,28.380462734196826
2025-03-20 20:45:00,34.197905319529234
2025-03-20 21:00:00,29.314807031679873
2025-03-20 21:15:00,30.339563891156885
2025-03-20 21:30:00,28.010294965603574
2025-03-20 21:45:00,26.694603809271218
2025-03-20 22:00:00,26.289595126568088
2025-03-20 22:15:00,26.044491096384256
2025-03-20 22:30:00,29.157493546918616
2025-03-20 22:45:00,25.54542536888869
2025-03-20 23:00:00,28.178237907633946
2025-03-20 23:15:00,27.732684813277988
2025-03-20 23:30:00,27.001067019196487
2025-03-20 23:45:00,20.837823361313
2025-03-21 00:00:00,28.05885802468446
2025-03-21 00:15:00,24.12321786145963
2025-03-21 00:30:00,27.057984423012083
2025-03-21 00:45:00,22.838030497763267
2025-03-21 01:00:00,22.307377407430028
2025-03-21 01:15:00,30.211744205820445
2025-03-21 01:30:00,22.879050929984054
2025-03-21 01:45:00,28.13757880734854
2025-03-21 02:00:00,25.569331667509058
2025-03-21 02:15:00,24.224337012942197
2025-03-21 02:30:00,25.164793977193007
2025-03-21 02:45:00,22.028241645593052
2025-03-21 03:00:00,25.254593181923745
2025-03-21 03:15:00,22.597821104745346
2025-03-21 03:30:00,24.346303791039457
2025-03-21 03:45:00,27.704704909437417
2025-03-21 04:00:00,26.128874644918625
2025-03-21 04:15:00,21.964644203479352
2025-03-21 04:30:00,28.09258736828373
2025-03-21 04:45:00,26.414339268373155
2025-03-21 05:00:00,25.79099935135333
2025-03-21 05:15:00,30.055467266565042
2025-03-21 05:30:00,29.2232875252963
2025-03-21 05:45:00,28.657438640970806
2025-03-21 06:00:00,38.632282945587725
2025-03-21 06:15:00,36.899288998376186
2025-03-21 06:30:00,40.06242459750904
2025-03-21 06:45:00,42.79498920932285
2025-03-21 07:00:00,50.26994750736924
2025-03-21 07:15:00,49.19393355635149
2025-03-21 07:30:00,49.19790038518855
2025-03-21 07:45:00,53.01895464470745
2025-03-21 08:00:00,58.60643763804403
2025-03-21 08:15:00,56.79736834295975
2025-03-21 08:30:00,52.42558927460224
2025-03-21 08:45:00,53.94343556368612
2025-03-21 09:00:00,49.19544681655678
2025-03-21 09:15:00,43.14822869936066
2025-03-21 09:30:00,39.859458778364186
2025-03-21 09:45:00,37.77555262327553
2025-03-21 10:00:00,31.944216979484953
2025-03-21 10:15:00,31.595498873752256
2025-03-21 10:30:00,30.426792389236105
2025-03-21 10:45:00,23.987312846131097
2025-03-21 11:00:00,26.69123404665844
2025-03-21 11:15:00,25.69536168858297
2025-03-21 11:30:00,28.55914572427346
2025-03-21 11:45:00,21.090602760174775
2025-03-21 12:00:00,24.582453491387795
2025-03-21 12:15:00,24.24847185663549
2025-03-21 12:30:00,27.827659475249845
2025-03-21 12:45:00,25.339924827608723
2025-03-21 13:00:00,30.006896107118337
2025-03-21 13:15:00,27.296453540136138
2025-03-21 13:30:00,24.815239755572957
2025-03-21 13:45:00,26.743869278121743
2025-03-21 14:00:00,25.70491037227835
2025-03-21 14:15:00,29.370825970232097
2025-03-21 14:30:00,24.762431661768332
2025-03-21 14:45:00,27.196263935525753
2025-03-21 15:00:00,31.899425191756595
2025-03-21 15:15:00,35.71043469305901
2025-03-21 15:30:00,29.427162242337104
2025-03-21 15:45:00,41.04447599420491
2025-03-21 16:00:00,40.277445539645115
2025-03-21 16:15:00,39.19229293994289
2025-03-21 16:30:00,39.796249575500724
2025-03-21 16:45:00,46.833722557825084
2025-03-21 17:00:00,53.731984786565256
2025-03-21 17:15:00,56.3102612365695
2025-03-21 17:30:00,60.13693964020882
2025-03-21 17:45:00,58.4938124420449
2025-03-21 18:00:00,57.54718072672057
2025-03-21 18:15:00,58.83620346644841
2025-03-21 18:30:00,58.64074237000761
2025-03-21 18:45:00,57.05610546735358
2025-03-21 19:00:00,51.81389137621522
2025-03-21 19:15:00,52.91774971983785
2025-03-21 19:30:00,45.75541154266185
2025-03-21 19:45:00,41.737410263992956
2025-03-21 20:00:00,39.28291690516007
2025-03-21 20:15:00,40.30789957357069
2025-03-21 20:30:00,34.61398223137999
2025-03-21 20:45:00,30.925036658570704
2025-03-21 21:00:00,33.092130256149744
2025-03-21 21:15:00,34.63040943791856
2025-03-21 21:30:00,28.636514083011726
2025-03-21 21:45:00,30.327603410261087
2025-03-21 22:00:00,29.20205370651963
2025-03-21 22:15:00,24.653126871522087
2025-03-21 22:30:00,25.9297409514928
2025-03-21 22:45:00,22.454888645950653
2025-03-21 23:00:00,25.01871629238607
2025-03-21 23:15:00,23.88411860945875
2025-03-21 23:30:00,24.392912640907483
2025-03-21 23:45:00,23.496307216795564
2025-03-22 00:00:00,15.616208711782098
2025-03-22 00:15:00,17.66522707599146
2025-03-22 00:30:00,16.036610438341953
2025-03-22 00:45:00,11.675102754523177
2025-03-22 01:00:00,14.471431836991723
2025-03-22 01:15:00,12.538937820445327
2025-03-22 01:30:00,16.94830423130384
2025-03-22 01:45:00,17.597201599609964
2025-03-22 02:00:00,16.981124040092293
2025-03-22 02:15:00,14.372301000590266
2025-03-22 02:30:00,16.959485308886684
2025-03-22 02:45:00,15.169638817206168
2025-03-22 03:00:00,13.504074052639913
2025-03-22 03:15:00,18.213406029657172
2025-03-22 03:30:00,18.420595913903988
2025-03-22 03:45:00,18.779176265955474
2025-03-22 04:00:00,14.94244667404479
2025-03-22 04:15:00,19.509206365467687
2025-03-22 04:30:00,15.488745621763114
2025-03-22 04:45:00,18.61428898228356
2025-03-22 05:00:00,16.09647217727062
2025-03-22 05:15:00,17.38738364992487
2025-03-22 05:30:00,12.693597413009844
2025-03-22 05:45:00,19.053729611761646
2025-03-22 06:00:00,21.37919177286542
2025-03-22 06:15:00,21.73801726491839
2025-03-22 06:30:00,28.98178301642502
2025-03-22 06:45:00,23.63348566053625
2025-03-22 07:00:00,27.062764878304566
2025-03-22 07:15:00,27.962202149662648
2025-03-22 07:30:00,30.220074876342796
2025-03-22 07:45:00,35.11877683933282
2025-03-22 08:00:00,36.551254989574446
2025-03-22 08:15:00,30.789651753958303
2025-03-22 08:30:00,29.82477671743502
2025-03-22 08:45:00,27.33572960576459
2025-03-22 09:00:00,31.742988673925232
2025-03-22 09:15:00,29.3491097362607
2025-03-22 09:30:00,24.334698974389486
2025-03-22 09:45:00,19.2826317022797
2025-03-22 10:00:00,17.89595764870734
2025-03-22 10:15:00,20.247666245466537
2025-03-22 10:30:00,20.133949974042668
2025-03-22 10:45:00,12.79762640726898
2025-03-22 11:00:00,16.58791970538447
2025-03-22 11:15:00,21.045903756201255
2025-03-22 11:30:00,16.201488989211757
2025-03-22 11:45:00,20.311748032618535
2025-03-22 12:00:00,18.119485976973944
2025-03-22 12:15:00,13.740636152589449
2025-03-22 12:30:00,15.706012432190757
2025-03-22 12:45:00,16.127987657448116
2025-03-22 13:00:00,14.106084402830833
2025-03-22 13:15:00,14.13134912802093
2025-03-22 13:30:00,20.43318563713997
2025-03-22 13:45:00,14.390334056407035
2025-03-22 14:00:00,19.77508625527199
2025-03-22 14:15:00,16.335836746078144
2025-03-22 14:30:00,17.84208676400032
2025-03-22 14:45:00,19.950526533054877
2025-03-22 15:00:00,17.877414426498277
2025-03-22 15:15:00,21.83109817540384
2025-03-22 15:30:00,16.552897767759053
2025-03-22 15:45:00,24.24047084568884
2025-03-22 16:00:00,18.630906572963767
2025-03-22 16:15:00,26.036235945058753
2025-03-22 16:30:00,30.608496620765344
2025-03-22 16:45:00,31.875080156955164
2025-03-22 17:00:00,28.791860792685675
2025-03-22 17:15:00,30.59560620873203
2025-03-22 17:30:00,32.94181235662151
2025-03-22 17:45:00,35.851820157378064
2025-03-22 18:00:00,30.55412350133542
2025-03-22 18:15:00,35.35461061151701
2025-03-22 18:30:00,35.44484399123215
2025-03-22 18:45:00,32.816341395707894
2025-03-22 19:00:00,33.35674560862811
2025-03-22 19:15:00,30.885597535015933
2025-03-22 19:30:00,27.127087803511216
2025-03-22 19:45:00,21.772602696341202
2025-03-22 20:00:00,25.146876942054227
2025-03-22 20:15:00,20.771015261741248
2025-03-22 20:30:00,20.237005475015103
2025-03-22 20:45:00,21.62442599713227
2025-03-22 21:00:00,22.93380870206439
2025-03-22 21:15:00,18.46880993545673
2025-03-22 21:30:00,19.31075804640556
2025-03-22 21:45:00,13.836589507053805
2025-03-22 22:00:00,17.714783213188625
2025-03-22 22:15:00,16.706974034003196
2025-03-22 22:30:00,19.762881453233586
2025-03-22 22:45:00,15.22793094371903
2025-03-22 23:00:00,15.903697583001907
2025-03-22 23:15:00,19.110327745603588
2025-03-22 23:30:00,16.206312783823574
2025-03-22 23:45:00,13.648610841535103
2025-03-23 00:00:00,22.779708299105536
2025-03-23 00:15:00,13.704837835596553
2025-03-23 00:30:00,16.24026439417735
2025-03-23 00:45:00,17.26943052258489
2025-03-23 01:00:00,17.07245140542494
2025-03-23 01:15:00,15.929751325434175
2025-03-23 01:30:00,15.942927123642864
2025-03-23 01:45:00,15.81825290736382
2025-03-23 02:00:00,13.616593222587666
2025-03-23 02:15:00,21.783034403504764
2025-03-23 02:30:00,15.859047575384414
2025-03-23 02:45:00,17.90392632229531
2025-03-23 03:00:00,15.579679916420744
2025-03-23 03:15:00,15.538346433105351
2025-03-23 03:30:00,15.303591756529649
2025-03-23 03:45:00,12.598997476882799
2025-03-23 04:00:00,16.128439707433223
2025-03-23 04:15:00,15.60995583154563
2025-03-23 04:30:00,19.718186906654438
2025-03-23 04:45:00,14.0554597680852
2025-03-23 05:00:00,15.997560271409384
2025-03-23 05:15:00,15.767912276013307
2025-03-23 05:30:00,22.419542425121552
2025-03-23 05:45:00,17.701665919276476
2025-03-23 06:00:00,22.623890851327406
2025-03-23 06:15:00,25.255219375452153
2025-03-23 06:30:00,24.29267995128286
2025-03-23 06:45:00,23.164297755107487
2025-03-23 07:00:00,25.12800770776437
2025-03-23 07:15:00,32.44046822022669
2025-03-23 07:30:00,28.544706660441047
2025-03-23 07:45:00,33.58698509324005
2025-03-23 08:00:00,33.20872266191774
2025-03-23 08:15:00,33.55113887564244
2025-03-23 08:30:00,32.877931977466964
2025-03-23 08:45:00,27.96104864981384
2025-03-23 09:00:00,26.105129143699337
2025-03-23 09:15:00,28.400590937830163
2025-03-23 09:30:00,23.092966331559673
2025-03-23 09:45:00,15.964182846643247
2025-03-23 10:00:00,22.851176690666847
2025-03-23 10:15:00,17.297113782942347
2025-03-23 10:30:00,19.99511925629877
2025-03-23 10:45:00,21.51171742672349
2025-03-23 11:00:00,17.49977500849326
2025-03-23 11:15:00,19.556252995075837
2025-03-23 11:30:00,17.19643059073719
2025-03-23 11:45:00,20.622900509604058
2025-03-23 12:00:00,13.908277266301186
2025-03-23 12:15:00,16.49747208724583
2025-03-23 12:30:00,18.18726906178328
2025-03-23 12:45:00,16.040368244893976
2025-03-23 13:00:00,19.434585198305484
2025-03-23 13:15:00,15.542594719880546
2025-03-23 13:30:00,21.906366419525007
2025-03-23 13:45:00,22.20590374992924
2025-03-23 14:00:00,17.850850438427756
2025-03-23 14:15:00,18.875225276486443
2025-03-23 14:30:00,20.95203806137906
2025-03-23 14:45:00,15.644596373649241
2025-03-23 15:00:00,16.160485455924714
2025-03-23 15:15:00,23.61905905992081
2025-03-23 15:30:00,22.42061758242172
2025-03-23 15:45:00,22.641613643311988
2025-03-23 16:00:00,24.896714525204974
2025-03-23 16:15:00,20.704923464503935
2025-03-23 16:30:00,28.063157754935826
2025-03-23 16:45:00,28.50339942743538
2025-03-23 17:00:00,34.39974045773745
2025-03-23 17:15:00,36.07401852853505
2025-03-23 17:30:00,36.17186742636209
2025-03-23 17:45:00,36.4416015070898
2025-03-23 18:00:00,31.957263988253228
2025-03-23 18:15:00,36.93095163473981
2025-03-23 18:30:00,36.30643980414966
2025-03-23 18:45:00,36.7035903659164
2025-03-23 19:00:00,37.40564210318019
2025-03-23 19:15:00,26.161559838880617
2025-03-23 19:30:00,27.576705771572136
2025-03-23 19:45:00,24.82408388770503
2025-03-23 20:00:00,25.31128659269907
2025-03-23 20:15:00,23.253882703970504
2025-03-23 20:30:00,21.164331238077814
2025-03-23 20:45:00,23.062300739336706
2025-03-23 21:00:00,16.70361409913577
2025-03-23 21:15:00,16.02783095918945
2025-03-23 21:30:00,15.431707161154993
2025-03-23 21:45:00,16.61364327498028
2025-03-23 22:00:00,14.096173104530632
2025-03-23 22:15:00,16.80198453980714
2025-03-23 22:30:00,16.34276139870018
2025-03-23 22:45:00,14.679463732402436
2025-03-23 23:00:00,18.75888164465754
2025-03-23 23:15:00,16.381214640663973
2025-03-23 23:30:00,19.159690058498917
2025-03-23 23:45:00,15.99976405035141
2025-03-24 00:00:00,25.4068123145297
2025-03-24 00:15:00,24.061038235921966
2025-03-24 00:30:00,25.45107301981408
2025-03-24 00:45:00,27.24996399702206
2025-03-24 01:00:00,24.441750085840063
2025-03-24 01:15:00,26.76682542090675
2025-03-24 01:30:00,23.43966434529263
2025-03-24 01:45:00,27.36996177435234
2025-03-24 02:00:00,24.023539446465577
2025-03-24 02:15:00,27.603859992742898
2025-03-24 02:30:00,25.629330694930324
2025-03-24 02:45:00,29.28338537122663
2025-03-24 03:00:00,22.603832966138942
2025-03-24 03:15:00,21.814253107033217
2025-03-24 03:30:00,23.994393312713143
2025-03-24 03:45:00,22.12995178025534
2025-03-24 04:00:00,22.236583868281432
2025-03-24 04:15:00,27.423970502657983
2025-03-24 04:30:00,26.153443218295052
2025-03-24 04:45:00,25.43290938221301
2025-03-24 05:00:00,26.379079179940735
2025-03-24 05:15:00,26.89570549680451
2025-03-24 05:30:00,33.967250688114056
2025-03-24 05:45:00,29.932850872455134
2025-03-24 06:00:00,30.907447072583103
2025-03-24 06:15:00,39.13265730014711
2025-03-24 06:30:00,39.926521701172675
2025-03-24 06:45:00,49.10470951152168
2025-03-24 07:00:00,46.204542212567574
2025-03-24 07:15:00,52.82111342692622
2025-03-24 07:30:00,55.96586650954347
2025-03-24 07:45:00,53.61233236977002
2025-03-24 08:00:00,53.6322223679621
2025-03-24 08:15:00,56.77047741747186
2025-03-24 08:30:00,54.70038135186436
2025-03-24 08:45:00,47.18379560863527
2025-03-24 09:00:00,44.70452530456792
2025-03-24 09:15:00,37.6736502469048
2025-03-24 09:30:00,41.962723701891534
2025-03-24 09:45:00,36.49771346140023
2025-03-24 10:00:00,33.818581452033925
2025-03-24 10:15:00,27.55564911655189
2025-03-24 10:30:00,27.110276245807206
2025-03-24 10:45:00,27.209854312061175
2025-03-24 11:00:00,25.683744003536276
2025-03-24 11:15:00,26.94761549161891
2025-03-24 11:30:00,27.647669141779833
2025-03-24 11:45:00,31.575899818742997
2025-03-24 12:00:00,25.6861991163974
2025-03-24 12:15:00,28.441388283616963
2025-03-24 12:30:00,23.55257327382405
2025-03-24 12:45:00,21.4614486144102
2025-03-24 13:00:00,24.835928527039748
2025-03-24 13:15:00,21.84663894151221
2025-03-24 13:30:00,26.07750330979715
2025-03-24 13:45:00,24.393610376280325
2025-03-24 14:00:00,21.904427079643174
2025-03-24 14:15:00,31.762421759484134
2025-03-24 14:30:00,26.949044813060052
2025-03-24 14:45:00,25.361478770421236
2025-03-24 15:00:00,33.20565302246516
2025-03-24 15:15:00,31.02453081572938
2025-03-24 15:30:00,37.857521967739395
2025-03-24 15:45:00,35.97483526836138
2025-03-24 16:00:00,39.47556228588577
2025-03-24 16:15:00,44.96408276930605
2025-03-24 16:30:00,48.98364078281199
2025-03-24 16:45:00,52.77842021652493
2025-03-24 17:00:00,53.75691723018308
2025-03-24 17:15:00,57.996571285805814
2025-03-24 17:30:00,60.61803322157174
2025-03-24 17:45:00,60.568976383192066
2025-03-24 18:00:00,60.160659960502905
2025-03-24 18:15:00,56.455705215850465
2025-03-24 18:30:00,60.25467519550628
2025-03-24 18:45:00,56.784630878645906
2025-03-24 19:00:00,52.9527866443471
2025-03-24 19:15:00,54.058572028806246
2025-03-24 19:30:00,43.93934254051628
2025-03-24 19:45:00,48.221817609045075
2025-03-24 20:00:00,40.78323563307227
2025-03-24 20:15:00,38.61461773139906
2025-03-24 20:30:00,34.1583862282336
2025-03-24 20:45:00,28.69366128576445
2025-03-24 21:00:00,30.627859284691578
2025-03-24 21:15:00,30.310423506106314
2025-03-24 21:30:00,30.002894264073486
2025-03-24 21:45:00,26.94793741282789
2025-03-24 22:00:00,21.330532377899253
2025-03-24 22:15:00,22.513096040039
2025-03-24 22:30:00,31.193227710538096
2025-03-24 22:45:00,23.129933411607972
2025-03-24 23:00:00,29.298718754715825
2025-03-24 23:15:00,23.314400839556715
2025-03-24 23:30:00,25.144010910354538
2025-03-24 23:45:00,27.13408859507381
2025-03-25 00:00:00,23.483487802265117
2025-03-25 00:15:00,29.51520647063309
2025-03-25 00:30:00,25.72468464993303
2025-03-25 00:45:00,26.688187231050332
2025-03-25 01:00:00,24.86774253007721
2025-03-25 01:15:00,27.18427061572203
2025-03-25 01:30:00,29.485187981140854
2025-03-25 01:45:00,25.21079490009799
2025-03-25 02:00:00,29.8642603752277
2025-03-25 02:15:00,24.01234517233169
2025-03-25 02:30:00,27.453803820834658
2025-03-25 02:45:00,26.77046126196581
2025-03-25 03:00:00,22.884221483677756
2025-03-25 03:15:00,26.10589368551543
2025-03-25 03:30:00,25.620025655887208
2025-03-25 03:45:00,23.525173093258225
2025-03-25 04:00:00,26.655101573446654
2025-03-25 04:15:00,26.302491850388805
2025-03-25 04:30:00,26.049097217167873
2025-03-25 04:45:00,26.527342534936157
2025-03-25 05:00:00,27.18813440950448
2025-03-25 05:15:00,27.53622498811375
2025-03-25 05:30:00,30.257587389713116
2025-03-25 05:45:00,30.22850399426249
2025-03-25 06:00:00,40.92147993007556
2025-03-25 06:15:00,33.68587202637722
2025-03-25 06:30:00,39.0707449500653
2025-03-25 06:45:00,42.810094411643824
2025-03-25 07:00:00,52.68796422897347
2025-03-25 07:15:00,47.4724907361997
2025-03-25 07:30:00,54.39185331161969
2025-03-25 07:45:00,55.6033314965006
2025-03-25 08:00:00,56.39020443303028
2025-03-25 08:15:00,58.07459338028116
2025-03-25 08:30:00,56.36939934005646
2025-03-25 08:45:00,49.6496031777215
2025-03-25 09:00:00,48.07733240267391
2025-03-25 09:15:00,39.42114456250367
2025-03-25 09:30:00,40.78866347185857
2025-03-25 09:45:00,35.233982258269
2025-03-25 10:00:00,33.82467582318005
2025-03-25 10:15:00,27.637504082373997
2025-03-25 10:30:00,30.934387228937425
2025-03-25 10:45:00,24.230004238150286
2025-03-25 11:00:00,27.801943904494003
2025-03-25 11:15:00,23.653435703877673
2025-03-25 11:30:00,24.1315706209698
2025-03-25 11:45:00,28.855373035502126
2025-03-25 12:00:00,27.272710939867984
2025-03-25 12:15:00,28.59256385366017
2025-03-25 12:30:00,29.593497431135926
2025-03-25 12:45:00,23.783392017608396
2025-03-25 13:00:00,29.530786183526452
2025-03-25 13:15:00,22.243853479359775
2025-03-25 13:30:00,27.972745611845866
2025-03-25 13:45:00,25.178075784661274
2025-03-25 14:00:00,24.531029573540557
2025-03-25 14:15:00,29.02520794670401
2025-03-25 14:30:00,30.72200229235575
2025-03-25 14:45:00,31.810372378007308
2025-03-25 15:00:00,31.564047652043126
2025-03-25 15:15:00,33.24263435900991
2025-03-25 15:30:00,36.51594773137172
2025-03-25 15:45:00,38.6344056774587
2025-03-25 16:00:00,42.24787049411694
2025-03-25 16:15:00,44.678676531999436
2025-03-25 16:30:00,49.674226275926834
2025-03-25 16:45:00,46.85586574040657
2025-03-25 17:00:00,53.719760772899654
2025-03-25 17:15:00,53.2820876309146
2025-03-25 17:30:00,59.51239113188461
2025-03-25 17:45:00,64.2390533600184
2025-03-25 18:00:00,59.398767672405434
2025-03-25 18:15:00,60.45374704578054
2025-03-25 18:30:00,60.71463097446962
2025-03-25 18:45:00,51.576563684985935
2025-03-25 19:00:00,52.748224453472616
2025-03-25 19:15:00,51.84211965161843
2025-03-25 19:30:00,40.3331141922656
2025-03-25 19:45:00,41.73637997155464
2025-03-25 20:00:00,43.65773814672088
2025-03-25 20:15:00,40.39498891987784
2025-03-25 20:30:00,36.148466466593746
2025-03-25 20:45:00,35.13351205053993
2025-03-25 21:00:00,31.581319000518896
2025-03-25 21:15:00,30.928722891089333
2025-03-25 21:30:00,27.58987075957468
2025-03-25 21:45:00,27.799226499839595
2025-03-25 22:00:00,25.297630398479956
2025-03-25 22:15:00,29.59263214556056
2025-03-25 22:30:00,29.93375155849458
2025-03-25 22:45:00,29.37772975639016
2025-03-25 23:00:00,24.777497588532363
2025-03-25 23:15:00,23.3318569682972
2025-03-25 23:30:00,28.85925922015883
2025-03-25 23:45:00,26.997510336161795
2025-03-26 00:00:00,26.42210915613562
2025-03-26 00:15:00,24.017262802481806
2025-03-26 00:30:00,26.666197669963132
2025-03-26 00:45:00,22.889539349755534
2025-03-26 01:00:00,27.188590323931816
2025-03-26 01:15:00,29.051361030804046
2025-03-26 01:30:00,29.68249437489529
2025-03-26 01:45:00,27.37699426303978
2025-03-26 02:00:00,22.15159890791102
2025-03-26 02:15:00,26.101334404253752
2025-03-26 02:30:00,30.959442466208877
2025-03-26 02:45:00,23.44282082886169
2025-03-26 03:00:00,25.47439711671735
2025-03-26 03:15:00,29.171854687033758
2025-03-26 03:30:00,27.211120000054454
2025-03-26 03:45:00,31.925218728772315
2025-03-26 04:00:00,23.99459641349908
2025-03-26 04:15:00,23.52905290437467
2025-03-26 04:30:00,29.357552558633063
2025-03-26 04:45:00,23.775764020513243
2025-03-26 05:00:00,26.987914468378904
2025-03-26 05:15:00,28.358032062689844
2025-03-26 05:30:00,32.56465021924968
2025-03-26 05:45:00,33.44063382884427
2025-03-26 06:00:00,35.48879287045194
2025-03-26 06:15:00,36.26980232889555
2025-03-26 06:30:00,43.63676957446551
2025-03-26 06:45:00,54.20568416351356
2025-03-26 07:00:00,49.38161032407863
2025-03-26 07:15:00,51.08868226361976
2025-03-26 07:30:00,50.14906452278322
2025-03-26 07:45:00,53.45531709420058
2025-03-26 08:00:00,55.088597470084856
2025-03-26 08:15:00,53.713909256695196
2025-03-26 08:30:00,53.35630573798084
2025-03-26 08:45:00,55.288709819649235
2025-03-26 09:00:00,50.77688045597123
2025-03-26 09:15:00,43.750992235322606
2025-03-26 09:30:00,37.5869054724983
2025-03-26 09:45:00,40.629049318714046
2025-03-26 10:00:00,34.23467058803715
2025-03-26 10:15:00,27.601357064019062
2025-03-26 10:30:00,31.769956191981542
2025-03-26 10:45:00,31.10231707128218
2025-03-26 11:00:00,21.43313575878758
2025-03-26 11:15:00,24.724987464711003
2025-03-26 11:30:00,26.04621256414944
2025-03-26 11:45:00,27.871494441019976
2025-03-26 12:00:00,24.580223997132716
2025-03-26 12:15:00,23.705875638158187
2025-03-26 12:30:00,27.57877710769262
2025-03-26 12:45:00,24.611357235781625
2025-03-26 13:00:00,27.20516803740523
2025-03-26 13:15:00,23.195502865979766
2025-03-26 13:30:00,22.793336611001827
2025-03-26 13:45:00,28.36626734869641
2025-03-26 14:00:00,27.5547540895411
2025-03-26 14:15:00,29.861846995142635
2025-03-26 14:30:00,27.094815360738327
2025-03-26 14:45:00,27.601112538800795
2025-03-26 15:00:00,34.49536953226764
2025-03-26 15:15:00,29.17201857930985
2025-03-26 15:30:00,38.39410742368273
2025-03-26 15:45:00,41.24293164098089
2025-03-26 16:00:00,43.11137906442639
2025-03-26 16:15:00,42.51583347030575
2025-03-26 16:30:00,45.59263150645674
2025-03-26 16:45:00,50.46542020789635
2025-03-26 17:00:00,50.87701965214633
2025-03-26 17:15:00,54.40414325225379
2025-03-26 17:30:00,60.49914620025424
2025-03-26 17:45:00,61.824275089553765
2025-03-26 18:00:00,58.02671694454468
2025-03-26 18:15:00,61.8925961918969
2025-03-26 18:30:00,60.02584683512425
2025-03-26 18:45:00,60.587261034454215
2025-03-26 19:00:00,55.5430161471111
2025-03-26 19:15:00,53.643957521381466
2025-03-26 19:30:00,48.834969367343525
2025-03-26 19:45:00,46.69489836209426
2025-03-26 20:00:00,37.75447470545743
2025-03-26 20:15:00,37.649809909582956
2025-03-26 20:30:00,35.181888361208884
2025-03-26 20:45:00,32.385317466953
2025-03-26 21:00:00,32.219949373866264
2025-03-26 21:15:00,31.19285914233214
2025-03-26 21:30:00,29.426322107963298
2025-03-26 21:45:00,27.134009473090227
2025-03-26 22:00:00,25.105905548515913
2025-03-26 22:15:00,29.243563354104577
2025-03-26 22:30:00,27.070859459882875
2025-03-26 22:45:00,23.44808749225817
2025-03-26 23:00:00,25.380225022212173
2025-03-26 23:15:00,21.424717256050727
2025-03-26 23:30:00,25.821925987761244
2025-03-26 23:45:00,25.208466856795987
2025-03-27 00:00:00,24.231155310047384
2025-03-27 00:15:00,29.62951787296271
2025-03-27 00:30:00,22.778327223125153
2025-03-27 00:45:00,27.43539126172542
2025-03-27 01:00:00,31.136879219673133
2025-03-27 01:15:00,28.363988424689452
2025-03-27 01:30:00,25.592707943490208
2025-03-27 01:45:00,22.837186912816136
2025-03-27 02:00:00,22.2681717241119
2025-03-27 02:15:00,24.645804223104104
2025-03-27 02:30:00,23.959410654889037
2025-03-27 02:45:00,23.882156916181284
2025-03-27 03:00:00,24.873241793924
2025-03-27 03:15:00,25.449100458926313
2025-03-27 03:30:00,26.947989447592946
2025-03-27 03:45:00,22.69701175251269
2025-03-27 04:00:00,24.187834764847143
2025-03-27 04:15:00,25.670936545279734
2025-03-27 04:30:00,25.87520036909617
2025-03-27 04:45:00,31.423194243334855
2025-03-27 05:00:00,28.127125305841602
2025-03-27 05:15:00,24.55484827854944
2025-03-27 05:30:00,31.086804323361
2025-03-27 05:45:00,33.33579759925032
2025-03-27 06:00:00,34.09998489800715
2025-03-27 06:15:00,34.30906222123593
2025-03-27 06:30:00,45.061070648653526
2025-03-27 06:45:00,41.53308865635147
2025-03-27 07:00:00,49.37200997642039
2025-03-27 07:15:00,51.406302451021716
2025-03-27 07:30:00,54.96242270644727
2025-03-27 07:45:00,59.382839911521
2025-03-27 08:00:00,57.093644618914915
2025-03-27 08:15:00,53.720423673363406
2025-03-27 08:30:00,56.22815539572707
2025-03-27 08:45:00,49.33259538612993
2025-03-27 09:00:00,48.13453257464553
2025-03-27 09:15:00,40.98203939006299
2025-03-27 09:30:00,38.091076649430285
2025-03-27 09:45:00,37.4807712711577
2025-03-27 10:00:00,35.344197426751954
2025-03-27 10:15:00,27.72830595490659
2025-03-27 10:30:00,31.298773699359828
2025-03-27 10:45:00,26.55620230281199
2025-03-27 11:00:00,30.763801193911384
2025-03-27 11:15:00,25.973137381591208
2025-03-27 11:30:00,23.579966302152975
2025-03-27 11:45:00,26.291402941255775
2025-03-27 12:00:00,23.645677339605545
2025-03-27 12:15:00,29.025267630285054
2025-03-27 12:30:00,25.828853885933878
2025-03-27 12:45:00,25.46964599494302
2025-03-27 13:00:00,27.396208341970222
2025-03-27 13:15:00,23.528597789024722
2025-03-27 13:30:00,23.017959404380754
2025-03-27 13:45:00,27.565647786983725
2025-03-27 14:00:00,24.240951927335256
2025-03-27 14:15:00,24.87235666128769
2025-03-27 14:30:00,30.584862324703362
2025-03-27 14:45:00,30.96821045356922
2025-03-27 15:00:00,28.025672840892298
2025-03-27 15:15:00,31.4982497655519
2025-03-27 15:30:00,33.07280114447459
2025-03-27 15:45:00,42.4491425009856
2025-03-27 16:00:00,43.29285573129693
2025-03-27 16:15:00,43.24991453142789
2025-03-27 16:30:00,49.141102205238084
2025-03-27 16:45:00,47.666768559173995
2025-03-27 17:00:00,52.49967784986031
2025-03-27 17:15:00,57.13721079760172
2025-03-27 17:30:00,60.08456172795561
2025-03-27 17:45:00,60.023928873818974
2025-03-27 18:00:00,61.337362171276844
2025-03-27 18:15:00,60.46480688713875
2025-03-27 18:30:00,58.54781944932816
2025-03-27 18:45:00,56.13885580114344
2025-03-27 19:00:00,53.121187244357046
2025-03-27 19:15:00,51.6440230422262
2025-03-27 19:30:00,48.73598874662585
2025-03-27 19:45:00,44.80764788975758
2025-03-27 20:00:00,38.09244935548344
2025-03-27 20:15:00,35.52352580811148
2025-03-27 20:30:00,36.34322418025709
2025-03-27 20:45:00,36.74054996957761
2025-03-27 21:00:00,31.557945835580554
2025-03-27 21:15:00,28.64441335850949
2025-03-27 21:30:00,29.073204937501583
2025-03-27 21:45:00,24.800990003469217
2025-03-27 22:00:00,30.2842630230791
2025-03-27 22:15:00,27.033757913593274
2025-03-27 22:30:00,24.589558768931134
2025-03-27 22:45:00,25.644307856633716
2025-03-27 23:00:00,24.613527679786404
2025-03-27 23:15:00,29.12881577597043
2025-03-27 23:30:00,25.294573611884204
2025-03-27 23:45:00,26.159505462190673
2025-03-28 00:00:00,27.16831321117317
2025-03-28 00:15:00,23.88277527265174
2025-03-28 00:30:00,26.21966057092754
2025-03-28 00:45:00,26.422172189614322
2025-03-28 01:00:00,21.85158614840111
2025-03-28 01:15:00,26.36923427095097
2025-03-28 01:30:00,25.62382411998599
2025-03-28 01:45:00,26.06394862527366
2025-03-28 02:00:00,25.829075832908668
2025-03-28 02:15:00,26.38928252648233
2025-03-28 02:30:00,29.086944937473415
2025-03-28 02:45:00,22.798930041973055
2025-03-28 03:00:00,24.90031897746027
2025-03-28 03:15:00,27.437939147156833
2025-03-28 03:30:00,27.003948631408697
2025-03-28 03:45:00,27.00669056813319
2025-03-28 04:00:00,32.84406167797232
2025-03-28 04:15:00,27.672129946236918
2025-03-28 04:30:00,29.257932226901115
2025-03-28 04:45:00,26.131129211279237
2025-03-28 05:00:00,25.13090227289797
2025-03-28 05:15:00,27.869703618973126
2025-03-28 05:30:00,31.88792573136181
2025-03-28 05:45:00,33.05538231307252
2025-03-28 06:00:00,35.48760777872541
2025-03-28 06:15:00,36.87336732387533
2025-03-28 06:30:00,39.79810174694664
2025-03-28 06:45:00,43.824829713180634
2025-03-28 07:00:00,49.5979424694028
2025-03-28 07:15:00,53.074669082397136
2025-03-28 07:30:00,51.011466593303986
2025-03-28 07:45:00,57.08822588329051
2025-03-28 08:00:00,54.12941874528097
2025-03-28 08:15:00,56.356062754184094
2025-03-28 08:30:00,53.04993473536017
2025-03-28 08:45:00,54.8914897679469
2025-03-28 09:00:00,46.74712535731371
2025-03-28 09:15:00,44.72795239594863
2025-03-28 09:30:00,42.25743699527995
2025-03-28 09:45:00,35.23408185336924
2025-03-28 10:00:00,34.30851240034163
2025-03-28 10:15:00,31.38449468368553
2025-03-28 10:30:00,28.837695954452446
2025-03-28 10:45:00,27.572141624208843
2025-03-28 11:00:00,30.411292033684667
2025-03-28 11:15:00,25.42334600036086
2025-03-28 11:30:00,27.871716066316168
2025-03-28 11:45:00,26.95505343504472
2025-03-28 12:00:00,22.51048893647363
2025-03-28 12:15:00,27.217502756377556
2025-03-28 12:30:00,22.360419726316106
2025-03-28 12:45:00,27.48574150669835
2025-03-28 13:00:00,24.715401070424793
2025-03-28 13:15:00,26.1285589037758
2025-03-28 13:30:00,23.071818052245405
2025-03-28 13:45:00,26.917399031000883
2025-03-28 14:00:00,29.374179125893043
2025-03-28 14:15:00,25.671642859213996
2025-03-28 14:30:00,27.041728914900332
2025-03-28 14:45:00,30.858777121137308
2025-03-28 15:00:00,32.42596688975114
2025-03-28 15:15:00,27.027316010493188
2025-03-28 15:30:00,40.43732032740653
2025-03-28 15:45:00,39.39640234836419
2025-03-28 16:00:00,42.83680070211203
2025-03-28 16:15:00,44.00984991339526
2025-03-28 16:30:00,43.128906094107954
2025-03-28 16:45:00,52.81071356073588
2025-03-28 17:00:00,52.83499754086604
2025-03-28 17:15:00,58.30155625181456
2025-03-28 17:30:00,58.47365656304323
2025-03-28 17:45:00,60.92934951900275
2025-03-28 18:00:00,58.84651182457739
2025-03-28 18:15:00,62.49661247756247
2025-03-28 18:30:00,56.052489739348985
2025-03-28 18:45:00,62.55981772857786
2025-03-28 19:00:00,59.84839539712826
2025-03-28 19:15:00,55.21260261793023
2025-03-28 19:30:00,50.964321621672696
2025-03-28 19:45:00,44.16705345948561
2025-03-28 20:00:00,44.02198312846332
2025-03-28 20:15:00,37.847078573888346
2025-03-28 20:30:00,31.52890019338287
2025-03-28 20:45:00,36.88604463658635
2025-03-28 21:00:00,34.065642722599144
2025-03-28 21:15:00,29.6619110041726
2025-03-28 21:30:00,25.516067539175978
2025-03-28 21:45:00,26.244216251914565
2025-03-28 22:00:00,22.52571555312838
2025-03-28 22:15:00,28.996649067477364
2025-03-28 22:30:00,22.321603768406266
2025-03-28 22:45:00,26.84504808084181
2025-03-28 23:00:00,23.88855927410544
2025-03-28 23:15:00,22.349556605038867
2025-03-28 23:30:00,26.462735952307497
2025-03-28 23:45:00,25.003267017230826
2025-03-29 00:00:00,18.896144181098933
2025-03-29 00:15:00,13.632352873771904
2025-03-29 00:30:00,14.908774286021885
2025-03-29 00:45:00,10.833650912948915
2025-03-29 01:00:00,11.342587228682628
2025-03-29 01:15:00,21.299637912051736
2025-03-29 01:30:00,22.01386996186309
2025-03-29 01:45:00,17.037444387798875
2025-03-29 02:00:00,14.746902255955101
2025-03-29 02:15:00,16.061410355377966
2025-03-29 02:30:00,18.99300667753905
2025-03-29 02:45:00,15.525672592337738
2025-03-29 03:00:00,17.410443029884263
2025-03-29 03:15:00,16.79341178944622
2025-03-29 03:30:00,15.420215539651913
2025-03-29 03:45:00,15.558176383531531
2025-03-29 04:00:00,17.663341038604198
2025-03-29 04:15:00,14.585300928030886
2025-03-29 04:30:00,18.318745299406572
2025-03-29 04:45:00,16.26830896457882
2025-03-29 05:00:00,18.158892778572383
2025-03-29 05:15:00,21.873966159975193
2025-03-29 05:30:00,18.792782628679934
2025-03-29 05:45:00,22.574744183548418
2025-03-29 06:00:00,17.13810540145778
2025-03-29 06:15:00,22.053954459491
2025-03-29 06:30:00,25.127255084166848
2025-03-29 06:45:00,31.81469825713009
2025-03-29 07:00:00,24.038558448179153
2025-03-29 07:15:00,30.450579705159836
2025-03-29 07:30:00,35.73796013638663
2025-03-29 07:45:00,31.04441385407838
2025-03-29 08:00:00,32.790799162957356
2025-03-29 08:15:00,33.837701429159004
2025-03-29 08:30:00,32.560287643814476
2025-03-29 08:45:00,34.60969810114992
2025-03-29 09:00:00,30.06518041807455
2025-03-29 09:15:00,30.33275164301999
2025-03-29 09:30:00,24.166353266351173
2025-03-29 09:45:00,21.388286850185658
2025-03-29 10:00:00,21.06502676506338
2025-03-29 10:15:00,17.390055571350544
2025-03-29 10:30:00,20.43610510371616
2025-03-29 10:45:00,17.465013823198234
2025-03-29 11:00:00,16.178442917049985
2025-03-29 11:15:00,18.7135307416248
2025-03-29 11:30:00,14.352693246116246
2025-03-29 11:45:00,18.980629025545962
2025-03-29 12:00:00,15.767747868620832
2025-03-29 12:15:00,19.8157969501778
2025-03-29 12:30:00,15.922567405260981
2025-03-29 12:45:00,18.496218105469183
2025-03-29 13:00:00,17.402989942761362
2025-03-29 13:15:00,18.882494554599
2025-03-29 13:30:00,17.407852072477137
2025-03-29 13:45:00,13.141962760045804
2025-03-29 14:00:00,20.067700597620117
2025-03-29 14:15:00,17.674561321110417
2025-03-29 14:30:00,20.346695967359782
2025-03-29 14:45:00,20.738252364895082
2025-03-29 15:00:00,17.90729059149612
2025-03-29 15:15:00,18.591069563993763
2025-03-29 15:30:00,23.774080455517016
2025-03-29 15:45:00,22.849800486390464
2025-03-29 16:00:00,27.610025768323595
2025-03-29 16:15:00,26.624571089911836
2025-03-29 16:30:00,31.498134286354333
2025-03-29 16:45:00,31.844323787596476
2025-03-29 17:00:00,33.22454515964041
2025-03-29 17:15:00,33.051459887379636
2025-03-29 17:30:00,35.711282177846385
2025-03-29 17:45:00,38.83513297412901
2025-03-29 18:00:00,35.96513851505088
2025-03-29 18:15:00,37.182326345612545
2025-03-29 18:30:00,35.24889143262075
2025-03-29 18:45:00,34.3021651400134
2025-03-29 19:00:00,36.818690766105725
2025-03-29 19:15:00,33.7973329020638
2025-03-29 19:30:00,29.146453675262247
2025-03-29 19:45:00,27.61593200209451
2025-03-29 20:00:00,23.525388664514246
2025-03-29 20:15:00,23.187995494418306
2025-03-29 20:30:00,22.923077191305
2025-03-29 20:45:00,23.019870111411876
2025-03-29 21:00:00,21.730248171020307
2025-03-29 21:15:00,16.25753328956497
2025-03-29 21:30:00,20.83477346725196
2025-03-29 21:45:00,17.69257434675665
2025-03-29 22:00:00,15.10021655677169
2025-03-29 22:15:00,20.664421407040404
2025-03-29 22:30:00,20.814730678777515
2025-03-29 22:45:00,17.70516527490707
2025-03-29 23:00:00,18.74649631593542
2025-03-29 23:15:00,18.848635284897178
2025-03-29 23:30:00,20.39254833210532
2025-03-29 23:45:00,18.707606293597085
2025-03-30 00:00:00,13.548125107548309
2025-03-30 00:15:00,21.892559801630703
2025-03-30 00:30:00,19.532877507015762
2025-03-30 00:45:00,15.595620304603445
2025-03-30 01:00:00,14.296065637218126
2025-03-30 01:15:00,18.132864846724882
2025-03-30 01:30:00,16.175898639304183
2025-03-30 01:45:00,17.697291643345604
2025-03-30 02:00:00,18.731665657526253
2025-03-30 02:15:00,15.458102332720454
2025-03-30 02:30:00,14.085475573221512
2025-03-30 02:45:00,17.842865695182013
2025-03-30 03:00:00,15.549563107696823
2025-03-30 03:15:00,17.257215763589553
2025-03-30 03:30:00,13.55060550606261
2025-03-30 03:45:00,16.30987582093383
2025-03-30 04:00:00,18.784092970599634
2025-03-30 04:15:00,18.609026921725697
2025-03-30 04:30:00,15.285201391773825
2025-03-30 04:45:00,14.593269824015858
2025-03-30 05:00:00,17.9465581249405
2025-03-30 05:15:00,19.883316120711534
2025-03-30 05:30:00,20.292874975837908
2025-03-30 05:45:00,19.06150810577438
2025-03-30 06:00:00,22.42942303099307
2025-03-30 06:15:00,27.052425055391687
2025-03-30 06:30:00,25.637569633358446
2025-03-30 06:45:00,22.990176103176605
2025-03-30 07:00:00,29.5131138851897
2025-03-30 07:15:00,35.867671171532514
2025-03-30 07:30:00,28.9444353599162
2025-03-30 07:45:00,33.14795090542732
2025-03-30 08:00:00,32.82373199005041
2025-03-30 08:15:00,33.31473574831703
2025-03-30 08:30:00,32.65132102600118
2025-03-30 08:45:00,33.6118762612804
2025-03-30 09:00:00,29.222628492502714
2025-03-30 09:15:00,30.27314268087377
2025-03-30 09:30:00,24.83890939626896
2025-03-30 09:45:00,22.430932826984034
2025-03-30 10:00:00,20.02305167362517
2025-03-30 10:15:00,15.811770115578383
2025-03-30 10:30:00,19.983453776614734
2025-03-30 10:45:00,23.631384209875172
2025-03-30 11:00:00,19.07017824381754
2025-03-30 11:15:00,19.250427486585707
2025-03-30 11:30:00,16.246078762125045
2025-03-30 11:45:00,16.510214396331513
2025-03-30 12:00:00,19.491869444291602
2025-03-30 12:15:00,22.006464324276102
2025-03-30 12:30:00,20.690955573936158
2025-03-30 12:45:00,18.996229897003644
2025-03-30 13:00:00,17.10863484041458
2025-03-30 13:15:00,17.6137115395903
2025-03-30 13:30:00,15.315890927146647
2025-03-30 13:45:00,13.746711871256485
2025-03-30 14:00:00,14.79539523872415
2025-03-30 14:15:00,18.084943097169244
2025-03-30 14:30:00,17.709599504015273
2025-03-30 14:45:00,15.405706294532944
2025-03-30 15:00:00,19.813897730009348
2025-03-30 15:15:00,20.14865664937636
2025-03-30 15:30:00,19.27024494729352
2025-03-30 15:45:00,22.749149916975785
2025-03-30 16:00:00,24.53324445147571
2025-03-30 16:15:00,25.59515498086744
2025-03-30 16:30:00,31.322959638282676
2025-03-30 16:45:00,26.095483055449655
2025-03-30 17:00:00,27.606784582186815
2025-03-30 17:15:00,34.06137672896226
2025-03-30 17:30:00,35.43720549978258
2025-03-30 17:45:00,36.93021341040388
2025-03-30 18:00:00,34.81991777462066
2025-03-30 18:15:00,33.626255107281295
2025-03-30 18:30:00,35.181375293868335
2025-03-30 18:45:00,32.95338407838908
2025-03-30 19:00:00,36.454516769008436
2025-03-30 19:15:00,30.04911408326116
2025-03-30 19:30:00,28.88165564158947
2025-03-30 19:45:00,33.335016514858495
2025-03-30 20:00:00,24.859838740174165
2025-03-30 20:15:00,25.077490906687633
2025-03-30 20:30:00,23.832030689508557
2025-03-30 20:45:00,22.788514630393806
2025-03-30 21:00:00,20.647588475880355
2025-03-30 21:15:00,19.581957298961736
2025-03-30 21:30:00,18.709826748757386
2025-03-30 21:45:00,16.54119817322531
2025-03-30 22:00:00,18.448166336672916
2025-03-30 22:15:00,22.46174854063129
2025-03-30 22:30:00,20.24991234295074
2025-03-30 22:45:00,17.872267258226227
2025-03-30 23:00:00,19.180761190046525
2025-03-30 23:15:00,14.823746874818681
2025-03-30 23:30:00,16.318511948184607
2025-03-30 23:45:00,19.323733974087126
2025-03-31 00:00:00,29.651938204018062
2025-03-31 00:15:00,24.007549502652296
2025-03-31 00:30:00,24.726439282859396
2025-03-31 00:45:00,31.38954590165278
2025-03-31 01:00:00,26.177459476202735
2025-03-31 01:15:00,30.495921131585533
2025-03-31 01:30:00,26.455395726360962
2025-03-31 01:45:00,26.5545067516249
2025-03-31 02:00:00,25.17629748086015
2025-03-31 02:15:00,28.29776884871034
2025-03-31 02:30:00,29.338053899870662
2025-03-31 02:45:00,23.3602161476613
2025-03-31 03:00:00,25.07459658648787
2025-03-31 03:15:00,28.25911203651294
2025-03-31 03:30:00,25.67778551845574
2025-03-31 03:45:00,24.824736164272593
2025-03-31 04:00:00,28.683997174290127
2025-03-31 04:15:00,29.09544729855407
2025-03-31 04:30:00,25.506505660410852
2025-03-31 04:45:00,27.62974882920802
2025-03-31 05:00:00,24.79201936870823
2025-03-31 05:15:00,26.616818066688108
2025-03-31 05:30:00,30.618461534164396
2025-03-31 05:45:00,32.31685279577683
2025-03-31 06:00:00,32.262312273729265
2025-03-31 06:15:00,35.819316629881854
2025-03-31 06:30:00,38.27002051991782
2025-03-31 06:45:00,45.612145617024495
2025-03-31 07:00:00,43.06767900308766
2025-03-31 07:15:00,48.64393058889824
2025-03-31 07:30:00,49.06973999872889
2025-03-31 07:45:00,56.429944145184486
2025-03-31 08:00:00,51.44941109786243
2025-03-31 08:15:00,55.46310477174795
2025-03-31 08:30:00,57.82868228171259
2025-03-31 08:45:00,55.36062649885434
2025-03-31 09:00:00,43.47756615764717
2025-03-31 09:15:00,45.2274699486167
2025-03-31 09:30:00,38.468549011257885
2025-03-31 09:45:00,34.63616204022844
2025-03-31 10:00:00,34.40700330376144
2025-03-31 10:15:00,35.32170793840383
2025-03-31 10:30:00,31.821399999345918
2025-03-31 10:45:00,27.083619957537387
2025-03-31 11:00:00,29.593863682695332
2025-03-31 11:15:00,21.510475158385134
2025-03-31 11:30:00,24.773355014381693
2025-03-31 11:45:00,24.308860219041375
2025-03-31 12:00:00,26.39876410608654
2025-03-31 12:15:00,25.6125324019891
2025-03-31 12:30:00,25.74054816748827
2025-03-31 12:45:00,25.678736261847746
2025-03-31 13:00:00,26.239421431552273
2025-03-31 13:15:00,27.657991338857872
2025-03-31 13:30:00,26.880868642394848
2025-03-31 13:45:00,26.10058683130509
2025-03-31 14:00:00,28.261196931306092
2025-03-31 14:15:00,29.954388439230097
2025-03-31 14:30:00,27.369605054281426
2025-03-31 14:45:00,29.77374088636454
2025-03-31 15:00:00,34.3317106390779
2025-03-31 15:15:00,30.55588571417371
2025-03-31 15:30:00,40.110583059417095
2025-03-31 15:45:00,34.92715435347207
2025-03-31 16:00:00,40.43111566879543
2025-03-31 16:15:00,42.19324918868791
2025-03-31 16:30:00,53.43713050848965
2025-03-31 16:45:00,50.06555648632004
2025-03-31 17:00:00,53.19588787094957
2025-03-31 17:15:00,56.214878317334055
2025-03-31 17:30:00,59.459689409262566
2025-03-31 17:45:00,59.713169774778166
2025-03-31 18:00:00,60.65180891737214
2025-03-31 18:15:00,51.712638389133446
2025-03-31 18:30:00,59.36636007882537
2025-03-31 18:45:00,57.19043386977414
2025-03-31 19:00:00,57.04996895401935
2025-03-31 19:15:00,54.603529175790094
2025-03-31 19:30:00,47.50637715458458
2025-03-31 19:45:00,46.61902021008225
2025-03-31 20:00:00,38.551717563810925
2025-03-31 20:15:00,40.20589882714657
2025-03-31 20:30:00,34.181527701987335
2025-03-31 20:45:00,30.366320582012133
2025-03-31 21:00:00,30.9796330206104
2025-03-31 21:15:00,33.44146304213328
2025-03-31 21:30:00,29.231565175158615
2025-03-31 21:45:00,31.650961463385592
2025-03-31 22:00:00,25.406770881635286
2025-03-31 22:15:00,29.453597848130038
2025-03-31 22:30:00,24.899499243302
2025-03-31 22:45:00,26.891315735025767
2025-03-31 23:00:00,26.73952286603084
2025-03-31 23:15:00,27.770067703175634
2025-03-31 23:30:00,26.693722919717025
2025-03-31 23:45:00,24.189827286784002
